id_persona,id_establecimiento,id_educacion,fecha_inicio,fecha_termino,estado_participacion,horas_asistidas,promedio_calificacion,certificado_obtenido,fecha_registro
2695,2,1,2024-10-07,2025-10-02,En Curso,276,5.6,False,2026-09-03
2649,5,3,2023-10-01,2025-09-20,En Curso,402,5.6,False,2026-09-03
1066,6,4,2023-12-08,2024-12-02,Completado,470,4.5,True,2026-09-03
373,2,5,2023-03-08,2024-03-02,Completado,458,6.5,True,2026-09-03
2246,10,5,2022-08-12,2024-08-01,En Curso,316,6.4,False,2026-09-03
2660,6,5,2023-03-11,2023-09-07,En Curso,111,6.7,False,2026-09-03
4818,9,1,2021-08-13,2023-08-03,En Curso,640,5.4,False,2026-09-03
2736,3,2,2020-11-14,2021-11-09,En Curso,290,5.7,False,2026-09-03
2778,3,2,2024-07-20,2024-08-19,Abandonado,36,,False,2026-09-03
3582,4,1,2024-06-06,2024-12-03,Completado,236,5.0,True,2026-09-03
4632,6,4,2023-04-30,2024-04-24,Completado,464,5.5,True,2026-09-03
1089,1,5,2020-05-11,2021-05-06,Completado,463,5.3,True,2026-09-03
2079,1,4,2024-11-25,2026-05-19,Completado,700,4.2,True,2026-09-03
4407,2,5,2020-07-16,2021-07-11,En Curso,207,4.6,False,2026-09-03
1999,4,2,2024-09-30,2025-09-25,Completado,477,5.0,True,2026-09-03
2696,2,3,2020-02-20,2021-02-14,En Curso,323,4.8,False,2026-09-03
2774,7,3,2021-03-07,2021-09-03,Completado,237,4.2,True,2026-09-03
4492,4,3,2022-02-02,2024-01-23,En Curso,421,6.0,False,2026-09-03
2149,5,4,2021-10-23,2023-10-13,En Curso,626,6.7,False,2026-09-03
1987,9,3,2023-04-17,2023-10-14,En Curso,117,4.8,False,2026-09-03
4618,7,4,2021-04-26,2021-07-08,Abandonado,37,,False,2026-09-03
1153,5,3,2023-12-28,2024-06-25,Completado,228,6.2,True,2026-09-03
3772,9,5,2021-08-11,2021-09-30,Abandonado,125,,False,2026-09-03
926,5,4,2020-11-11,2022-05-05,Completado,705,6.6,True,2026-09-03
254,2,4,2020-02-14,2021-02-08,Completado,478,4.5,True,2026-09-03
2619,6,4,2023-01-19,2024-01-14,Completado,460,5.8,True,2026-09-03
3573,6,3,2022-04-18,2023-04-13,Completado,470,6.5,True,2026-09-03
1611,4,3,2021-08-16,2023-02-07,Completado,684,5.4,True,2026-09-03
2768,3,2,2021-12-09,2023-06-02,Completado,703,4.9,True,2026-09-03
2552,3,1,2023-03-14,2023-09-10,Completado,238,5.2,True,2026-09-03
1399,3,2,2024-11-23,2025-02-27,Abandonado,379,,False,2026-09-03
1405,3,5,2022-04-16,2023-04-11,Completado,467,5.9,True,2026-09-03
4165,4,3,2023-09-17,2024-09-11,Completado,475,6.7,True,2026-09-03
3007,7,2,2022-07-05,2023-01-01,Completado,238,6.4,True,2026-09-03
2349,9,2,2024-10-02,2026-09-22,Completado,941,6.4,True,2026-09-03
3791,7,5,2023-11-14,2025-11-03,Completado,917,5.9,True,2026-09-03
3669,4,3,2024-07-04,2025-06-29,Completado,474,4.2,True,2026-09-03
2840,2,5,2022-10-21,2023-10-16,Completado,460,5.0,True,2026-09-03
3661,10,1,2020-06-05,2021-03-18,Abandonado,200,,False,2026-09-03
3931,4,3,2024-02-07,2024-06-09,Abandonado,112,,False,2026-09-03
3442,10,1,2023-05-28,2024-05-22,En Curso,216,6.1,False,2026-09-03
3632,2,2,2024-02-29,2024-04-06,Abandonado,57,,False,2026-09-03
782,5,2,2022-11-30,2023-04-14,Abandonado,158,,False,2026-09-03
3438,4,2,2021-08-13,2023-08-03,En Curso,317,4.3,False,2026-09-03
3873,8,4,2021-06-14,2022-01-19,Abandonado,216,,False,2026-09-03
1823,7,3,2024-03-22,2024-09-18,Completado,229,6.7,True,2026-09-03
4080,10,1,2021-08-12,2022-08-07,Completado,461,4.5,True,2026-09-03
2568,7,4,2022-12-17,2023-06-15,Completado,239,5.8,True,2026-09-03
2569,1,4,2022-12-15,2023-06-13,Completado,234,5.0,True,2026-09-03
783,1,5,2021-09-29,2022-03-28,En Curso,147,6.9,False,2026-09-03
2725,2,1,2023-04-15,2025-04-04,Completado,923,6.6,True,2026-09-03
1519,8,5,2023-09-14,2024-09-08,Completado,456,4.9,True,2026-09-03
666,3,5,2020-01-22,2020-07-20,En Curso,105,6.3,False,2026-09-03
2027,8,4,2020-12-10,2021-06-08,En Curso,133,4.9,False,2026-09-03
1737,7,1,2024-11-05,2025-05-04,Completado,234,4.4,True,2026-09-03
3611,7,4,2020-10-12,2021-10-07,Completado,472,4.4,True,2026-09-03
4887,7,3,2022-11-19,2024-05-12,Completado,687,4.6,True,2026-09-03
198,4,4,2022-07-27,2022-08-27,Abandonado,302,,False,2026-09-03
16,6,4,2024-02-11,2025-02-05,Completado,457,6.7,True,2026-09-03
4183,9,3,2024-02-03,2025-01-28,Completado,460,5.5,True,2026-09-03
1267,5,4,2020-03-13,2020-09-14,Abandonado,70,,False,2026-09-03
4814,1,1,2021-09-20,2023-09-10,Completado,942,4.7,True,2026-09-03
311,2,5,2020-06-27,2022-06-17,Completado,942,4.9,True,2026-09-03
4613,1,2,2024-01-30,2025-07-23,Completado,702,6.2,True,2026-09-03
1161,9,4,2021-05-01,2022-04-26,En Curso,302,5.3,False,2026-09-03
1200,8,2,2024-11-08,2025-02-20,Abandonado,205,,False,2026-09-03
3776,3,4,2021-12-07,2022-12-02,En Curso,297,4.5,False,2026-09-03
4204,8,1,2023-09-02,2024-02-29,Completado,230,6.9,True,2026-09-03
937,5,3,2024-07-25,2025-07-20,Completado,471,7.0,True,2026-09-03
187,8,2,2022-06-28,2022-12-20,Abandonado,255,,False,2026-09-03
4900,6,4,2023-06-23,2024-06-17,Completado,467,4.2,True,2026-09-03
3374,9,4,2022-08-28,2023-08-23,Completado,464,4.0,True,2026-09-03
3987,9,5,2021-07-19,2022-07-14,Completado,457,5.2,True,2026-09-03
3811,8,5,2023-09-30,2024-03-28,Completado,233,5.0,True,2026-09-03
3523,10,5,2023-01-18,2023-07-17,Completado,236,5.5,True,2026-09-03
4185,7,2,2024-01-27,2025-07-20,Completado,710,6.4,True,2026-09-03
3297,1,4,2020-04-10,2021-10-02,En Curso,308,6.4,False,2026-09-03
1019,8,5,2022-04-01,2023-03-27,Completado,457,5.0,True,2026-09-03
3841,4,2,2021-08-01,2022-01-28,Completado,229,4.6,True,2026-09-03
3248,10,5,2022-11-10,2023-05-09,Completado,237,5.6,True,2026-09-03
4724,4,3,2023-10-31,2025-10-20,En Curso,669,5.6,False,2026-09-03
299,1,2,2021-03-29,2023-03-19,Completado,931,6.9,True,2026-09-03
785,3,3,2021-12-24,2022-09-21,Abandonado,201,,False,2026-09-03
2720,9,4,2021-01-30,2022-07-24,Completado,688,6.1,True,2026-09-03
2723,8,5,2020-01-27,2021-01-20,Abandonado,112,,False,2026-09-03
894,9,2,2021-05-22,2022-11-13,En Curso,412,6.2,False,2026-09-03
1676,10,3,2024-03-08,2026-02-26,Completado,933,4.1,True,2026-09-03
3538,9,2,2021-02-20,2021-07-12,Abandonado,131,,False,2026-09-03
1062,6,2,2022-12-30,2023-06-28,Completado,232,5.4,True,2026-09-03
29,6,2,2021-07-15,2023-01-06,Completado,708,6.6,True,2026-09-03
2927,10,3,2022-07-06,2023-07-01,En Curso,213,4.1,False,2026-09-03
3492,3,3,2021-01-21,2022-07-15,En Curso,376,6.1,False,2026-09-03
195,4,3,2024-10-01,2026-09-21,En Curso,654,4.8,False,2026-09-03
1758,6,3,2020-12-06,2022-05-21,Abandonado,359,,False,2026-09-03
870,9,3,2023-12-05,2024-11-29,Completado,477,6.1,True,2026-09-03
2502,6,1,2021-12-26,2022-06-24,Completado,235,6.2,True,2026-09-03
2484,6,4,2023-07-18,2024-01-14,Completado,234,6.8,True,2026-09-03
1290,5,5,2022-10-22,2023-10-17,Completado,467,6.8,True,2026-09-03
3815,8,4,2024-10-03,2026-09-23,En Curso,414,6.4,False,2026-09-03
4586,5,1,2021-08-23,2022-02-19,En Curso,119,5.9,False,2026-09-03
1503,2,2,2023-01-14,2024-01-09,Completado,461,4.7,True,2026-09-03
485,2,1,2024-07-30,2025-07-25,Completado,477,4.1,True,2026-09-03
4748,1,2,2022-03-21,2023-09-12,Completado,717,6.1,True,2026-09-03
4653,1,5,2023-05-01,2024-04-25,Completado,459,5.7,True,2026-09-03
327,2,5,2024-11-05,2026-01-03,Abandonado,197,,False,2026-09-03
1736,5,3,2021-01-10,2022-07-04,Completado,693,5.7,True,2026-09-03
3738,7,2,2023-09-05,2025-02-26,Completado,692,5.4,True,2026-09-03
1887,9,4,2022-05-01,2023-10-23,Completado,716,5.9,True,2026-09-03
4316,2,1,2024-03-08,2025-03-03,En Curso,290,5.3,False,2026-09-03
165,5,2,2021-04-03,2021-08-30,Abandonado,186,,False,2026-09-03
1840,1,3,2020-03-22,2021-03-17,Completado,469,5.1,True,2026-09-03
3103,4,3,2023-02-17,2024-02-12,Completado,477,6.7,True,2026-09-03
3745,2,3,2022-08-31,2024-08-20,Completado,927,5.0,True,2026-09-03
4989,1,4,2024-08-22,2026-02-13,Completado,691,4.9,True,2026-09-03
109,6,4,2021-10-18,2022-10-13,Completado,473,5.2,True,2026-09-03
3631,3,3,2023-04-24,2023-10-21,En Curso,77,4.5,False,2026-09-03
896,1,1,2022-02-06,2022-12-26,Abandonado,309,,False,2026-09-03
4935,2,4,2020-12-17,2021-12-12,Completado,463,4.8,True,2026-09-03
460,6,5,2024-02-22,2024-08-20,En Curso,98,4.1,False,2026-09-03
2317,3,1,2022-11-18,2024-11-07,Completado,917,5.4,True,2026-09-03
857,8,2,2020-12-08,2021-12-03,Completado,473,6.4,True,2026-09-03
1917,8,3,2021-09-14,2022-03-13,Completado,234,4.1,True,2026-09-03
4891,8,5,2023-03-17,2025-03-06,Completado,912,4.2,True,2026-09-03
4276,9,1,2022-04-26,2023-10-18,Completado,702,4.9,True,2026-09-03
2146,7,4,2020-05-03,2021-04-28,En Curso,149,6.6,False,2026-09-03
3388,5,3,2024-04-17,2025-10-09,Completado,717,7.0,True,2026-09-03
4480,8,1,2024-11-19,2025-11-14,En Curso,185,6.6,False,2026-09-03
4166,2,4,2022-05-16,2023-05-11,En Curso,183,6.9,False,2026-09-03
2742,2,2,2023-09-05,2024-11-12,Abandonado,196,,False,2026-09-03
850,4,1,2023-04-27,2023-10-16,Abandonado,175,,False,2026-09-03
4657,2,3,2023-06-25,2024-05-16,Abandonado,259,,False,2026-09-03
4275,4,1,2021-12-16,2023-12-06,En Curso,296,6.4,False,2026-09-03
1788,6,3,2022-09-15,2024-03-08,En Curso,296,6.0,False,2026-09-03
938,1,4,2020-07-12,2021-07-07,En Curso,200,5.7,False,2026-09-03
1106,1,2,2024-01-22,2025-01-16,Completado,457,5.0,True,2026-09-03
4737,4,5,2020-06-10,2022-05-31,Completado,956,6.2,True,2026-09-03
2945,8,3,2024-10-03,2026-09-23,Completado,922,5.7,True,2026-09-03
1650,10,5,2023-11-11,2025-05-04,Completado,710,4.7,True,2026-09-03
1846,2,1,2022-03-10,2023-03-05,Completado,459,6.9,True,2026-09-03
3125,7,4,2023-02-25,2024-02-20,Completado,474,4.1,True,2026-09-03
675,4,5,2020-02-21,2021-02-15,Completado,476,6.8,True,2026-09-03
1353,9,5,2020-12-25,2021-06-22,Abandonado,53,,False,2026-09-03
3768,4,2,2020-09-17,2021-03-16,Completado,231,5.8,True,2026-09-03
420,2,5,2020-08-30,2020-11-30,Abandonado,53,,False,2026-09-03
3415,9,2,2021-03-29,2022-09-20,Completado,715,4.3,True,2026-09-03
2459,7,3,2024-06-26,2025-06-21,Completado,464,5.8,True,2026-09-03
2,10,5,2020-04-28,2021-04-23,Completado,474,5.6,True,2026-09-03
2557,3,1,2023-05-05,2024-10-26,Completado,714,4.9,True,2026-09-03
4122,8,2,2021-11-23,2023-11-13,Completado,956,6.1,True,2026-09-03
1707,5,1,2020-03-03,2021-08-25,Completado,719,4.6,True,2026-09-03
1536,3,2,2024-12-19,2026-12-09,Completado,941,4.1,True,2026-09-03
3862,2,5,2023-04-04,2023-10-01,Completado,228,5.5,True,2026-09-03
76,7,3,2022-10-14,2023-04-12,Completado,231,4.7,True,2026-09-03
4031,6,4,2023-04-06,2024-03-31,Completado,456,5.5,True,2026-09-03
2538,3,1,2023-08-15,2025-02-05,Completado,712,5.5,True,2026-09-03
2629,4,1,2022-11-09,2023-05-08,En Curso,136,5.7,False,2026-09-03
439,4,2,2023-05-06,2023-07-21,Abandonado,209,,False,2026-09-03
2226,1,5,2021-05-01,2021-08-22,Abandonado,26,,False,2026-09-03
2041,6,3,2023-03-08,2024-03-02,Completado,464,5.9,True,2026-09-03
3293,9,2,2023-07-10,2025-06-29,En Curso,371,5.6,False,2026-09-03
3972,1,3,2021-11-16,2022-11-11,Completado,472,5.0,True,2026-09-03
2845,7,5,2021-01-16,2022-01-11,Completado,458,4.1,True,2026-09-03
4440,1,5,2021-08-17,2023-02-08,Completado,695,5.9,True,2026-09-03
454,1,4,2024-01-15,2025-01-09,Completado,465,4.3,True,2026-09-03
3583,4,3,2021-09-15,2023-03-09,Completado,718,6.4,True,2026-09-03
3501,7,1,2020-01-06,2020-10-07,Abandonado,225,,False,2026-09-03
2461,3,1,2021-12-27,2022-06-25,Completado,236,4.5,True,2026-09-03
1585,10,1,2021-10-16,2022-04-14,Completado,237,6.6,True,2026-09-03
3171,2,3,2021-10-23,2023-04-16,Completado,704,6.6,True,2026-09-03
7,4,3,2020-11-14,2022-02-15,Abandonado,123,,False,2026-09-03
3968,3,4,2022-06-19,2024-06-08,Completado,917,5.2,True,2026-09-03
1164,10,2,2020-05-01,2021-10-23,Completado,693,5.3,True,2026-09-03
4012,8,3,2021-04-02,2022-09-24,En Curso,281,5.8,False,2026-09-03
1956,3,1,2020-08-23,2021-08-18,En Curso,218,4.7,False,2026-09-03
2597,9,3,2020-03-07,2021-03-02,En Curso,335,5.9,False,2026-09-03
2926,3,1,2020-11-27,2021-11-22,Completado,467,6.0,True,2026-09-03
2359,8,1,2022-11-19,2024-05-12,Completado,691,5.6,True,2026-09-03
4749,7,2,2021-04-06,2023-03-27,Completado,939,6.8,True,2026-09-03
4249,3,2,2020-07-03,2020-12-30,En Curso,136,6.0,False,2026-09-03
2329,4,4,2022-09-04,2023-03-03,Completado,237,5.3,True,2026-09-03
2075,7,1,2022-07-15,2022-10-13,Abandonado,101,,False,2026-09-03
631,2,2,2023-05-15,2025-05-04,En Curso,296,6.5,False,2026-09-03
2376,7,5,2024-07-31,2026-01-22,En Curso,389,7.0,False,2026-09-03
2315,9,5,2021-01-28,2022-01-23,Completado,459,6.6,True,2026-09-03
2485,8,3,2020-11-29,2022-05-23,Completado,691,6.6,True,2026-09-03
2635,5,5,2024-05-29,2025-05-24,En Curso,231,4.4,False,2026-09-03
3249,10,3,2022-04-12,2024-04-01,Completado,929,6.2,True,2026-09-03
3870,3,1,2022-09-15,2023-03-14,Completado,233,6.1,True,2026-09-03
2706,4,4,2022-12-08,2023-12-03,Completado,478,6.9,True,2026-09-03
4371,10,4,2023-11-07,2025-10-27,En Curso,441,5.1,False,2026-09-03
3267,7,2,2024-01-03,2024-07-01,En Curso,158,4.3,False,2026-09-03
3209,4,4,2021-11-17,2023-05-11,En Curso,387,4.7,False,2026-09-03
464,2,5,2022-06-15,2022-12-12,En Curso,154,6.9,False,2026-09-03
3957,5,4,2022-05-30,2022-11-26,Completado,230,4.2,True,2026-09-03
4192,8,1,2024-02-09,2025-02-03,Completado,463,4.4,True,2026-09-03
3015,8,5,2022-08-27,2023-02-23,Completado,234,5.7,True,2026-09-03
4301,8,5,2022-03-05,2023-02-28,Completado,475,6.2,True,2026-09-03
3889,10,2,2023-05-05,2024-04-29,Completado,471,6.0,True,2026-09-03
3867,3,5,2020-12-11,2022-06-04,Completado,718,4.3,True,2026-09-03
1955,1,5,2021-02-21,2022-08-15,Completado,716,5.4,True,2026-09-03
3463,8,2,2020-03-05,2020-06-12,Abandonado,86,,False,2026-09-03
3725,5,5,2020-06-06,2021-11-28,En Curso,458,6.6,False,2026-09-03
1428,4,4,2020-11-26,2022-05-20,Completado,718,5.1,True,2026-09-03
1776,10,5,2021-06-19,2023-06-09,Completado,955,4.3,True,2026-09-03
3091,9,1,2022-08-31,2023-04-21,Abandonado,135,,False,2026-09-03
3710,2,1,2022-07-26,2024-01-17,En Curso,227,5.3,False,2026-09-03
1627,1,4,2024-04-08,2025-09-30,En Curso,502,4.5,False,2026-09-03
3309,6,3,2020-05-20,2020-08-06,Abandonado,182,,False,2026-09-03
3116,3,4,2021-12-31,2022-06-29,Completado,237,4.8,True,2026-09-03
3625,4,4,2020-11-12,2022-05-06,Completado,704,5.1,True,2026-09-03
3831,6,3,2020-10-24,2021-10-19,Completado,475,6.1,True,2026-09-03
323,2,1,2023-11-23,2025-11-12,En Curso,362,4.4,False,2026-09-03
3932,9,1,2024-08-05,2025-06-18,Abandonado,213,,False,2026-09-03
274,3,3,2021-06-11,2022-09-11,Abandonado,113,,False,2026-09-03
4141,6,5,2020-07-04,2021-12-26,En Curso,401,5.7,False,2026-09-03
1212,3,4,2024-09-11,2024-12-08,Abandonado,58,,False,2026-09-03
257,5,2,2021-06-04,2021-09-26,Abandonado,90,,False,2026-09-03
4291,10,1,2021-11-01,2023-04-25,Completado,716,6.9,True,2026-09-03
2080,6,3,2024-06-17,2025-06-12,Completado,469,4.1,True,2026-09-03
1038,9,3,2022-02-14,2024-02-04,Completado,941,5.0,True,2026-09-03
2244,6,3,2021-08-28,2022-08-23,Completado,458,5.5,True,2026-09-03
91,8,3,2023-02-03,2024-01-03,Abandonado,148,,False,2026-09-03
1708,1,2,2022-05-24,2024-05-13,Completado,926,4.8,True,2026-09-03
3905,4,4,2022-10-19,2023-02-24,Abandonado,92,,False,2026-09-03
2960,9,3,2020-07-09,2022-06-29,Completado,935,5.4,True,2026-09-03
4206,7,3,2022-04-27,2023-04-22,Completado,458,4.1,True,2026-09-03
4561,2,2,2022-12-01,2023-11-26,Completado,474,5.2,True,2026-09-03
2733,6,4,2021-01-02,2022-01-08,Abandonado,133,,False,2026-09-03
4032,7,5,2020-11-05,2021-10-31,Completado,473,4.3,True,2026-09-03
2209,8,4,2021-10-14,2021-11-19,Abandonado,321,,False,2026-09-03
1225,2,3,2021-03-03,2022-08-25,Completado,707,4.7,True,2026-09-03
4980,5,3,2022-01-09,2022-07-08,Completado,229,4.3,True,2026-09-03
243,7,3,2023-12-04,2024-06-01,En Curso,93,6.3,False,2026-09-03
4949,5,1,2023-10-26,2024-02-05,Abandonado,27,,False,2026-09-03
4590,4,4,2021-09-19,2023-03-13,Completado,704,4.9,True,2026-09-03
2804,2,1,2023-12-21,2024-12-15,Completado,478,6.3,True,2026-09-03
3843,10,2,2024-10-31,2025-04-29,En Curso,115,6.3,False,2026-09-03
1236,5,5,2021-04-06,2021-10-03,En Curso,80,6.5,False,2026-09-03
3892,9,5,2024-07-23,2025-01-19,Completado,239,4.8,True,2026-09-03
4441,3,2,2024-06-24,2025-12-16,Completado,698,6.1,True,2026-09-03
4278,4,4,2023-12-12,2024-04-08,Abandonado,192,,False,2026-09-03
1596,9,3,2021-02-03,2022-07-28,Completado,691,6.0,True,2026-09-03
4795,2,1,2024-11-06,2025-11-01,Completado,473,5.5,True,2026-09-03
4651,3,5,2021-07-29,2022-07-24,Completado,474,6.6,True,2026-09-03
2785,3,5,2023-11-14,2025-05-07,En Curso,455,6.9,False,2026-09-03
4149,9,5,2020-06-12,2021-12-04,Completado,702,6.4,True,2026-09-03
3855,1,3,2023-02-20,2023-11-13,Abandonado,177,,False,2026-09-03
2634,6,2,2022-03-15,2023-03-10,Completado,461,6.4,True,2026-09-03
4587,4,1,2024-11-09,2025-11-04,Completado,470,4.2,True,2026-09-03
2082,10,3,2021-09-24,2022-09-19,Completado,472,4.7,True,2026-09-03
3521,4,5,2024-09-19,2025-04-16,Abandonado,318,,False,2026-09-03
3366,10,3,2023-12-28,2024-05-31,Abandonado,97,,False,2026-09-03
2653,9,2,2023-10-24,2025-04-16,En Curso,441,6.2,False,2026-09-03
4033,9,5,2020-02-21,2021-02-15,En Curso,287,4.7,False,2026-09-03
106,1,1,2020-05-01,2021-10-23,En Curso,315,6.4,False,2026-09-03
4446,8,5,2020-08-04,2022-01-26,Completado,692,5.5,True,2026-09-03
2160,5,2,2020-10-22,2021-04-20,En Curso,114,4.3,False,2026-09-03
173,9,2,2023-07-14,2025-01-04,Completado,719,5.4,True,2026-09-03
494,7,3,2023-02-12,2024-02-07,En Curso,290,6.8,False,2026-09-03
2772,6,4,2020-12-16,2021-12-11,En Curso,213,6.3,False,2026-09-03
4202,3,1,2020-07-31,2021-07-26,Completado,479,6.0,True,2026-09-03
2499,8,3,2022-10-13,2023-10-08,Completado,461,6.2,True,2026-09-03
2855,4,1,2022-02-27,2024-02-17,En Curso,430,4.3,False,2026-09-03
4530,9,5,2021-11-16,2022-05-15,En Curso,105,5.2,False,2026-09-03
651,4,5,2024-08-29,2026-02-20,Completado,718,5.7,True,2026-09-03
1379,7,5,2020-07-30,2022-07-20,Completado,922,4.2,True,2026-09-03
4071,8,4,2024-09-05,2025-08-31,Completado,472,6.0,True,2026-09-03
2687,9,2,2022-01-12,2024-01-02,Completado,917,6.6,True,2026-09-03
3964,3,2,2022-05-01,2022-10-28,Completado,232,6.1,True,2026-09-03
2076,9,5,2022-09-15,2023-08-10,Abandonado,161,,False,2026-09-03
849,8,1,2023-01-29,2025-01-18,Completado,916,4.6,True,2026-09-03
1179,10,1,2020-09-14,2021-09-09,Completado,469,5.0,True,2026-09-03
537,10,1,2022-04-02,2022-09-29,Completado,228,5.1,True,2026-09-03
2100,4,2,2024-04-15,2025-04-10,En Curso,303,6.3,False,2026-09-03
451,6,3,2022-12-21,2023-06-19,En Curso,165,6.5,False,2026-09-03
1696,6,1,2021-09-07,2022-09-02,En Curso,253,4.2,False,2026-09-03
127,10,2,2023-09-02,2025-08-22,En Curso,325,4.7,False,2026-09-03
4400,9,5,2022-01-15,2023-07-08,Abandonado,186,,False,2026-09-03
1562,2,4,2023-06-26,2023-08-31,Abandonado,341,,False,2026-09-03
4116,10,5,2024-08-01,2024-10-21,Abandonado,114,,False,2026-09-03
2798,5,3,2021-02-15,2023-02-05,En Curso,451,4.9,False,2026-09-03
3579,2,2,2023-03-18,2023-09-14,Completado,235,6.3,True,2026-09-03
1922,7,3,2023-05-12,2023-10-22,Abandonado,300,,False,2026-09-03
2590,9,5,2020-12-11,2022-06-04,Completado,717,6.1,True,2026-09-03
4977,3,5,2024-05-25,2025-05-20,Completado,467,5.6,True,2026-09-03
3605,1,3,2020-07-11,2021-10-09,Abandonado,146,,False,2026-09-03
1156,6,1,2021-02-04,2022-01-30,Completado,460,4.7,True,2026-09-03
2479,2,4,2023-11-13,2024-05-11,En Curso,93,5.2,False,2026-09-03
2949,4,5,2022-04-28,2022-10-25,Completado,239,4.2,True,2026-09-03
943,4,4,2024-12-12,2026-06-05,Completado,713,6.1,True,2026-09-03
1181,8,5,2020-01-22,2020-11-07,Abandonado,166,,False,2026-09-03
4030,3,4,2024-06-05,2025-05-31,En Curso,174,6.6,False,2026-09-03
2761,1,3,2022-09-30,2023-09-25,Completado,459,6.8,True,2026-09-03
1333,4,4,2022-03-03,2022-08-30,Completado,237,6.7,True,2026-09-03
2385,7,1,2022-10-12,2024-10-01,Completado,953,5.3,True,2026-09-03
4573,4,1,2024-09-07,2025-03-06,Completado,230,5.5,True,2026-09-03
4133,1,3,2021-04-18,2022-10-10,En Curso,451,6.3,False,2026-09-03
1204,3,2,2020-11-15,2021-05-14,Completado,238,6.1,True,2026-09-03
1742,3,4,2020-01-21,2021-01-15,Completado,470,6.9,True,2026-09-03
2099,5,5,2021-11-22,2022-11-17,Completado,468,5.8,True,2026-09-03
278,9,1,2020-10-22,2022-10-12,Completado,921,6.1,True,2026-09-03
1908,3,2,2024-03-29,2026-03-19,Completado,932,6.7,True,2026-09-03
2510,9,3,2023-12-03,2025-05-26,En Curso,304,4.9,False,2026-09-03
886,1,5,2020-12-01,2021-11-26,Completado,479,5.5,True,2026-09-03
3614,8,3,2023-05-25,2023-07-01,Abandonado,132,,False,2026-09-03
1209,6,1,2020-02-06,2022-01-26,Completado,955,4.6,True,2026-09-03
496,2,5,2020-07-09,2021-07-04,Completado,468,5.6,True,2026-09-03
810,6,5,2024-11-08,2026-05-02,En Curso,260,4.5,False,2026-09-03
4499,5,1,2023-05-15,2024-05-09,En Curso,155,6.5,False,2026-09-03
866,6,1,2024-06-15,2025-06-10,Completado,462,4.9,True,2026-09-03
1218,6,1,2022-11-20,2024-11-09,Completado,957,5.7,True,2026-09-03
2692,3,1,2023-04-23,2024-04-17,Completado,478,4.5,True,2026-09-03
2350,3,1,2022-11-15,2024-11-04,Completado,943,5.5,True,2026-09-03
3140,9,4,2021-01-02,2021-07-01,En Curso,121,6.3,False,2026-09-03
487,3,4,2022-05-22,2023-11-13,Completado,713,6.0,True,2026-09-03
689,2,1,2021-09-12,2022-09-07,En Curso,245,5.9,False,2026-09-03
1186,10,5,2022-06-17,2022-12-14,Completado,232,5.4,True,2026-09-03
4896,4,3,2020-03-22,2021-03-17,En Curso,312,6.4,False,2026-09-03
4321,7,4,2020-09-26,2022-03-20,Completado,707,4.8,True,2026-09-03
1118,9,5,2020-01-16,2021-01-10,Completado,477,6.8,True,2026-09-03
4925,6,4,2023-06-27,2024-06-21,Completado,476,5.4,True,2026-09-03
2681,9,1,2021-09-28,2022-09-23,En Curso,280,7.0,False,2026-09-03
882,7,4,2024-01-03,2025-12-23,Completado,948,6.9,True,2026-09-03
1227,10,2,2024-10-03,2025-09-28,Completado,456,5.4,True,2026-09-03
4888,6,1,2020-09-05,2020-12-23,Abandonado,67,,False,2026-09-03
638,7,3,2020-06-01,2022-05-22,Completado,936,6.2,True,2026-09-03
1112,8,5,2024-01-23,2025-01-17,En Curso,300,5.6,False,2026-09-03
3327,3,5,2023-11-30,2024-11-24,En Curso,240,4.7,False,2026-09-03
573,4,2,2023-02-28,2023-10-22,Abandonado,231,,False,2026-09-03
2131,4,1,2020-08-24,2021-02-20,En Curso,151,6.7,False,2026-09-03
770,3,3,2021-02-10,2021-08-09,En Curso,137,7.0,False,2026-09-03
2950,7,5,2024-05-28,2024-11-24,Completado,232,5.9,True,2026-09-03
3925,3,4,2024-09-04,2026-02-26,Completado,691,4.1,True,2026-09-03
2468,9,1,2022-03-19,2023-03-14,Completado,472,4.7,True,2026-09-03
2911,7,2,2020-06-19,2022-06-09,En Curso,519,4.5,False,2026-09-03
4559,5,2,2020-05-27,2020-11-23,En Curso,111,5.8,False,2026-09-03
281,6,4,2021-07-29,2022-01-25,En Curso,134,5.9,False,2026-09-03
887,10,1,2021-11-24,2022-11-19,En Curso,263,6.1,False,2026-09-03
1494,9,5,2023-06-03,2024-11-24,En Curso,408,5.0,False,2026-09-03
1765,2,2,2024-07-15,2025-07-10,Completado,469,4.7,True,2026-09-03
2646,9,2,2023-09-24,2024-09-18,Completado,472,5.6,True,2026-09-03
1521,3,1,2022-10-13,2023-04-11,Completado,239,5.2,True,2026-09-03
678,8,5,2021-08-29,2022-08-24,Completado,461,6.5,True,2026-09-03
3453,4,5,2021-02-27,2021-08-26,Completado,238,5.3,True,2026-09-03
2144,5,3,2021-03-07,2022-08-29,Completado,685,5.4,True,2026-09-03
2613,4,1,2021-09-11,2022-03-10,Completado,230,5.4,True,2026-09-03
1803,1,4,2022-09-10,2024-08-30,Completado,929,5.0,True,2026-09-03
4772,8,2,2023-02-16,2024-02-11,Completado,470,4.7,True,2026-09-03
1003,4,2,2021-12-22,2022-12-17,Completado,478,6.2,True,2026-09-03
3130,8,3,2021-08-04,2022-01-31,Completado,238,5.4,True,2026-09-03
4665,8,1,2022-06-13,2023-12-05,Completado,717,5.3,True,2026-09-03
925,4,4,2024-07-07,2025-07-02,Completado,471,5.0,True,2026-09-03
1326,5,5,2022-12-27,2023-06-25,En Curso,121,4.4,False,2026-09-03
2543,9,5,2024-06-11,2026-06-01,En Curso,641,6.7,False,2026-09-03
292,1,3,2024-06-24,2024-10-04,Abandonado,75,,False,2026-09-03
1500,2,5,2021-05-06,2022-10-28,Completado,688,6.4,True,2026-09-03
247,9,5,2023-06-07,2024-06-01,En Curso,182,4.2,False,2026-09-03
1834,9,1,2023-05-19,2024-05-13,Completado,467,4.3,True,2026-09-03
1252,6,3,2024-05-18,2025-05-13,En Curso,324,5.7,False,2026-09-03
3057,6,5,2021-05-04,2022-04-29,Completado,474,4.7,True,2026-09-03
517,7,4,2020-04-10,2022-03-31,Completado,924,5.9,True,2026-09-03
1542,3,2,2024-01-08,2025-01-02,Completado,474,6.1,True,2026-09-03
1002,4,5,2020-02-07,2020-10-29,Abandonado,77,,False,2026-09-03
3165,3,1,2020-10-05,2021-04-03,Completado,237,4.1,True,2026-09-03
392,6,1,2020-09-06,2021-03-05,En Curso,102,5.4,False,2026-09-03
1756,3,3,2023-10-17,2025-04-09,En Curso,261,5.4,False,2026-09-03
3741,4,2,2024-02-22,2025-02-16,En Curso,146,4.7,False,2026-09-03
2309,6,4,2023-08-31,2024-05-31,Abandonado,182,,False,2026-09-03
4460,4,4,2021-10-02,2022-09-27,Completado,475,4.7,True,2026-09-03
552,2,2,2023-12-21,2024-02-26,Abandonado,46,,False,2026-09-03
2979,7,5,2020-04-16,2021-10-08,En Curso,252,5.8,False,2026-09-03
4428,5,3,2024-01-05,2024-12-30,En Curso,291,5.5,False,2026-09-03
4326,8,3,2021-11-30,2022-12-25,Abandonado,444,,False,2026-09-03
3561,7,4,2024-12-25,2025-12-20,Completado,473,5.9,True,2026-09-03
1871,7,1,2022-10-28,2023-10-23,Completado,458,5.7,True,2026-09-03
4531,5,2,2020-01-20,2020-07-18,En Curso,100,5.3,False,2026-09-03
1105,4,1,2022-07-21,2023-07-16,Completado,475,5.8,True,2026-09-03
688,6,2,2021-11-23,2022-11-18,Completado,470,6.4,True,2026-09-03
4567,7,3,2024-11-09,2026-10-30,Completado,952,5.4,True,2026-09-03
3644,9,5,2024-11-09,2025-11-04,Completado,479,4.9,True,2026-09-03
3022,5,5,2023-12-31,2025-12-20,Completado,914,6.2,True,2026-09-03
4545,9,3,2023-06-24,2023-10-24,Abandonado,143,,False,2026-09-03
1849,8,5,2024-08-18,2025-02-14,Completado,237,5.4,True,2026-09-03
33,5,5,2024-04-19,2025-10-11,En Curso,431,6.1,False,2026-09-03
3424,4,5,2024-03-07,2025-03-02,Completado,479,4.2,True,2026-09-03
690,7,2,2022-11-25,2023-05-24,Completado,239,5.8,True,2026-09-03
79,9,4,2021-02-12,2021-10-02,Abandonado,160,,False,2026-09-03
4754,10,4,2024-10-24,2025-10-19,Completado,465,6.1,True,2026-09-03
3256,2,3,2020-10-30,2022-04-23,Completado,686,6.9,True,2026-09-03
133,1,2,2020-12-11,2021-06-09,Completado,234,5.2,True,2026-09-03
2186,2,1,2023-02-06,2025-01-26,En Curso,372,5.6,False,2026-09-03
4966,9,4,2021-07-08,2023-06-28,En Curso,565,6.1,False,2026-09-03
3310,1,4,2022-08-30,2023-08-25,En Curso,325,5.2,False,2026-09-03
3215,6,2,2022-07-04,2023-06-29,Completado,463,5.9,True,2026-09-03
1263,1,5,2022-09-03,2024-02-25,Completado,708,5.8,True,2026-09-03
1166,3,3,2022-04-25,2022-10-22,En Curso,108,6.5,False,2026-09-03
3401,5,3,2021-03-14,2021-07-01,Abandonado,31,,False,2026-09-03
2504,7,2,2023-12-08,2024-01-07,Abandonado,196,,False,2026-09-03
262,3,1,2022-05-12,2023-11-03,Completado,710,6.1,True,2026-09-03
731,6,5,2022-02-28,2024-02-18,En Curso,315,6.8,False,2026-09-03
478,10,1,2021-11-30,2022-11-25,En Curso,323,6.5,False,2026-09-03
1643,1,3,2024-06-05,2025-05-31,Completado,479,5.7,True,2026-09-03
2326,6,5,2022-01-22,2024-01-12,Completado,935,5.7,True,2026-09-03
1731,6,5,2024-07-09,2026-06-29,Completado,949,4.2,True,2026-09-03
3169,4,5,2024-03-24,2025-09-15,Completado,703,4.1,True,2026-09-03
4494,9,5,2020-03-26,2021-09-17,Completado,704,6.1,True,2026-09-03
1022,8,2,2022-08-21,2023-08-16,En Curso,261,5.8,False,2026-09-03
1591,9,5,2021-12-25,2023-06-18,Completado,706,4.3,True,2026-09-03
4135,1,5,2023-09-07,2025-02-28,Completado,712,6.1,True,2026-09-03
2096,2,1,2022-06-17,2022-12-14,Completado,238,6.7,True,2026-09-03
3494,10,2,2023-03-19,2025-03-08,En Curso,614,6.8,False,2026-09-03
3863,8,4,2022-06-08,2022-12-05,En Curso,126,5.0,False,2026-09-03
2308,5,2,2022-09-03,2023-03-02,Completado,230,6.2,True,2026-09-03
954,9,3,2021-12-15,2022-05-07,Abandonado,102,,False,2026-09-03
4505,3,4,2021-08-10,2022-02-06,Completado,238,4.4,True,2026-09-03
2925,1,4,2022-09-14,2024-02-29,Abandonado,140,,False,2026-09-03
4600,9,3,2022-07-26,2024-01-17,En Curso,449,4.2,False,2026-09-03
3919,2,1,2023-08-31,2024-08-25,Completado,462,4.1,True,2026-09-03
3150,4,4,2023-09-20,2025-09-09,En Curso,551,6.0,False,2026-09-03
2880,8,5,2020-09-15,2022-03-09,Completado,688,4.7,True,2026-09-03
4354,8,2,2021-01-31,2022-07-25,Completado,702,6.1,True,2026-09-03
3580,1,1,2024-08-02,2025-07-28,En Curso,147,5.7,False,2026-09-03
4287,4,1,2021-04-02,2022-03-28,Completado,459,6.3,True,2026-09-03
468,4,1,2021-10-06,2022-02-22,Abandonado,93,,False,2026-09-03
2843,3,2,2022-06-18,2023-06-13,Completado,472,6.6,True,2026-09-03
1124,8,1,2023-10-24,2024-12-17,Abandonado,136,,False,2026-09-03
1309,2,1,2020-01-28,2021-01-22,Completado,457,6.9,True,2026-09-03
1654,10,2,2021-09-15,2023-03-09,En Curso,240,4.4,False,2026-09-03
3599,7,5,2023-03-10,2023-09-06,Completado,237,5.2,True,2026-09-03
3984,9,4,2022-12-28,2023-06-26,Completado,230,5.5,True,2026-09-03
393,3,3,2021-11-08,2023-10-29,En Curso,665,6.7,False,2026-09-03
3818,8,1,2023-03-12,2023-09-06,Abandonado,117,,False,2026-09-03
4636,8,1,2023-02-22,2025-02-11,En Curso,404,4.6,False,2026-09-03
465,6,5,2024-03-30,2025-09-21,En Curso,308,5.5,False,2026-09-03
2117,5,1,2020-04-03,2021-03-29,En Curso,265,5.7,False,2026-09-03
1292,1,3,2022-09-07,2023-11-29,Abandonado,280,,False,2026-09-03
182,8,3,2024-05-26,2025-05-21,En Curso,210,5.9,False,2026-09-03
2796,6,1,2021-02-01,2022-01-27,Completado,466,6.2,True,2026-09-03
4009,5,4,2020-08-27,2022-02-18,Completado,716,6.5,True,2026-09-03
4429,2,4,2024-03-06,2024-06-13,Abandonado,185,,False,2026-09-03
1359,10,4,2023-01-26,2024-01-21,Completado,476,6.1,True,2026-09-03
395,7,5,2023-07-13,2024-01-09,Completado,229,5.3,True,2026-09-03
1816,1,4,2021-12-01,2023-11-21,Completado,930,4.3,True,2026-09-03
3896,1,2,2022-06-03,2023-05-29,En Curso,221,6.9,False,2026-09-03
4095,7,3,2024-04-20,2025-04-15,Completado,459,4.0,True,2026-09-03
2540,1,3,2024-06-08,2025-11-30,En Curso,486,6.5,False,2026-09-03
1830,4,1,2022-12-25,2023-06-23,Completado,229,6.2,True,2026-09-03
1802,7,2,2024-02-10,2025-08-03,Completado,692,4.6,True,2026-09-03
1861,7,3,2022-12-01,2023-04-04,Abandonado,54,,False,2026-09-03
4937,8,1,2021-06-05,2021-12-02,Completado,236,6.7,True,2026-09-03
1564,9,5,2022-03-24,2023-09-15,Completado,690,4.2,True,2026-09-03
1229,9,5,2024-03-09,2025-03-04,Completado,473,6.7,True,2026-09-03
2627,10,4,2020-01-16,2022-01-05,Completado,921,6.6,True,2026-09-03
2098,8,3,2020-11-07,2022-05-01,Completado,714,7.0,True,2026-09-03
3397,5,4,2021-07-06,2022-01-02,Completado,231,6.5,True,2026-09-03
2974,6,2,2023-10-24,2024-10-18,Completado,463,6.6,True,2026-09-03
4049,9,1,2023-08-02,2024-07-27,Completado,460,6.5,True,2026-09-03
2242,2,4,2023-04-01,2023-09-21,Abandonado,78,,False,2026-09-03
4014,4,1,2021-09-21,2022-03-20,Completado,229,4.5,True,2026-09-03
2044,6,1,2022-12-14,2023-12-09,Completado,474,6.6,True,2026-09-03
946,4,1,2023-12-16,2024-12-10,Completado,478,5.6,True,2026-09-03
796,6,2,2022-01-08,2023-01-03,Completado,479,6.3,True,2026-09-03
4727,1,4,2023-04-18,2025-04-07,En Curso,320,5.2,False,2026-09-03
1941,9,5,2022-02-01,2023-01-27,Completado,466,6.1,True,2026-09-03
577,9,4,2020-12-21,2021-12-16,En Curso,159,4.3,False,2026-09-03
4393,3,5,2021-03-04,2022-01-30,Abandonado,160,,False,2026-09-03
4315,7,4,2021-03-19,2022-03-14,En Curso,292,6.7,False,2026-09-03
4895,1,5,2023-12-23,2024-12-17,Completado,469,5.3,True,2026-09-03
4903,2,5,2022-06-26,2023-06-21,Completado,456,6.9,True,2026-09-03
3626,9,3,2022-01-25,2023-01-20,En Curso,325,4.5,False,2026-09-03
4693,4,2,2021-01-13,2023-01-03,En Curso,412,5.1,False,2026-09-03
4844,10,1,2021-12-04,2023-02-18,Abandonado,350,,False,2026-09-03
2512,2,2,2024-11-20,2025-11-15,En Curso,148,4.1,False,2026-09-03
3724,2,4,2020-09-02,2021-08-28,En Curso,257,4.2,False,2026-09-03
2270,7,2,2020-08-05,2021-07-31,Completado,477,6.1,True,2026-09-03
4495,10,1,2020-05-18,2022-05-08,Completado,925,5.6,True,2026-09-03
375,9,2,2023-11-30,2024-11-24,Completado,467,6.1,True,2026-09-03
315,7,4,2020-02-23,2020-08-21,Completado,236,4.3,True,2026-09-03
1258,6,2,2024-05-31,2025-11-22,Completado,696,4.0,True,2026-09-03
2206,3,1,2023-08-06,2024-05-21,Abandonado,122,,False,2026-09-03
1930,1,4,2022-02-15,2023-02-10,Completado,462,4.4,True,2026-09-03
4207,3,4,2023-11-18,2024-11-12,Completado,471,4.1,True,2026-09-03
3009,3,1,2022-05-17,2022-06-23,Abandonado,213,,False,2026-09-03
4164,3,2,2020-06-02,2020-11-29,Completado,232,6.7,True,2026-09-03
252,7,3,2024-03-15,2024-09-11,Completado,235,5.7,True,2026-09-03
1036,1,4,2021-04-18,2021-10-15,Completado,239,5.7,True,2026-09-03
4926,4,5,2021-08-10,2023-02-01,Completado,689,4.8,True,2026-09-03
558,8,5,2023-06-29,2025-06-18,Completado,919,6.9,True,2026-09-03
4006,9,5,2021-09-25,2023-09-15,Completado,926,4.8,True,2026-09-03
2976,10,3,2023-10-19,2025-04-11,Completado,701,6.4,True,2026-09-03
3594,8,3,2023-06-05,2023-12-02,Completado,228,6.6,True,2026-09-03
2156,4,1,2022-11-26,2024-05-19,Completado,686,6.0,True,2026-09-03
2189,8,4,2022-08-01,2024-07-21,Completado,923,4.3,True,2026-09-03
4624,7,1,2020-12-21,2021-06-19,Completado,234,4.3,True,2026-09-03
4329,8,2,2020-04-01,2021-03-27,Completado,458,6.3,True,2026-09-03
615,4,1,2023-02-28,2024-02-23,Completado,475,6.8,True,2026-09-03
2544,10,5,2022-06-01,2023-05-27,Completado,474,6.5,True,2026-09-03
2828,5,2,2022-04-26,2023-04-21,Completado,466,6.1,True,2026-09-03
2381,8,1,2022-08-25,2023-02-21,Completado,237,4.5,True,2026-09-03
947,5,2,2022-06-27,2024-06-16,En Curso,504,4.4,False,2026-09-03
2211,6,2,2024-12-27,2025-12-22,Completado,461,6.3,True,2026-09-03
4663,10,3,2024-07-13,2026-01-04,Completado,706,6.6,True,2026-09-03
4616,9,5,2024-10-07,2025-10-02,Completado,477,6.2,True,2026-09-03
4004,2,3,2022-06-11,2023-06-06,En Curso,185,5.0,False,2026-09-03
2522,1,5,2023-12-14,2024-10-10,Abandonado,131,,False,2026-09-03
1752,3,4,2024-02-20,2024-08-18,En Curso,120,4.3,False,2026-09-03
1079,5,4,2023-11-19,2024-05-17,Completado,232,6.8,True,2026-09-03
4538,2,3,2022-07-02,2023-06-27,En Curso,180,5.4,False,2026-09-03
367,1,3,2022-08-23,2023-08-18,Completado,458,5.2,True,2026-09-03
3977,4,5,2024-11-21,2025-11-16,Completado,458,5.0,True,2026-09-03
4595,8,1,2022-01-22,2022-07-21,En Curso,116,5.6,False,2026-09-03
720,4,5,2020-04-13,2022-04-03,Completado,940,5.1,True,2026-09-03
1499,2,3,2023-01-13,2023-07-12,Completado,235,6.4,True,2026-09-03
1994,5,1,2020-04-01,2020-10-16,Abandonado,167,,False,2026-09-03
1839,4,1,2020-07-11,2021-01-07,Completado,237,5.7,True,2026-09-03
2396,5,1,2020-02-12,2021-08-05,En Curso,297,4.1,False,2026-09-03
4971,7,1,2023-01-11,2024-01-06,Completado,462,4.0,True,2026-09-03
3966,2,2,2020-11-15,2021-11-10,Completado,462,6.8,True,2026-09-03
2809,9,3,2021-03-24,2023-03-14,En Curso,580,6.9,False,2026-09-03
4934,4,3,2021-08-30,2022-08-25,Completado,477,5.7,True,2026-09-03
2712,10,3,2023-11-16,2025-10-19,Abandonado,328,,False,2026-09-03
3715,8,3,2024-01-01,2024-12-26,Completado,459,6.8,True,2026-09-03
3844,5,5,2023-07-10,2024-07-04,Completado,465,6.3,True,2026-09-03
1049,3,3,2023-05-07,2024-05-01,Completado,470,4.5,True,2026-09-03
1460,2,4,2021-03-02,2022-08-24,Completado,698,4.9,True,2026-09-03
98,5,2,2021-01-23,2023-01-13,Completado,936,6.7,True,2026-09-03
4907,9,4,2022-01-11,2023-01-06,Completado,464,6.4,True,2026-09-03
778,3,3,2024-11-23,2025-01-02,Abandonado,344,,False,2026-09-03
2168,2,2,2024-07-16,2025-01-12,Completado,233,6.6,True,2026-09-03
94,9,3,2022-04-14,2022-10-11,En Curso,135,5.6,False,2026-09-03
2490,4,4,2023-09-15,2025-03-08,Completado,717,6.5,True,2026-09-03
903,2,1,2023-12-04,2024-11-28,Completado,464,4.8,True,2026-09-03
4416,4,4,2020-03-30,2021-07-25,Abandonado,133,,False,2026-09-03
583,1,2,2023-10-17,2024-04-14,En Curso,111,6.9,False,2026-09-03
3548,7,3,2024-06-13,2024-12-10,Completado,228,4.3,True,2026-09-03
3663,2,4,2023-10-10,2024-04-07,Completado,230,4.1,True,2026-09-03
3368,8,1,2020-09-02,2021-03-01,Completado,232,6.0,True,2026-09-03
4697,10,5,2021-03-05,2021-09-01,Completado,236,6.4,True,2026-09-03
2766,10,2,2021-12-17,2023-12-07,Completado,959,6.8,True,2026-09-03
2164,5,4,2023-12-07,2025-11-26,Completado,935,6.1,True,2026-09-03
1358,5,4,2024-08-22,2025-08-17,Completado,470,5.7,True,2026-09-03
2217,5,2,2020-03-06,2021-08-28,Completado,701,5.7,True,2026-09-03
4565,3,2,2020-09-15,2021-03-14,Completado,232,4.4,True,2026-09-03
333,4,3,2022-10-27,2024-04-19,Completado,685,4.7,True,2026-09-03
540,4,4,2023-05-19,2024-11-09,Completado,707,6.7,True,2026-09-03
1970,5,4,2021-02-12,2022-02-07,Completado,477,6.3,True,2026-09-03
1801,3,4,2022-01-19,2022-05-18,Abandonado,131,,False,2026-09-03
2419,10,3,2021-09-14,2023-09-04,En Curso,379,4.2,False,2026-09-03
2025,8,5,2022-07-05,2023-06-30,Completado,456,6.6,True,2026-09-03
2374,1,3,2020-05-31,2021-05-26,En Curso,283,6.5,False,2026-09-03
4104,7,5,2023-07-22,2025-01-12,En Curso,410,6.3,False,2026-09-03
473,2,3,2023-07-24,2024-07-18,Completado,463,5.5,True,2026-09-03
4569,4,5,2021-08-25,2022-02-21,Completado,239,6.8,True,2026-09-03
346,9,2,2020-04-08,2020-10-05,Completado,232,4.7,True,2026-09-03
2603,5,5,2020-09-02,2022-02-24,Completado,688,6.2,True,2026-09-03
4806,10,5,2024-11-02,2026-10-23,Completado,913,5.6,True,2026-09-03
4008,7,3,2022-11-30,2024-05-23,Completado,712,5.9,True,2026-09-03
1201,4,4,2020-11-18,2021-07-10,Abandonado,119,,False,2026-09-03
17,4,1,2021-11-10,2022-11-05,En Curso,305,4.0,False,2026-09-03
2972,3,1,2024-01-14,2025-01-08,En Curso,241,5.0,False,2026-09-03
2190,9,5,2021-11-13,2023-11-03,Completado,939,5.0,True,2026-09-03
1792,6,2,2021-08-15,2022-02-11,Completado,228,4.7,True,2026-09-03
2273,8,2,2024-03-20,2025-09-11,Completado,689,4.1,True,2026-09-03
1067,2,1,2024-02-16,2025-08-09,Completado,715,5.3,True,2026-09-03
4035,3,3,2021-12-26,2023-06-19,Completado,708,6.6,True,2026-09-03
4631,1,2,2022-02-02,2023-01-28,En Curso,173,5.0,False,2026-09-03
3237,8,1,2020-07-24,2021-07-19,Completado,475,5.6,True,2026-09-03
4766,4,2,2024-07-01,2025-06-26,En Curso,178,4.5,False,2026-09-03
1265,4,2,2020-10-24,2021-04-22,En Curso,150,4.5,False,2026-09-03
1919,1,1,2021-12-22,2023-06-15,Completado,689,4.7,True,2026-09-03
444,9,5,2021-08-06,2022-02-02,En Curso,84,6.4,False,2026-09-03
2132,2,3,2021-11-17,2023-05-11,Completado,695,6.5,True,2026-09-03
1814,10,4,2020-09-26,2021-03-25,Completado,237,4.3,True,2026-09-03
3221,7,1,2024-02-27,2024-06-08,Abandonado,88,,False,2026-09-03
244,1,2,2020-11-06,2022-04-30,Completado,696,4.5,True,2026-09-03
3305,8,2,2024-08-18,2025-08-13,Completado,468,4.6,True,2026-09-03
4100,9,3,2021-02-01,2021-07-31,Completado,234,4.8,True,2026-09-03
2423,2,2,2022-11-16,2024-05-09,Completado,715,6.3,True,2026-09-03
2439,2,2,2023-07-27,2024-07-21,Completado,477,5.9,True,2026-09-03
4019,4,1,2020-06-30,2021-06-25,Completado,474,6.4,True,2026-09-03
3891,6,3,2022-07-25,2023-01-21,Completado,232,5.6,True,2026-09-03
4753,7,4,2023-03-24,2024-03-18,En Curso,166,4.3,False,2026-09-03
1431,5,2,2024-09-20,2025-09-15,En Curso,187,6.1,False,2026-09-03
1784,5,3,2020-02-07,2020-08-05,En Curso,72,5.4,False,2026-09-03
1795,1,2,2022-12-13,2024-12-02,Completado,915,7.0,True,2026-09-03
2236,5,3,2021-04-15,2021-10-12,En Curso,150,4.5,False,2026-09-03
1056,8,3,2020-07-27,2022-07-17,En Curso,567,6.2,False,2026-09-03
176,2,4,2023-09-29,2024-09-22,Abandonado,233,,False,2026-09-03
1878,4,4,2022-10-16,2024-04-08,En Curso,461,4.1,False,2026-09-03
856,1,3,2021-11-19,2023-05-13,Completado,701,5.3,True,2026-09-03
1669,10,5,2020-09-07,2022-08-28,En Curso,616,4.4,False,2026-09-03
3517,4,2,2023-06-22,2024-12-13,Completado,691,5.7,True,2026-09-03
2584,6,3,2020-07-10,2022-06-30,En Curso,379,4.9,False,2026-09-03
1440,2,2,2020-04-14,2021-03-12,Abandonado,127,,False,2026-09-03
1427,7,1,2021-10-03,2022-04-01,En Curso,75,6.2,False,2026-09-03
4740,10,3,2020-06-20,2020-12-17,Completado,229,5.5,True,2026-09-03
3265,7,1,2024-12-26,2025-12-21,En Curso,145,5.2,False,2026-09-03
4218,5,2,2024-09-08,2026-03-02,Completado,717,6.9,True,2026-09-03
2334,1,3,2020-11-18,2021-05-17,Completado,237,4.9,True,2026-09-03
2122,2,2,2022-05-18,2022-11-14,Completado,232,6.3,True,2026-09-03
4002,6,3,2020-05-10,2021-11-01,Completado,695,6.4,True,2026-09-03
4673,8,2,2024-06-01,2025-05-27,Completado,478,6.3,True,2026-09-03
4609,1,3,2022-08-31,2023-08-26,Completado,473,5.5,True,2026-09-03
2285,1,1,2020-10-18,2021-04-16,Completado,233,5.9,True,2026-09-03
977,4,5,2023-02-20,2024-08-13,Completado,705,6.9,True,2026-09-03
2077,8,5,2020-11-30,2022-05-24,Completado,690,4.7,True,2026-09-03
1686,3,4,2022-03-13,2024-03-02,Completado,945,5.2,True,2026-09-03
580,3,3,2021-02-22,2022-08-16,Completado,714,4.1,True,2026-09-03
3322,9,3,2022-08-12,2024-02-03,Completado,694,5.5,True,2026-09-03
4345,2,2,2022-06-05,2022-12-02,En Curso,80,6.8,False,2026-09-03
2608,8,3,2023-07-31,2024-01-27,En Curso,158,5.0,False,2026-09-03
3334,5,4,2023-07-07,2024-07-01,Completado,458,5.6,True,2026-09-03
4521,9,3,2024-04-03,2026-03-24,Completado,918,4.4,True,2026-09-03
747,9,5,2024-02-29,2024-10-30,Abandonado,251,,False,2026-09-03
2048,3,1,2023-10-01,2025-09-20,Completado,923,4.5,True,2026-09-03
2631,3,5,2023-07-16,2025-01-06,Completado,692,6.7,True,2026-09-03
2632,1,5,2024-04-11,2025-10-03,Completado,714,4.4,True,2026-09-03
2141,4,3,2024-04-22,2025-04-17,Completado,459,6.8,True,2026-09-03
4517,6,3,2020-12-12,2022-06-05,En Curso,353,5.9,False,2026-09-03
2821,10,4,2020-02-03,2020-08-01,En Curso,120,4.4,False,2026-09-03
4582,2,1,2020-06-05,2021-01-22,Abandonado,207,,False,2026-09-03
1674,7,4,2022-12-23,2023-06-09,Abandonado,77,,False,2026-09-03
224,3,2,2022-10-02,2024-03-25,Completado,704,4.5,True,2026-09-03
4430,8,2,2021-05-06,2022-05-01,Completado,475,6.0,True,2026-09-03
1419,8,1,2020-09-08,2022-08-29,Completado,920,6.5,True,2026-09-03
1793,9,2,2020-12-18,2022-06-11,Completado,685,5.4,True,2026-09-03
2347,2,4,2024-10-13,2026-04-06,Completado,707,5.0,True,2026-09-03
1810,5,1,2021-06-25,2022-12-17,Completado,692,4.5,True,2026-09-03
2826,8,4,2024-09-05,2026-08-26,Completado,954,5.1,True,2026-09-03
3263,9,3,2024-08-06,2025-08-01,Completado,473,6.7,True,2026-09-03
1050,5,3,2022-01-27,2022-07-26,Completado,233,4.9,True,2026-09-03
3182,7,5,2024-08-10,2026-02-01,Completado,694,5.8,True,2026-09-03
2268,1,3,2020-05-28,2021-11-19,Completado,688,6.1,True,2026-09-03
964,8,1,2021-05-29,2023-05-19,En Curso,290,6.1,False,2026-09-03
3173,9,2,2020-11-29,2021-11-24,Completado,475,5.8,True,2026-09-03
269,4,3,2024-09-08,2025-09-03,En Curso,220,4.1,False,2026-09-03
4228,3,3,2020-12-30,2021-06-28,En Curso,103,4.8,False,2026-09-03
4079,4,1,2021-02-27,2022-02-22,En Curso,229,4.6,False,2026-09-03
1716,2,4,2022-05-21,2023-05-16,Completado,473,6.3,True,2026-09-03
3031,8,5,2022-01-21,2024-01-11,En Curso,511,5.6,False,2026-09-03
1924,6,1,2021-03-31,2021-07-17,Abandonado,47,,False,2026-09-03
1220,9,1,2021-01-28,2022-07-22,En Curso,393,5.8,False,2026-09-03
2486,1,5,2020-01-04,2020-07-02,En Curso,81,6.6,False,2026-09-03
4507,9,1,2024-12-04,2026-05-28,Completado,699,4.9,True,2026-09-03
664,9,3,2022-12-31,2024-12-20,En Curso,371,4.0,False,2026-09-03
2316,7,2,2021-10-16,2023-04-09,Completado,715,4.3,True,2026-09-03
181,5,5,2020-08-02,2021-01-29,Completado,231,5.6,True,2026-09-03
3238,6,2,2021-04-12,2023-04-02,En Curso,441,7.0,False,2026-09-03
490,2,3,2023-11-02,2024-04-30,Completado,229,5.7,True,2026-09-03
1411,7,2,2021-08-29,2023-02-20,Completado,692,6.1,True,2026-09-03
4415,6,2,2020-11-11,2021-11-06,Completado,464,6.5,True,2026-09-03
1901,7,4,2022-11-19,2023-01-19,Abandonado,289,,False,2026-09-03
3946,5,5,2022-07-07,2024-06-26,Completado,925,5.2,True,2026-09-03
4273,10,1,2024-07-28,2025-01-24,Completado,229,4.8,True,2026-09-03
2363,2,2,2023-03-04,2024-08-25,Completado,714,4.2,True,2026-09-03
4775,3,4,2021-04-27,2023-04-17,Completado,944,7.0,True,2026-09-03
4311,1,3,2020-05-10,2022-04-30,Completado,959,5.7,True,2026-09-03
2799,9,4,2020-12-21,2022-12-11,Completado,923,4.3,True,2026-09-03
3773,2,1,2024-08-08,2026-07-29,En Curso,554,5.2,False,2026-09-03
2716,9,5,2020-08-08,2021-03-05,Abandonado,177,,False,2026-09-03
250,1,4,2021-05-05,2021-11-01,Completado,238,6.8,True,2026-09-03
4972,10,3,2024-02-02,2025-01-27,Completado,478,5.5,True,2026-09-03
4628,9,4,2020-04-14,2021-04-09,En Curso,275,5.6,False,2026-09-03
3549,8,2,2021-02-25,2023-02-15,Completado,938,5.5,True,2026-09-03
1372,4,1,2020-11-05,2022-04-29,En Curso,417,5.9,False,2026-09-03
3391,9,3,2021-09-16,2023-03-10,En Curso,423,5.4,False,2026-09-03
2107,8,1,2023-10-03,2024-09-27,Completado,461,5.5,True,2026-09-03
475,7,2,2021-04-07,2022-09-29,En Curso,259,4.8,False,2026-09-03
2676,3,5,2023-11-02,2024-04-30,Completado,238,6.3,True,2026-09-03
1423,9,1,2022-02-25,2023-08-19,Completado,698,5.0,True,2026-09-03
2600,1,1,2022-04-03,2023-09-25,En Curso,336,4.9,False,2026-09-03
3529,3,5,2020-10-12,2021-06-14,Abandonado,233,,False,2026-09-03
4708,2,4,2022-02-20,2023-02-15,Completado,470,6.0,True,2026-09-03
2454,8,1,2023-09-28,2024-04-10,Abandonado,227,,False,2026-09-03
3958,9,4,2023-01-18,2024-01-13,En Curso,165,5.1,False,2026-09-03
3495,5,1,2021-03-08,2021-09-04,Completado,230,5.4,True,2026-09-03
3954,2,1,2022-08-30,2023-04-19,Abandonado,126,,False,2026-09-03
1507,6,5,2022-07-18,2023-07-13,En Curso,315,4.6,False,2026-09-03
2693,4,1,2022-09-23,2023-06-03,Abandonado,97,,False,2026-09-03
2046,2,3,2023-09-10,2025-03-03,Completado,691,6.0,True,2026-09-03
3047,6,3,2024-02-08,2025-11-26,Abandonado,193,,False,2026-09-03
1815,5,3,2024-11-10,2026-10-31,Completado,918,6.7,True,2026-09-03
3153,3,4,2022-02-10,2023-02-05,Completado,468,4.1,True,2026-09-03
4444,6,2,2022-07-22,2024-01-13,Completado,686,5.2,True,2026-09-03
929,3,1,2021-02-14,2022-08-08,Completado,698,4.3,True,2026-09-03
4351,4,5,2020-07-11,2021-01-07,Completado,234,4.7,True,2026-09-03
2581,10,2,2020-07-15,2022-01-06,En Curso,221,5.6,False,2026-09-03
3991,3,1,2022-10-07,2023-04-05,Completado,228,4.3,True,2026-09-03
880,6,1,2022-11-17,2024-11-06,Completado,953,6.5,True,2026-09-03
2394,1,3,2020-01-18,2022-01-07,En Curso,475,5.3,False,2026-09-03
4070,4,4,2020-10-24,2021-04-22,Completado,238,4.7,True,2026-09-03
1524,3,2,2024-02-19,2025-08-12,Completado,713,4.4,True,2026-09-03
3704,1,1,2023-12-06,2024-11-30,En Curso,327,5.9,False,2026-09-03
3743,5,2,2024-04-10,2025-04-05,Completado,471,6.2,True,2026-09-03
2187,1,5,2020-09-23,2022-03-17,Completado,686,5.5,True,2026-09-03
1136,2,3,2024-10-27,2025-10-22,Completado,467,6.1,True,2026-09-03
2585,7,1,2023-07-28,2024-03-18,Abandonado,99,,False,2026-09-03
3624,6,1,2022-08-26,2024-02-17,Completado,707,4.5,True,2026-09-03
3038,1,4,2023-05-25,2025-05-14,En Curso,620,4.2,False,2026-09-03
2749,8,2,2024-05-10,2026-04-30,Completado,957,6.1,True,2026-09-03
2519,6,3,2020-08-24,2021-08-19,Completado,478,4.5,True,2026-09-03
4725,1,2,2024-01-28,2024-04-17,Abandonado,131,,False,2026-09-03
4240,8,3,2022-01-18,2023-07-12,Completado,689,6.2,True,2026-09-03
2248,6,4,2022-07-10,2024-06-29,Completado,929,6.8,True,2026-09-03
297,8,5,2023-01-03,2023-12-29,Completado,461,5.6,True,2026-09-03
2428,9,3,2022-02-19,2022-08-18,Completado,235,5.7,True,2026-09-03
435,10,4,2020-09-25,2022-03-19,Completado,715,5.0,True,2026-09-03
2677,7,4,2024-05-06,2024-11-02,Completado,233,4.9,True,2026-09-03
4681,7,5,2020-08-13,2022-05-08,Abandonado,120,,False,2026-09-03
194,10,3,2024-07-16,2025-07-11,Completado,462,5.7,True,2026-09-03
1642,5,3,2021-01-31,2022-09-30,Abandonado,181,,False,2026-09-03
921,10,3,2024-11-20,2024-12-26,Abandonado,84,,False,2026-09-03
4026,7,1,2022-05-24,2024-01-18,Abandonado,120,,False,2026-09-03
1910,5,5,2023-02-14,2024-02-09,Completado,465,6.4,True,2026-09-03
4716,10,2,2020-06-03,2021-11-25,En Curso,258,5.0,False,2026-09-03
159,9,4,2024-06-02,2024-09-29,Abandonado,51,,False,2026-09-03
3641,6,1,2022-02-18,2022-08-17,Completado,231,6.5,True,2026-09-03
3056,6,3,2021-11-21,2023-05-15,Completado,711,6.3,True,2026-09-03
2542,8,3,2024-01-25,2024-07-23,En Curso,137,5.0,False,2026-09-03
1247,1,1,2024-02-11,2024-09-07,Abandonado,214,,False,2026-09-03
1622,5,1,2021-06-16,2022-12-08,En Curso,370,7.0,False,2026-09-03
949,1,2,2020-12-24,2022-12-14,Completado,923,4.4,True,2026-09-03
219,5,2,2020-11-10,2021-09-07,Abandonado,178,,False,2026-09-03
2861,1,4,2024-05-11,2025-05-06,En Curso,268,4.3,False,2026-09-03
4851,1,1,2024-03-01,2024-08-28,Completado,239,6.0,True,2026-09-03
1035,8,4,2021-01-20,2022-07-14,Completado,694,4.3,True,2026-09-03
1434,9,2,2021-05-01,2022-04-26,En Curso,306,4.5,False,2026-09-03
2126,1,2,2021-11-13,2022-09-02,Abandonado,323,,False,2026-09-03
85,3,4,2024-05-07,2025-10-29,En Curso,454,5.5,False,2026-09-03
1376,4,5,2021-10-07,2022-10-02,Completado,470,5.3,True,2026-09-03
3894,6,4,2024-02-12,2025-02-06,Completado,459,4.6,True,2026-09-03
146,3,3,2020-08-17,2022-02-08,Completado,706,6.1,True,2026-09-03
4648,6,2,2023-07-08,2024-12-29,En Curso,260,6.9,False,2026-09-03
2555,10,1,2024-04-27,2025-04-22,En Curso,264,4.6,False,2026-09-03
1558,3,5,2022-11-04,2024-10-24,En Curso,512,7.0,False,2026-09-03
2369,7,4,2021-09-09,2023-07-26,Abandonado,298,,False,2026-09-03
4942,4,3,2024-10-26,2026-04-19,Completado,685,5.5,True,2026-09-03
3884,3,2,2020-04-13,2022-04-03,Completado,943,5.0,True,2026-09-03
4418,8,5,2021-12-19,2022-12-14,En Curso,179,7.0,False,2026-09-03
4719,10,5,2021-06-27,2021-12-24,Completado,235,4.4,True,2026-09-03
3673,1,4,2023-05-18,2024-11-08,En Curso,495,6.7,False,2026-09-03
3674,9,2,2022-08-27,2023-08-22,Completado,478,6.2,True,2026-09-03
3839,2,1,2021-10-30,2023-04-23,En Curso,465,6.1,False,2026-09-03
1705,9,1,2022-12-08,2023-02-19,Abandonado,64,,False,2026-09-03
965,8,3,2020-09-04,2022-02-18,Abandonado,406,,False,2026-09-03
2471,3,3,2023-06-22,2024-12-13,En Curso,234,6.6,False,2026-09-03
384,6,2,2022-01-19,2022-02-27,Abandonado,39,,False,2026-09-03
41,7,4,2023-04-08,2024-09-29,Completado,698,6.0,True,2026-09-03
2040,9,1,2021-07-25,2023-07-15,Completado,955,5.3,True,2026-09-03
2763,9,4,2023-11-18,2024-11-12,Completado,456,4.3,True,2026-09-03
3668,10,2,2023-12-22,2025-06-14,En Curso,323,4.7,False,2026-09-03
1540,4,4,2020-10-11,2020-11-16,Abandonado,158,,False,2026-09-03
4588,9,1,2023-10-03,2024-09-27,Completado,475,6.3,True,2026-09-03
1030,1,5,2023-03-29,2024-09-19,En Curso,234,6.2,False,2026-09-03
911,9,4,2020-09-22,2022-03-16,Completado,686,6.2,True,2026-09-03
4136,3,3,2020-03-13,2021-09-04,Completado,694,5.7,True,2026-09-03
432,4,3,2020-01-04,2020-05-18,Abandonado,363,,False,2026-09-03
1051,1,2,2022-02-10,2023-02-05,Completado,461,4.7,True,2026-09-03
1031,9,3,2020-01-13,2021-03-05,Abandonado,89,,False,2026-09-03
3999,4,2,2022-09-13,2024-09-02,En Curso,570,6.2,False,2026-09-03
2853,2,4,2024-07-26,2026-07-16,Completado,922,5.5,True,2026-09-03
4385,3,5,2024-12-11,2025-12-06,En Curso,259,4.8,False,2026-09-03
481,1,2,2024-03-03,2024-08-30,Abandonado,152,,False,2026-09-03
197,8,5,2024-03-15,2025-09-06,Completado,711,6.1,True,2026-09-03
3455,2,3,2020-01-17,2021-07-10,Completado,698,4.1,True,2026-09-03
470,6,2,2020-12-05,2021-11-30,En Curso,298,6.5,False,2026-09-03
3739,2,1,2024-01-12,2024-07-10,Completado,236,6.9,True,2026-09-03
4246,7,1,2023-08-08,2025-05-04,Abandonado,218,,False,2026-09-03
1425,3,4,2022-04-01,2023-03-27,En Curso,198,5.7,False,2026-09-03
1593,8,2,2021-02-15,2021-08-14,En Curso,74,5.9,False,2026-09-03
4990,7,5,2023-04-18,2024-04-12,Completado,457,5.6,True,2026-09-03
70,6,4,2022-07-05,2023-03-30,Abandonado,145,,False,2026-09-03
255,4,2,2023-09-28,2024-03-30,Abandonado,260,,False,2026-09-03
3019,10,1,2023-11-12,2024-11-06,En Curso,150,5.1,False,2026-09-03
4701,7,3,2024-10-23,2025-06-14,Abandonado,347,,False,2026-09-03
4083,1,4,2020-08-10,2021-08-05,Completado,479,6.8,True,2026-09-03
843,10,2,2023-04-18,2024-04-12,Completado,467,4.7,True,2026-09-03
973,8,3,2020-09-18,2022-09-08,Completado,937,4.7,True,2026-09-03
3082,1,2,2024-03-19,2025-03-14,En Curso,262,5.4,False,2026-09-03
1259,8,3,2021-11-25,2023-11-15,Completado,916,4.1,True,2026-09-03
414,2,4,2020-10-04,2020-12-29,Abandonado,36,,False,2026-09-03
2939,9,4,2024-08-30,2025-08-25,Completado,477,6.0,True,2026-09-03
2279,4,1,2024-09-04,2026-02-26,En Curso,358,5.0,False,2026-09-03
1356,3,2,2021-08-17,2023-02-08,Completado,703,4.3,True,2026-09-03
930,5,4,2024-11-20,2025-05-19,En Curso,103,4.3,False,2026-09-03
3001,2,4,2020-01-30,2022-01-19,Completado,939,6.8,True,2026-09-03
3970,9,4,2022-10-02,2023-09-27,Completado,470,6.6,True,2026-09-03
339,8,3,2023-01-18,2025-01-07,Completado,938,5.9,True,2026-09-03
312,6,4,2023-02-04,2025-01-24,En Curso,334,4.9,False,2026-09-03
3403,5,2,2023-01-04,2024-12-24,Completado,950,6.5,True,2026-09-03
584,8,5,2022-03-07,2022-09-03,Completado,236,4.2,True,2026-09-03
1973,1,3,2020-04-12,2021-10-04,En Curso,397,6.1,False,2026-09-03
3933,10,1,2021-01-12,2023-01-02,En Curso,361,5.1,False,2026-09-03
2373,3,5,2021-11-11,2022-01-24,Abandonado,58,,False,2026-09-03
3299,7,5,2022-02-22,2022-08-21,Completado,228,4.7,True,2026-09-03
1989,5,5,2024-10-16,2026-04-09,Completado,711,5.4,True,2026-09-03
716,3,3,2022-07-07,2023-01-03,Completado,231,5.3,True,2026-09-03
3936,1,5,2022-02-15,2022-06-17,Abandonado,91,,False,2026-09-03
4777,8,1,2020-09-06,2022-08-27,Completado,917,4.7,True,2026-09-03
498,9,1,2021-04-04,2021-10-01,Completado,228,4.8,True,2026-09-03
4436,2,4,2020-02-18,2020-08-16,Completado,232,6.2,True,2026-09-03
1369,1,2,2020-01-15,2021-04-07,Abandonado,103,,False,2026-09-03
3053,9,1,2023-02-10,2024-08-03,En Curso,463,5.7,False,2026-09-03
4340,3,5,2020-09-01,2021-08-27,Completado,469,4.9,True,2026-09-03
2908,8,2,2023-01-11,2024-12-31,Completado,950,5.4,True,2026-09-03
4597,5,3,2020-06-21,2021-12-13,Completado,709,4.6,True,2026-09-03
1653,2,1,2022-01-15,2023-01-10,Completado,469,7.0,True,2026-09-03
4417,10,5,2020-12-03,2021-11-28,Completado,463,5.0,True,2026-09-03
2757,8,5,2021-07-11,2022-07-06,Completado,460,5.1,True,2026-09-03
1668,3,2,2023-08-24,2024-01-25,Abandonado,91,,False,2026-09-03
2252,9,2,2021-10-22,2022-10-17,Completado,478,5.4,True,2026-09-03
595,7,1,2020-03-20,2021-03-15,En Curso,295,6.5,False,2026-09-03
4487,9,5,2021-10-17,2023-04-10,Completado,684,4.3,True,2026-09-03
723,2,4,2024-06-20,2026-06-10,Completado,930,4.9,True,2026-09-03
3137,6,1,2022-01-02,2023-12-23,En Curso,290,6.6,False,2026-09-03
4485,7,1,2020-11-29,2022-03-01,Abandonado,462,,False,2026-09-03
1300,7,5,2021-07-23,2022-01-19,En Curso,145,6.7,False,2026-09-03
592,7,5,2022-07-22,2023-01-18,Completado,233,6.5,True,2026-09-03
668,4,4,2024-03-07,2025-03-02,Completado,461,5.8,True,2026-09-03
873,2,2,2020-09-17,2021-09-12,Completado,463,5.7,True,2026-09-03
622,2,3,2022-11-04,2023-10-30,En Curso,330,4.8,False,2026-09-03
1809,7,1,2023-12-24,2024-12-18,Completado,475,4.1,True,2026-09-03
241,10,3,2020-07-17,2021-07-12,Completado,463,6.5,True,2026-09-03
213,2,2,2023-04-11,2023-10-08,Completado,234,5.4,True,2026-09-03
1855,7,1,2023-12-12,2024-12-06,En Curso,290,4.7,False,2026-09-03
3503,2,2,2023-06-17,2024-12-08,Completado,696,5.8,True,2026-09-03
4459,7,4,2020-06-20,2021-06-15,Completado,467,6.5,True,2026-09-03
2767,6,3,2022-01-01,2023-06-25,En Curso,498,5.7,False,2026-09-03
1828,9,5,2024-09-25,2026-03-19,Completado,701,5.3,True,2026-09-03
1018,2,2,2022-01-14,2023-01-09,Completado,460,4.1,True,2026-09-03
3908,9,1,2023-12-16,2024-12-10,Completado,479,5.2,True,2026-09-03
4713,2,4,2020-09-22,2021-09-17,Completado,456,4.4,True,2026-09-03
4703,1,4,2022-06-03,2022-11-30,En Curso,154,6.9,False,2026-09-03
3993,1,5,2023-08-25,2025-08-14,En Curso,585,6.2,False,2026-09-03
2991,2,2,2023-03-30,2024-03-24,Completado,479,4.1,True,2026-09-03
306,7,2,2024-04-04,2025-03-28,Abandonado,99,,False,2026-09-03
2707,2,3,2022-06-15,2022-12-20,Abandonado,135,,False,2026-09-03
3775,2,4,2022-01-05,2022-07-04,Completado,239,6.2,True,2026-09-03
4057,7,5,2022-09-03,2023-08-29,Completado,473,4.5,True,2026-09-03
3615,2,5,2023-11-14,2024-11-08,Completado,462,4.6,True,2026-09-03
4458,10,5,2024-01-15,2025-07-08,Completado,694,5.0,True,2026-09-03
3136,6,4,2023-01-08,2024-01-03,En Curso,328,4.1,False,2026-09-03
2066,9,4,2022-12-07,2023-06-05,En Curso,131,4.1,False,2026-09-03
4412,6,4,2022-11-17,2023-11-12,Completado,472,5.1,True,2026-09-03
2469,2,4,2021-03-14,2023-03-04,Completado,919,6.6,True,2026-09-03
42,4,1,2020-04-16,2021-10-08,Completado,718,4.2,True,2026-09-03
3138,5,5,2021-11-17,2023-11-07,En Curso,319,5.3,False,2026-09-03
4976,9,2,2023-01-29,2024-01-24,Completado,461,6.6,True,2026-09-03
2567,5,3,2020-03-24,2020-09-20,En Curso,110,6.8,False,2026-09-03
1472,2,2,2022-10-19,2024-04-11,En Curso,284,6.9,False,2026-09-03
477,7,4,2023-02-09,2024-02-04,Completado,467,5.4,True,2026-09-03
3740,7,4,2020-09-30,2021-08-23,Abandonado,177,,False,2026-09-03
4258,2,4,2021-11-05,2022-10-31,Completado,456,4.4,True,2026-09-03
2844,9,5,2021-03-14,2022-03-09,Completado,473,4.6,True,2026-09-03
320,8,2,2023-11-26,2024-11-20,Completado,466,6.3,True,2026-09-03
1450,10,5,2020-02-21,2021-02-15,Completado,457,4.9,True,2026-09-03
3132,7,3,2024-03-06,2024-09-02,En Curso,89,6.4,False,2026-09-03
3470,9,1,2024-09-21,2025-03-20,Completado,232,4.5,True,2026-09-03
2748,1,3,2022-03-05,2023-02-28,En Curso,162,4.3,False,2026-09-03
4265,3,3,2023-06-23,2025-06-12,En Curso,665,5.7,False,2026-09-03
2722,3,2,2021-08-14,2022-11-03,Abandonado,85,,False,2026-09-03
521,1,1,2022-07-14,2023-01-10,Completado,231,5.6,True,2026-09-03
1621,2,3,2021-12-15,2022-12-10,Completado,457,6.6,True,2026-09-03
1848,7,4,2022-10-17,2023-04-15,Completado,230,5.2,True,2026-09-03
4922,3,2,2023-04-22,2024-04-16,Completado,457,5.0,True,2026-09-03
3264,8,3,2023-10-28,2025-10-17,Completado,917,4.2,True,2026-09-03
1493,5,5,2024-02-24,2026-02-13,Completado,921,4.9,True,2026-09-03
4313,2,1,2021-12-05,2023-11-25,Completado,942,4.5,True,2026-09-03
18,2,2,2022-08-03,2024-01-25,Completado,688,6.8,True,2026-09-03
3810,10,1,2024-04-02,2025-01-14,Abandonado,166,,False,2026-09-03
2073,2,3,2022-12-08,2023-10-10,Abandonado,223,,False,2026-09-03
3883,7,3,2022-12-26,2023-02-25,Abandonado,175,,False,2026-09-03
1553,4,2,2023-10-04,2025-03-27,En Curso,494,6.8,False,2026-09-03
2333,7,3,2022-06-29,2023-06-24,Completado,476,5.2,True,2026-09-03
3508,1,5,2024-02-13,2025-08-06,En Curso,344,4.2,False,2026-09-03
1523,5,1,2024-03-01,2025-06-25,Abandonado,173,,False,2026-09-03
3206,7,5,2021-02-25,2022-04-21,Abandonado,331,,False,2026-09-03
4679,2,1,2024-03-19,2025-03-14,En Curso,224,5.3,False,2026-09-03
2208,4,5,2020-12-31,2021-08-25,Abandonado,149,,False,2026-09-03
3742,6,5,2022-03-18,2023-03-13,Completado,479,5.3,True,2026-09-03
1202,4,3,2020-01-04,2020-07-02,En Curso,104,6.2,False,2026-09-03
1080,5,3,2020-10-11,2021-10-06,Completado,461,5.1,True,2026-09-03
3928,3,4,2020-12-08,2021-06-06,Completado,235,5.9,True,2026-09-03
4331,8,4,2020-09-26,2021-09-21,En Curso,165,4.9,False,2026-09-03
2739,6,3,2024-12-24,2025-12-19,En Curso,317,5.5,False,2026-09-03
4788,7,3,2024-01-29,2025-01-23,Completado,467,5.0,True,2026-09-03
3723,1,2,2020-11-24,2021-11-19,Completado,460,4.8,True,2026-09-03
2975,8,4,2021-12-09,2023-11-29,Completado,935,6.3,True,2026-09-03
4999,4,5,2024-01-15,2024-03-02,Abandonado,68,,False,2026-09-03
1176,5,5,2023-12-19,2024-02-23,Abandonado,29,,False,2026-09-03
1530,9,1,2023-02-09,2025-01-29,Completado,951,6.6,True,2026-09-03
2264,3,1,2021-09-04,2022-08-30,Completado,459,5.1,True,2026-09-03
3229,1,4,2023-12-20,2024-12-14,Completado,476,6.8,True,2026-09-03
1104,1,1,2021-09-02,2022-03-01,En Curso,114,6.3,False,2026-09-03
3295,2,2,2021-01-21,2022-01-16,Completado,469,6.1,True,2026-09-03
2049,3,2,2022-07-13,2023-07-08,Completado,479,5.0,True,2026-09-03
4339,9,1,2024-06-27,2025-02-09,Abandonado,193,,False,2026-09-03
1718,2,4,2021-09-19,2022-03-18,En Curso,163,6.1,False,2026-09-03
3472,5,1,2024-09-30,2026-09-20,Completado,952,7.0,True,2026-09-03
3671,1,3,2021-10-15,2023-04-08,En Curso,290,5.5,False,2026-09-03
4367,8,4,2021-05-30,2021-11-26,Completado,231,5.7,True,2026-09-03
559,10,5,2024-12-26,2026-05-31,Abandonado,124,,False,2026-09-03
4584,7,2,2021-10-18,2022-10-13,Completado,473,4.9,True,2026-09-03
2327,2,4,2023-05-13,2023-11-09,Completado,237,4.3,True,2026-09-03
2921,5,2,2024-08-14,2025-01-08,Abandonado,119,,False,2026-09-03
603,7,1,2021-08-07,2022-08-02,Completado,477,4.3,True,2026-09-03
3897,4,4,2022-07-05,2023-12-27,Completado,695,5.3,True,2026-09-03
2571,4,1,2021-10-20,2022-10-15,Completado,463,6.9,True,2026-09-03
4225,6,3,2024-11-24,2025-08-06,Abandonado,183,,False,2026-09-03
1058,3,1,2021-05-29,2021-11-25,Completado,239,5.7,True,2026-09-03
3737,10,2,2023-08-11,2024-08-05,Completado,459,4.2,True,2026-09-03
2012,8,5,2020-09-03,2021-08-29,Completado,468,4.3,True,2026-09-03
3471,5,2,2024-10-04,2025-09-29,En Curso,255,4.7,False,2026-09-03
715,9,4,2023-12-12,2024-06-09,Completado,239,4.3,True,2026-09-03
2765,4,4,2022-11-12,2024-05-05,En Curso,477,4.0,False,2026-09-03
869,10,5,2023-12-17,2024-12-11,En Curso,244,6.8,False,2026-09-03
4045,7,2,2021-07-30,2021-11-18,Abandonado,26,,False,2026-09-03
275,9,4,2023-07-10,2024-07-04,Completado,459,4.1,True,2026-09-03
2475,7,4,2023-07-25,2025-01-15,Completado,684,5.8,True,2026-09-03
681,1,2,2023-04-08,2023-10-05,En Curso,150,6.6,False,2026-09-03
3383,7,1,2021-11-26,2022-11-21,En Curso,144,6.3,False,2026-09-03
1656,10,3,2022-08-21,2024-02-12,Completado,716,4.4,True,2026-09-03
1004,7,4,2022-05-19,2023-11-10,Completado,692,4.4,True,2026-09-03
2732,9,3,2020-05-28,2021-05-23,En Curso,288,5.5,False,2026-09-03
2885,9,2,2023-02-13,2024-02-08,Completado,462,5.6,True,2026-09-03
3481,10,2,2020-05-22,2021-05-17,En Curso,292,4.1,False,2026-09-03
2550,7,1,2023-09-29,2025-03-22,En Curso,436,5.7,False,2026-09-03
2823,2,1,2021-09-11,2023-09-01,En Curso,484,5.0,False,2026-09-03
440,2,5,2021-01-13,2023-01-03,Completado,930,5.3,True,2026-09-03
1980,3,3,2022-01-23,2023-01-18,En Curso,216,6.8,False,2026-09-03
3998,4,1,2021-07-08,2022-07-03,En Curso,193,6.0,False,2026-09-03
4402,4,2,2021-12-23,2022-12-18,En Curso,269,6.8,False,2026-09-03
3240,4,4,2021-03-17,2023-03-07,Completado,929,6.5,True,2026-09-03
338,3,2,2022-07-27,2023-07-22,Completado,462,4.4,True,2026-09-03
155,9,1,2020-12-13,2021-06-11,Completado,229,4.5,True,2026-09-03
1697,6,2,2023-08-05,2023-10-27,Abandonado,75,,False,2026-09-03
4685,7,1,2022-10-24,2024-10-13,Completado,951,6.5,True,2026-09-03
4773,8,4,2022-08-08,2023-08-03,En Curso,272,4.6,False,2026-09-03
825,8,2,2021-06-15,2021-12-12,Completado,230,6.3,True,2026-09-03
2913,2,5,2021-10-26,2022-04-08,Abandonado,78,,False,2026-09-03
2383,7,3,2023-08-13,2025-02-03,Completado,709,5.4,True,2026-09-03
3820,5,3,2023-12-03,2024-11-27,En Curso,248,5.4,False,2026-09-03
389,5,5,2023-02-21,2024-08-14,En Curso,503,4.7,False,2026-09-03
2791,10,2,2024-06-04,2026-05-25,Completado,938,6.5,True,2026-09-03
120,1,3,2020-11-26,2021-11-21,Completado,458,5.2,True,2026-09-03
2169,5,4,2021-04-25,2022-10-17,En Curso,348,5.3,False,2026-09-03
3083,9,2,2024-07-29,2026-07-19,Completado,955,6.2,True,2026-09-03
2689,1,1,2020-02-04,2021-01-29,En Curso,177,4.2,False,2026-09-03
4088,1,3,2020-06-28,2021-01-10,Abandonado,187,,False,2026-09-03
3210,3,1,2020-04-27,2020-06-12,Abandonado,58,,False,2026-09-03
4453,4,4,2024-09-15,2026-03-09,Completado,713,5.8,True,2026-09-03
2380,8,4,2023-10-28,2025-10-17,Completado,933,5.2,True,2026-09-03
1268,5,1,2022-05-16,2023-05-11,Completado,463,6.0,True,2026-09-03
2210,5,1,2021-10-12,2022-10-07,Completado,467,5.2,True,2026-09-03
149,5,5,2024-11-11,2026-11-01,Completado,931,6.5,True,2026-09-03
2710,6,2,2024-04-22,2024-10-19,En Curso,139,4.3,False,2026-09-03
527,9,1,2020-11-23,2021-11-18,Completado,475,4.1,True,2026-09-03
4969,2,4,2024-07-08,2025-07-03,En Curso,150,4.2,False,2026-09-03
3477,4,5,2021-12-16,2022-12-11,En Curso,259,6.9,False,2026-09-03
5,3,3,2022-02-24,2023-08-18,Completado,694,6.5,True,2026-09-03
2551,8,4,2024-08-01,2026-01-23,Completado,692,4.2,True,2026-09-03
1090,7,4,2024-08-18,2026-02-09,Completado,705,6.7,True,2026-09-03
3396,1,5,2022-11-13,2024-05-06,Completado,686,5.2,True,2026-09-03
2010,7,5,2020-12-27,2022-12-17,En Curso,670,6.7,False,2026-09-03
799,3,4,2023-10-15,2024-10-09,Completado,472,5.9,True,2026-09-03
3072,5,1,2023-01-27,2024-07-20,Completado,713,4.0,True,2026-09-03
3885,7,3,2021-05-17,2021-11-13,En Curso,125,5.2,False,2026-09-03
765,5,3,2022-04-01,2023-03-27,Completado,457,4.9,True,2026-09-03
738,10,5,2024-07-06,2026-06-26,Completado,946,4.2,True,2026-09-03
4731,5,5,2022-06-15,2022-10-29,Abandonado,65,,False,2026-09-03
4852,7,4,2022-09-23,2023-09-18,Completado,470,6.2,True,2026-09-03
1214,6,1,2024-10-09,2025-04-07,Completado,231,6.8,True,2026-09-03
3172,4,3,2020-01-05,2021-12-25,Completado,935,6.6,True,2026-09-03
4449,7,5,2021-10-11,2023-04-04,Completado,699,5.3,True,2026-09-03
3189,2,2,2023-10-22,2024-03-17,Abandonado,107,,False,2026-09-03
4084,10,3,2021-01-31,2021-07-30,Completado,238,5.3,True,2026-09-03
156,1,1,2022-09-19,2023-09-14,Completado,465,6.7,True,2026-09-03
1381,1,2,2020-10-02,2022-03-26,Completado,715,4.3,True,2026-09-03
2398,2,1,2021-07-10,2023-06-30,Completado,952,4.8,True,2026-09-03
3567,2,3,2024-07-10,2026-06-30,Completado,917,4.4,True,2026-09-03
3068,10,2,2022-03-05,2024-02-23,Completado,959,4.4,True,2026-09-03
1506,5,1,2020-11-19,2021-11-14,Completado,457,5.3,True,2026-09-03
2563,7,3,2022-01-21,2023-01-16,Completado,456,5.3,True,2026-09-03
1526,3,2,2022-11-25,2024-11-14,Completado,923,5.0,True,2026-09-03
2605,5,3,2021-03-09,2022-08-31,Completado,688,4.6,True,2026-09-03
3441,1,2,2022-05-28,2022-11-24,Completado,230,5.1,True,2026-09-03
1514,8,3,2021-12-06,2022-12-01,Completado,465,4.6,True,2026-09-03
3756,5,1,2021-10-09,2022-10-04,Completado,468,6.1,True,2026-09-03
84,5,4,2023-11-06,2024-10-31,Completado,458,4.7,True,2026-09-03
4841,6,3,2020-12-30,2021-06-28,En Curso,112,6.6,False,2026-09-03
4347,8,3,2022-01-19,2024-01-09,Completado,952,4.1,True,2026-09-03
148,5,2,2022-03-19,2023-03-14,Completado,456,6.0,True,2026-09-03
3290,7,4,2021-06-04,2023-05-25,Completado,926,5.5,True,2026-09-03
4124,9,5,2023-08-03,2024-07-28,En Curso,234,6.2,False,2026-09-03
3901,4,4,2024-11-03,2025-10-29,Completado,463,6.1,True,2026-09-03
1806,8,1,2024-09-28,2025-03-27,Completado,231,5.7,True,2026-09-03
774,5,4,2021-02-04,2022-01-30,Completado,460,4.8,True,2026-09-03
4554,7,3,2024-07-26,2025-07-21,En Curso,207,6.9,False,2026-09-03
3308,5,4,2024-04-25,2025-10-17,Completado,719,4.9,True,2026-09-03
4695,2,5,2020-08-10,2021-08-05,Completado,460,4.9,True,2026-09-03
2324,3,3,2021-03-02,2021-06-04,Abandonado,125,,False,2026-09-03
2664,7,4,2020-06-27,2020-12-24,En Curso,72,6.1,False,2026-09-03
3826,4,5,2020-01-24,2020-07-22,Completado,228,6.6,True,2026-09-03
1508,4,4,2022-10-10,2024-09-29,En Curso,432,5.9,False,2026-09-03
2903,10,5,2022-01-31,2024-01-21,Completado,941,6.6,True,2026-09-03
3428,5,4,2022-01-01,2022-12-27,Completado,462,6.4,True,2026-09-03
3011,9,2,2021-04-06,2022-09-28,Completado,701,6.0,True,2026-09-03
1673,4,3,2024-04-02,2025-03-28,Completado,475,4.6,True,2026-09-03
3338,4,4,2023-02-20,2024-08-13,Completado,706,6.5,True,2026-09-03
2668,1,5,2022-06-24,2022-12-21,En Curso,97,6.1,False,2026-09-03
3974,5,1,2021-05-31,2021-10-15,Abandonado,179,,False,2026-09-03
4655,2,3,2020-11-10,2022-10-31,Completado,959,4.4,True,2026-09-03
4190,8,1,2023-09-24,2024-07-14,Abandonado,116,,False,2026-09-03
3948,2,3,2023-11-24,2024-11-18,Completado,470,5.3,True,2026-09-03
1289,5,4,2022-09-16,2023-09-11,En Curso,185,6.5,False,2026-09-03
4188,2,1,2021-08-29,2022-08-24,En Curso,195,6.8,False,2026-09-03
3956,9,2,2023-06-13,2024-12-04,En Curso,479,6.1,False,2026-09-03
4752,9,2,2021-04-12,2022-10-04,Completado,696,6.8,True,2026-09-03
3630,4,3,2020-07-30,2021-07-25,En Curso,209,6.4,False,2026-09-03
3652,8,4,2020-12-15,2021-12-10,En Curso,246,4.4,False,2026-09-03
2400,1,3,2024-04-19,2025-04-14,Completado,465,6.7,True,2026-09-03
674,5,2,2021-12-28,2022-12-23,Completado,479,5.9,True,2026-09-03
535,9,4,2024-03-21,2025-02-14,Abandonado,171,,False,2026-09-03
2737,3,2,2023-04-25,2024-06-21,Abandonado,215,,False,2026-09-03
2367,3,3,2022-05-28,2023-11-19,Completado,716,4.5,True,2026-09-03
78,4,5,2020-06-13,2022-06-03,En Curso,480,4.2,False,2026-09-03
4159,6,3,2022-01-19,2023-01-14,En Curso,296,4.2,False,2026-09-03
2788,7,1,2020-09-12,2022-09-02,Completado,913,5.8,True,2026-09-03
1880,2,2,2023-09-15,2025-04-09,Abandonado,101,,False,2026-09-03
835,7,3,2021-11-22,2023-11-12,En Curso,293,4.0,False,2026-09-03
430,7,2,2022-06-30,2023-02-16,Abandonado,263,,False,2026-09-03
1196,6,4,2021-03-30,2021-09-26,Completado,237,5.5,True,2026-09-03
2234,9,2,2022-12-20,2024-12-09,Completado,940,5.8,True,2026-09-03
4472,7,4,2022-04-05,2023-09-27,Completado,690,6.5,True,2026-09-03
2988,2,1,2023-02-20,2024-02-15,Completado,465,5.4,True,2026-09-03
672,3,1,2023-09-07,2024-09-01,Completado,473,4.2,True,2026-09-03
3014,10,3,2022-06-24,2022-11-18,Abandonado,74,,False,2026-09-03
4875,8,2,2024-08-28,2026-02-19,En Curso,414,4.5,False,2026-09-03
2336,6,4,2021-11-16,2022-05-15,En Curso,142,4.5,False,2026-09-03
707,2,5,2022-06-23,2023-06-18,Completado,473,5.1,True,2026-09-03
1070,6,1,2021-05-27,2022-05-22,En Curso,190,6.0,False,2026-09-03
3660,3,5,2021-11-19,2023-11-09,Completado,937,6.1,True,2026-09-03
2643,10,5,2021-06-05,2022-11-27,En Curso,300,4.7,False,2026-09-03
77,8,1,2021-09-03,2022-08-29,En Curso,145,4.3,False,2026-09-03
3235,8,1,2022-06-27,2022-12-24,Completado,239,4.2,True,2026-09-03
2404,5,5,2022-08-06,2023-08-01,En Curso,281,7.0,False,2026-09-03
108,5,3,2022-11-06,2023-11-01,Completado,462,4.8,True,2026-09-03
2750,6,3,2022-12-24,2023-06-22,En Curso,154,4.7,False,2026-09-03
2121,8,2,2020-04-23,2022-04-13,Completado,912,4.6,True,2026-09-03
2129,10,4,2022-08-20,2024-02-11,Completado,709,4.7,True,2026-09-03
4747,2,3,2024-09-12,2025-09-07,Completado,472,6.3,True,2026-09-03
1009,4,2,2021-02-08,2021-08-07,Completado,230,5.1,True,2026-09-03
2626,7,2,2020-06-04,2021-11-26,Completado,704,4.3,True,2026-09-03
1306,3,1,2023-08-25,2024-08-19,Completado,465,6.0,True,2026-09-03
1822,9,4,2024-06-30,2025-06-25,Completado,463,5.3,True,2026-09-03
2321,10,4,2023-11-11,2024-11-05,Completado,457,4.9,True,2026-09-03
2868,9,3,2024-02-06,2025-10-06,Abandonado,218,,False,2026-09-03
11,4,5,2022-01-12,2023-07-06,Completado,701,4.8,True,2026-09-03
1354,8,4,2022-07-16,2024-07-05,Completado,942,6.0,True,2026-09-03
437,3,2,2020-01-01,2021-11-07,Abandonado,230,,False,2026-09-03
26,7,5,2024-01-10,2025-12-30,Completado,921,5.4,True,2026-09-03
1587,3,1,2023-08-28,2025-02-18,Completado,705,5.5,True,2026-09-03
174,3,2,2021-05-19,2022-11-10,Completado,708,6.9,True,2026-09-03
161,10,3,2022-04-27,2023-04-22,En Curso,217,6.0,False,2026-09-03
3777,8,1,2023-11-19,2025-11-08,Completado,935,4.5,True,2026-09-03
4931,2,5,2023-10-05,2024-09-29,Completado,470,4.2,True,2026-09-03
1237,6,5,2021-09-21,2022-09-16,Completado,467,5.2,True,2026-09-03
1590,4,1,2023-03-17,2023-11-14,Abandonado,209,,False,2026-09-03
717,8,1,2021-03-16,2022-09-07,Completado,701,4.6,True,2026-09-03
1395,1,2,2022-05-31,2022-11-01,Abandonado,53,,False,2026-09-03
4846,1,2,2024-06-06,2024-12-03,Completado,234,6.8,True,2026-09-03
3817,6,3,2023-05-19,2024-05-13,Completado,465,5.7,True,2026-09-03
1750,1,1,2022-04-23,2023-10-15,Completado,700,6.3,True,2026-09-03
1993,6,1,2020-03-28,2020-09-24,Completado,235,6.7,True,2026-09-03
2562,10,3,2021-01-14,2022-01-09,Completado,467,5.0,True,2026-09-03
1985,5,5,2020-08-25,2022-02-16,En Curso,321,5.2,False,2026-09-03
4617,6,2,2021-08-16,2022-02-12,En Curso,115,5.7,False,2026-09-03
3922,8,2,2024-06-17,2026-06-07,Completado,921,4.8,True,2026-09-03
3000,2,5,2022-08-17,2023-08-12,Completado,473,4.8,True,2026-09-03
3544,2,2,2020-12-31,2021-12-26,Completado,478,5.3,True,2026-09-03
4146,8,4,2020-12-20,2022-12-10,En Curso,358,6.5,False,2026-09-03
4812,7,2,2024-04-09,2024-07-28,Abandonado,83,,False,2026-09-03
4532,10,3,2024-08-24,2025-07-26,Abandonado,169,,False,2026-09-03
1683,8,5,2023-12-15,2024-12-09,Completado,479,6.3,True,2026-09-03
2453,1,1,2020-02-15,2021-02-09,En Curso,244,6.9,False,2026-09-03
3543,9,4,2023-06-08,2024-11-29,Completado,711,5.2,True,2026-09-03
3421,6,4,2022-09-05,2023-05-05,Abandonado,57,,False,2026-09-03
4021,3,4,2024-08-22,2025-02-18,En Curso,75,5.4,False,2026-09-03
3950,10,1,2020-03-18,2021-03-13,Completado,460,6.5,True,2026-09-03
3557,8,2,2022-12-01,2023-11-26,Completado,476,4.5,True,2026-09-03
2286,6,3,2023-09-20,2025-09-09,Completado,933,6.0,True,2026-09-03
861,6,5,2024-07-17,2025-07-12,Completado,461,5.7,True,2026-09-03
748,2,3,2023-12-23,2025-06-15,Completado,712,6.0,True,2026-09-03
336,4,1,2020-09-10,2021-09-05,Completado,471,5.8,True,2026-09-03
1180,5,5,2021-03-05,2022-02-28,Completado,475,4.9,True,2026-09-03
686,5,1,2024-08-25,2026-08-15,Completado,943,4.6,True,2026-09-03
3869,1,3,2022-09-19,2023-09-14,Completado,457,5.6,True,2026-09-03
4007,10,1,2024-04-14,2024-10-11,En Curso,123,5.2,False,2026-09-03
8,3,4,2022-02-20,2023-02-15,En Curso,248,5.6,False,2026-09-03
1511,1,4,2024-01-25,2025-07-18,Completado,691,6.2,True,2026-09-03
2909,7,4,2021-02-24,2022-08-18,Completado,688,6.8,True,2026-09-03
801,5,5,2023-06-28,2024-06-22,En Curso,264,4.3,False,2026-09-03
1087,4,1,2020-02-21,2021-08-14,Completado,696,6.2,True,2026-09-03
2441,4,2,2020-12-11,2021-06-09,En Curso,102,5.9,False,2026-09-03
3164,3,3,2022-05-30,2023-01-19,Abandonado,215,,False,2026-09-03
986,1,3,2020-05-17,2022-05-07,Completado,937,5.3,True,2026-09-03
316,4,1,2023-02-26,2024-08-19,Completado,704,4.9,True,2026-09-03
4431,7,1,2023-07-31,2024-04-17,Abandonado,180,,False,2026-09-03
2410,7,1,2020-03-18,2021-09-09,En Curso,353,4.7,False,2026-09-03
3436,6,1,2020-11-20,2021-11-15,Completado,478,6.4,True,2026-09-03
4065,7,1,2020-04-28,2022-04-18,Completado,959,6.6,True,2026-09-03
442,4,1,2022-12-23,2023-06-21,Completado,235,4.2,True,2026-09-03
349,8,5,2021-03-17,2022-02-13,Abandonado,233,,False,2026-09-03
4052,6,3,2023-01-18,2025-01-07,Completado,953,6.0,True,2026-09-03
3026,9,1,2023-11-06,2024-10-31,Completado,458,6.6,True,2026-09-03
248,8,3,2023-08-11,2024-08-05,Completado,468,6.7,True,2026-09-03
4940,7,5,2020-12-10,2021-06-08,Completado,237,5.0,True,2026-09-03
695,3,2,2024-01-13,2026-01-02,Completado,919,5.5,True,2026-09-03
2052,3,4,2022-04-25,2023-04-20,En Curso,268,5.1,False,2026-09-03
1616,7,4,2021-02-18,2021-08-17,En Curso,102,5.1,False,2026-09-03
2030,9,2,2022-06-15,2022-09-09,Abandonado,79,,False,2026-09-03
1484,2,1,2024-12-23,2025-12-18,En Curso,237,4.6,False,2026-09-03
1091,7,1,2022-10-08,2024-03-31,Completado,698,5.2,True,2026-09-03
55,5,5,2021-11-02,2023-04-26,Completado,693,6.7,True,2026-09-03
3253,2,2,2024-08-25,2025-08-20,Completado,464,4.1,True,2026-09-03
2870,7,3,2020-09-13,2022-09-03,Completado,912,6.0,True,2026-09-03
3814,10,1,2021-09-18,2022-01-03,Abandonado,86,,False,2026-09-03
3765,1,2,2024-05-14,2024-11-10,En Curso,82,5.6,False,2026-09-03
2601,5,3,2023-04-02,2024-03-27,En Curso,323,5.2,False,2026-09-03
709,8,3,2022-10-29,2022-12-24,Abandonado,60,,False,2026-09-03
4368,8,5,2022-12-13,2023-12-08,Completado,462,4.7,True,2026-09-03
4510,4,5,2022-10-15,2023-10-10,Completado,459,4.8,True,2026-09-03
3422,1,1,2024-06-26,2026-06-16,Completado,953,5.4,True,2026-09-03
4831,3,2,2020-05-27,2022-05-17,Completado,953,4.3,True,2026-09-03
3829,3,5,2024-12-20,2026-12-10,En Curso,333,4.2,False,2026-09-03
81,2,4,2021-10-15,2022-02-21,Abandonado,107,,False,2026-09-03
3012,1,3,2023-01-10,2023-10-21,Abandonado,222,,False,2026-09-03
4015,3,5,2024-05-21,2024-11-13,Abandonado,118,,False,2026-09-03
671,3,4,2024-09-30,2024-11-28,Abandonado,137,,False,2026-09-03
3176,1,5,2020-06-25,2020-12-22,Completado,232,6.1,True,2026-09-03
3834,10,1,2022-03-19,2023-03-14,En Curso,275,6.4,False,2026-09-03
1811,5,3,2023-03-05,2024-02-28,En Curso,334,4.1,False,2026-09-03
145,6,2,2023-07-13,2024-01-09,Completado,234,6.3,True,2026-09-03
2671,8,1,2024-04-09,2024-10-06,En Curso,144,6.9,False,2026-09-03
888,10,5,2023-05-10,2024-05-04,Completado,479,4.7,True,2026-09-03
1996,4,2,2020-10-09,2021-10-04,En Curso,253,4.6,False,2026-09-03
3498,8,5,2020-10-16,2021-04-05,Abandonado,56,,False,2026-09-03
1894,9,5,2024-09-17,2025-01-05,Abandonado,28,,False,2026-09-03
2793,2,4,2022-12-11,2024-06-03,Completado,717,5.3,True,2026-09-03
3353,6,1,2020-07-23,2022-07-13,Completado,921,4.3,True,2026-09-03
812,4,3,2021-09-15,2022-09-10,En Curso,177,6.8,False,2026-09-03
3311,6,2,2023-04-29,2024-04-23,Completado,465,4.6,True,2026-09-03
692,5,5,2020-03-07,2020-09-03,Completado,238,4.5,True,2026-09-03
2759,10,1,2024-02-28,2024-06-20,Abandonado,27,,False,2026-09-03
4715,9,4,2021-04-28,2022-04-23,En Curso,169,5.3,False,2026-09-03
2148,9,5,2023-05-28,2023-07-09,Abandonado,187,,False,2026-09-03
2069,10,5,2022-06-06,2023-11-28,Completado,699,4.1,True,2026-09-03
998,2,3,2022-07-13,2023-07-08,En Curso,181,4.2,False,2026-09-03
3845,2,3,2023-03-29,2024-09-19,Completado,707,5.2,True,2026-09-03
3876,1,5,2023-05-22,2024-05-16,En Curso,240,5.9,False,2026-09-03
1470,4,5,2023-05-21,2024-05-15,Completado,474,4.1,True,2026-09-03
419,7,4,2024-02-04,2024-08-16,Abandonado,116,,False,2026-09-03
3754,5,1,2021-11-22,2022-05-21,Completado,228,4.3,True,2026-09-03
536,5,5,2021-03-12,2021-04-20,Abandonado,218,,False,2026-09-03
1045,7,2,2023-03-08,2024-03-02,Completado,461,5.5,True,2026-09-03
4626,7,1,2020-05-16,2021-05-11,En Curso,162,4.6,False,2026-09-03
3342,3,1,2020-08-11,2021-08-06,Completado,478,6.6,True,2026-09-03
2952,7,1,2024-09-10,2025-09-05,Completado,466,5.2,True,2026-09-03
1595,9,2,2022-07-20,2023-01-16,En Curso,121,5.1,False,2026-09-03
2760,4,5,2020-04-30,2022-04-20,En Curso,308,5.7,False,2026-09-03
2815,4,3,2021-10-11,2022-04-09,Completado,228,6.7,True,2026-09-03
4196,10,2,2023-05-16,2024-05-10,Completado,458,7.0,True,2026-09-03
1169,2,1,2021-01-21,2022-01-16,Completado,471,6.2,True,2026-09-03
2820,7,4,2021-05-12,2021-11-08,Completado,235,5.9,True,2026-09-03
1478,5,1,2021-07-23,2022-01-19,Completado,229,6.7,True,2026-09-03
4058,7,1,2024-01-04,2024-12-29,Completado,466,6.6,True,2026-09-03
4195,3,3,2021-12-28,2023-12-18,Completado,945,6.0,True,2026-09-03
1101,2,5,2022-11-23,2024-11-12,Completado,916,6.4,True,2026-09-03
2280,7,3,2021-01-08,2022-07-02,Completado,684,5.0,True,2026-09-03
3431,10,1,2022-12-15,2023-06-13,Completado,232,6.5,True,2026-09-03
2395,9,4,2023-10-01,2024-03-29,Completado,233,6.7,True,2026-09-03
3640,8,2,2022-03-11,2022-07-14,Abandonado,24,,False,2026-09-03
1612,3,4,2022-03-26,2023-03-21,En Curso,262,4.2,False,2026-09-03
1724,4,5,2024-12-06,2025-12-01,Completado,456,5.0,True,2026-09-03
1141,9,1,2024-10-14,2026-10-04,Completado,927,6.6,True,2026-09-03
4113,6,5,2021-10-25,2022-04-23,En Curso,78,6.6,False,2026-09-03
2298,2,3,2020-10-07,2021-10-02,En Curso,200,5.7,False,2026-09-03
3600,4,3,2021-06-04,2021-12-01,En Curso,83,5.2,False,2026-09-03
1701,3,5,2022-07-05,2024-06-24,Completado,959,4.2,True,2026-09-03
3079,4,1,2024-08-13,2026-08-03,Completado,937,4.8,True,2026-09-03
1681,3,1,2021-11-15,2023-11-05,En Curso,460,4.2,False,2026-09-03
2830,5,3,2023-11-23,2025-05-16,Completado,710,6.6,True,2026-09-03
4312,1,4,2021-12-03,2023-05-27,Completado,708,4.6,True,2026-09-03
2092,2,4,2020-08-24,2022-02-15,Completado,697,6.7,True,2026-09-03
1704,6,3,2022-10-18,2023-10-13,Completado,456,5.8,True,2026-09-03
3665,8,5,2022-09-29,2023-03-28,Completado,233,5.8,True,2026-09-03
4109,8,4,2021-01-03,2021-12-29,Completado,457,6.2,True,2026-09-03
3746,9,3,2021-08-03,2022-07-29,En Curso,214,6.2,False,2026-09-03
1648,9,2,2023-10-10,2024-05-30,Abandonado,295,,False,2026-09-03
2726,5,5,2021-01-08,2021-09-14,Abandonado,190,,False,2026-09-03
1529,3,4,2023-06-30,2023-12-14,Abandonado,195,,False,2026-09-03
2932,6,1,2023-05-13,2025-05-02,En Curso,501,6.0,False,2026-09-03
3197,4,4,2023-09-18,2024-09-12,Completado,464,5.8,True,2026-09-03
3157,8,4,2024-04-03,2025-09-25,Completado,691,6.3,True,2026-09-03
2340,3,2,2021-09-16,2022-03-01,Abandonado,49,,False,2026-09-03
901,5,4,2023-09-19,2024-03-17,Completado,237,4.3,True,2026-09-03
730,8,1,2021-12-19,2023-06-12,En Curso,278,5.5,False,2026-09-03
4660,4,2,2021-05-16,2021-11-10,Abandonado,60,,False,2026-09-03
2133,2,5,2023-06-24,2024-06-18,En Curso,166,5.6,False,2026-09-03
830,10,2,2021-02-09,2022-08-03,Completado,701,6.6,True,2026-09-03
1159,9,3,2024-09-25,2025-09-20,En Curso,285,6.4,False,2026-09-03
500,2,3,2024-06-21,2025-12-13,Completado,692,6.1,True,2026-09-03
3591,9,3,2024-06-12,2025-06-07,En Curso,308,4.7,False,2026-09-03
1787,2,2,2023-01-19,2024-01-14,Completado,470,5.0,True,2026-09-03
4211,1,3,2020-12-10,2021-12-05,En Curso,267,6.2,False,2026-09-03
4706,7,2,2024-12-27,2026-06-20,En Curso,402,4.4,False,2026-09-03
883,8,5,2021-04-09,2022-04-04,Completado,475,5.8,True,2026-09-03
1746,3,4,2021-03-17,2022-03-12,Completado,459,5.3,True,2026-09-03
1189,6,1,2021-11-09,2022-11-04,Completado,457,4.7,True,2026-09-03
1903,5,1,2023-06-07,2024-06-13,Abandonado,179,,False,2026-09-03
4103,8,4,2021-10-20,2022-10-15,Completado,475,6.7,True,2026-09-03
2235,3,5,2024-04-14,2024-06-11,Abandonado,119,,False,2026-09-03
3325,6,3,2021-02-22,2023-02-12,En Curso,559,4.9,False,2026-09-03
3414,9,1,2023-06-30,2023-12-27,Completado,238,4.9,True,2026-09-03
4432,3,3,2024-10-12,2025-10-07,En Curso,221,6.3,False,2026-09-03
3980,4,1,2024-08-04,2026-07-25,Completado,942,5.2,True,2026-09-03
1522,5,5,2021-04-11,2022-10-03,Completado,709,5.7,True,2026-09-03
3683,9,3,2020-06-06,2021-06-01,Completado,461,6.4,True,2026-09-03
170,10,1,2021-06-16,2022-12-08,Completado,704,4.7,True,2026-09-03
2004,4,1,2020-07-29,2021-01-25,Completado,234,4.0,True,2026-09-03
515,5,5,2024-06-02,2025-11-24,Completado,704,4.4,True,2026-09-03
4282,5,4,2023-12-02,2025-05-25,Completado,697,6.5,True,2026-09-03
1459,2,5,2023-08-25,2024-08-19,Completado,456,6.9,True,2026-09-03
2537,4,4,2022-01-29,2023-01-24,Completado,470,6.3,True,2026-09-03
2953,3,5,2022-08-03,2023-07-29,Completado,469,6.7,True,2026-09-03
2928,6,3,2024-05-23,2024-11-19,En Curso,72,5.4,False,2026-09-03
682,3,4,2020-08-03,2021-06-13,Abandonado,172,,False,2026-09-03
2959,4,2,2023-07-15,2024-07-09,Completado,466,6.0,True,2026-09-03
2934,10,3,2024-05-14,2025-11-05,En Curso,405,6.7,False,2026-09-03
4675,2,4,2023-06-28,2024-12-19,En Curso,500,6.1,False,2026-09-03
1528,7,5,2024-11-14,2025-05-13,Completado,237,5.2,True,2026-09-03
1560,8,2,2023-10-07,2025-03-30,Completado,693,4.7,True,2026-09-03
3920,1,1,2021-07-02,2021-12-29,Completado,238,5.7,True,2026-09-03
601,1,5,2021-08-02,2022-07-28,En Curso,271,6.2,False,2026-09-03
1082,2,1,2024-05-02,2025-10-24,En Curso,335,5.0,False,2026-09-03
4535,5,3,2021-01-08,2021-06-07,Abandonado,98,,False,2026-09-03
997,6,4,2023-06-03,2024-01-06,Abandonado,86,,False,2026-09-03
3685,4,2,2024-11-30,2025-05-29,Completado,239,4.8,True,2026-09-03
445,3,3,2021-06-01,2022-05-27,Completado,473,4.9,True,2026-09-03
4704,3,1,2021-08-30,2021-10-22,Abandonado,103,,False,2026-09-03
3466,5,2,2024-10-08,2025-03-06,Abandonado,226,,False,2026-09-03
2884,1,1,2023-10-22,2024-05-20,Abandonado,299,,False,2026-09-03
4028,10,2,2023-03-03,2023-07-03,Abandonado,273,,False,2026-09-03
1869,9,4,2023-07-23,2024-07-17,Completado,468,4.7,True,2026-09-03
1950,6,3,2021-01-03,2021-12-29,Completado,457,7.0,True,2026-09-03
2863,2,4,2020-11-30,2022-11-20,En Curso,542,4.9,False,2026-09-03
754,5,1,2023-05-19,2024-11-09,Completado,687,6.7,True,2026-09-03
4358,3,2,2023-10-24,2025-04-16,Completado,701,5.8,True,2026-09-03
4039,6,5,2024-12-16,2026-12-06,Completado,922,5.8,True,2026-09-03
325,6,4,2024-03-22,2025-09-13,Completado,700,5.3,True,2026-09-03
3842,1,4,2021-09-24,2023-03-18,Completado,713,6.4,True,2026-09-03
4410,3,2,2021-04-01,2022-09-23,Completado,717,5.1,True,2026-09-03
4865,1,5,2020-06-27,2021-12-19,Completado,719,5.9,True,2026-09-03
3289,1,5,2021-06-26,2022-06-21,Completado,468,6.5,True,2026-09-03
3854,1,5,2023-02-23,2025-02-12,En Curso,308,6.6,False,2026-09-03
1936,2,3,2020-05-08,2022-04-28,Completado,937,4.5,True,2026-09-03
1647,2,5,2024-02-24,2025-02-18,Completado,463,4.6,True,2026-09-03
2013,3,4,2022-02-03,2023-07-28,Completado,689,4.7,True,2026-09-03
2709,2,1,2024-01-17,2024-07-15,Completado,231,6.2,True,2026-09-03
4702,6,1,2020-10-19,2021-01-20,Abandonado,154,,False,2026-09-03
1192,6,2,2020-05-28,2021-11-19,En Curso,253,6.3,False,2026-09-03
1320,9,3,2023-06-26,2024-12-17,En Curso,465,6.5,False,2026-09-03
2574,7,3,2024-12-18,2026-12-08,En Curso,473,5.0,False,2026-09-03
2249,10,2,2024-01-23,2025-01-17,En Curso,279,4.0,False,2026-09-03
1859,10,1,2024-01-12,2026-01-01,Completado,913,5.5,True,2026-09-03
4500,6,4,2021-07-20,2022-01-16,Completado,234,4.5,True,2026-09-03
2864,9,3,2020-02-04,2021-07-28,En Curso,402,4.7,False,2026-09-03
2111,4,3,2020-12-01,2021-10-05,Abandonado,52,,False,2026-09-03
4212,5,3,2021-09-22,2023-03-16,Completado,702,6.0,True,2026-09-03
827,1,5,2024-09-27,2026-03-21,Completado,701,4.9,True,2026-09-03
1151,4,5,2022-03-11,2024-02-29,En Curso,530,4.6,False,2026-09-03
3408,9,1,2023-04-08,2025-03-28,Completado,949,5.7,True,2026-09-03
4883,1,2,2022-12-07,2024-11-26,Completado,935,4.7,True,2026-09-03
295,1,3,2024-01-14,2026-01-03,Completado,938,5.6,True,2026-09-03
1244,7,5,2024-01-29,2025-01-23,Completado,462,4.8,True,2026-09-03
821,6,4,2020-04-05,2022-03-26,Completado,943,6.6,True,2026-09-03
1592,1,5,2024-02-28,2025-08-21,Completado,706,4.0,True,2026-09-03
3670,8,4,2022-04-25,2023-10-17,Completado,709,5.9,True,2026-09-03
4630,9,2,2021-05-13,2021-12-23,Abandonado,224,,False,2026-09-03
371,1,4,2020-10-30,2022-10-20,En Curso,351,6.9,False,2026-09-03
3703,9,3,2023-04-03,2024-03-28,En Curso,171,4.5,False,2026-09-03
4830,8,2,2024-01-08,2025-12-28,Completado,955,6.7,True,2026-09-03
2157,6,4,2023-11-08,2025-05-01,Completado,702,4.1,True,2026-09-03
511,10,3,2021-01-06,2022-01-01,Completado,478,5.7,True,2026-09-03
455,3,1,2024-11-28,2026-11-18,Completado,956,5.3,True,2026-09-03
415,10,2,2023-08-06,2023-10-26,Abandonado,172,,False,2026-09-03
1932,5,2,2024-01-08,2025-01-02,Completado,460,5.6,True,2026-09-03
3760,7,5,2021-12-08,2022-12-03,Completado,474,5.7,True,2026-09-03
2307,7,1,2022-07-22,2023-07-17,Completado,475,6.8,True,2026-09-03
4262,1,2,2020-01-24,2021-07-17,Completado,686,6.6,True,2026-09-03
1113,6,4,2024-01-01,2024-12-26,Completado,471,5.9,True,2026-09-03
2867,9,5,2022-09-10,2023-03-09,En Curso,89,5.7,False,2026-09-03
1273,10,5,2022-04-02,2023-03-28,Completado,474,5.0,True,2026-09-03
625,4,5,2022-02-26,2023-08-20,En Curso,500,5.3,False,2026-09-03
4512,8,3,2021-09-08,2022-03-07,Completado,236,4.3,True,2026-09-03
2440,2,5,2022-04-10,2022-10-07,Completado,234,6.6,True,2026-09-03
1199,1,5,2024-03-14,2025-09-05,Completado,693,6.9,True,2026-09-03
4917,9,4,2023-12-31,2024-12-21,Abandonado,172,,False,2026-09-03
1943,5,5,2023-01-02,2023-12-28,Completado,475,6.3,True,2026-09-03
2738,5,3,2024-12-02,2025-11-27,Completado,464,5.3,True,2026-09-03
4607,5,4,2021-08-31,2022-08-26,En Curso,193,4.4,False,2026-09-03
104,1,5,2021-04-05,2022-09-27,Completado,698,6.1,True,2026-09-03
4652,3,3,2022-10-01,2023-09-26,En Curso,219,4.2,False,2026-09-03
2153,3,1,2024-03-01,2025-02-24,Completado,463,5.8,True,2026-09-03
2986,5,2,2020-05-25,2021-11-16,Completado,684,5.7,True,2026-09-03
743,1,4,2020-08-21,2022-02-12,Completado,695,4.2,True,2026-09-03
4533,1,1,2022-04-23,2023-07-06,Abandonado,129,,False,2026-09-03
1242,6,2,2020-04-04,2020-10-01,Completado,229,5.1,True,2026-09-03
13,8,2,2023-08-09,2025-01-30,En Curso,444,4.6,False,2026-09-03
4123,2,4,2021-07-16,2022-07-11,En Curso,293,4.4,False,2026-09-03
3485,10,1,2020-06-25,2022-06-15,Completado,938,6.8,True,2026-09-03
3636,1,3,2023-04-23,2024-04-17,En Curso,219,6.6,False,2026-09-03
704,2,4,2021-07-25,2022-07-20,Completado,469,6.6,True,2026-09-03
4938,7,1,2020-06-08,2021-04-04,Abandonado,163,,False,2026-09-03
3199,1,5,2020-02-09,2022-01-29,Completado,914,6.1,True,2026-09-03
2783,3,4,2020-03-29,2021-01-22,Abandonado,211,,False,2026-09-03
2570,6,2,2023-04-13,2025-04-02,En Curso,373,4.5,False,2026-09-03
1631,3,2,2020-05-09,2021-05-04,En Curso,270,4.9,False,2026-09-03
2849,7,2,2021-11-29,2022-11-24,En Curso,196,6.9,False,2026-09-03
4075,10,3,2020-06-26,2022-06-16,En Curso,599,5.4,False,2026-09-03
4193,9,1,2020-04-30,2021-10-22,Completado,684,6.9,True,2026-09-03
3028,5,3,2022-11-30,2023-11-25,Completado,470,6.0,True,2026-09-03
1394,7,2,2024-09-04,2025-11-30,Abandonado,245,,False,2026-09-03
4809,8,3,2023-02-13,2024-02-08,En Curso,177,6.0,False,2026-09-03
3637,1,1,2024-12-08,2026-11-28,Completado,912,6.6,True,2026-09-03
1850,7,2,2023-01-06,2024-12-26,En Curso,335,5.4,False,2026-09-03
4491,9,4,2022-10-18,2023-10-13,Completado,469,6.6,True,2026-09-03
4979,10,2,2023-08-20,2025-08-09,Completado,932,6.9,True,2026-09-03
1748,10,4,2020-06-02,2021-11-24,Completado,703,6.5,True,2026-09-03
3927,5,5,2023-08-24,2024-08-18,Completado,476,6.2,True,2026-09-03
2503,6,4,2021-02-05,2022-07-30,Completado,692,5.4,True,2026-09-03
3037,5,3,2024-11-21,2025-11-16,En Curso,299,6.2,False,2026-09-03
794,1,5,2021-11-22,2023-11-12,En Curso,608,4.5,False,2026-09-03
1904,7,2,2024-01-04,2024-12-29,En Curso,238,4.3,False,2026-09-03
2322,1,3,2020-03-02,2021-08-24,Completado,718,4.0,True,2026-09-03
4529,1,5,2023-03-10,2025-02-27,Completado,931,6.4,True,2026-09-03
3711,9,5,2024-06-09,2025-06-04,Completado,473,4.5,True,2026-09-03
3042,2,2,2021-01-29,2022-07-23,Completado,686,5.5,True,2026-09-03
2158,10,1,2020-05-19,2021-01-14,Abandonado,362,,False,2026-09-03
3232,4,5,2022-08-10,2024-02-01,Completado,701,6.7,True,2026-09-03
1819,9,1,2024-06-09,2025-12-01,En Curso,487,6.7,False,2026-09-03
3627,3,5,2020-06-13,2021-06-08,Completado,459,6.7,True,2026-09-03
508,6,4,2023-06-17,2023-09-24,Abandonado,207,,False,2026-09-03
4730,3,5,2020-07-12,2021-04-22,Abandonado,85,,False,2026-09-03
1798,8,4,2020-08-17,2022-02-08,Completado,708,6.4,True,2026-09-03
2029,3,4,2023-05-21,2025-05-10,Completado,938,5.3,True,2026-09-03
2227,4,2,2022-03-24,2024-03-13,Completado,945,4.7,True,2026-09-03
343,2,1,2021-11-09,2023-05-03,En Curso,404,6.6,False,2026-09-03
1807,6,4,2024-05-04,2025-03-21,Abandonado,163,,False,2026-09-03
1483,7,4,2023-03-02,2023-08-29,Completado,238,5.1,True,2026-09-03
1068,6,5,2020-06-26,2020-09-27,Abandonado,59,,False,2026-09-03
4805,4,2,2020-12-06,2021-01-07,Abandonado,26,,False,2026-09-03
3973,4,1,2022-11-19,2023-05-18,Completado,229,4.2,True,2026-09-03
3118,7,2,2022-08-16,2024-08-05,Completado,949,6.3,True,2026-09-03
1117,4,2,2020-11-16,2021-05-15,Completado,233,4.2,True,2026-09-03
4227,5,3,2021-12-17,2022-12-12,Completado,460,5.1,True,2026-09-03
1574,3,2,2021-07-24,2022-07-19,Completado,461,4.5,True,2026-09-03
4433,5,4,2020-12-11,2021-11-02,Abandonado,165,,False,2026-09-03
1291,1,5,2024-06-16,2025-12-08,Completado,716,6.6,True,2026-09-03
3274,7,1,2021-12-27,2022-12-22,Completado,456,4.8,True,2026-09-03
691,10,1,2024-02-24,2025-08-17,En Curso,239,4.9,False,2026-09-03
1684,3,1,2023-04-19,2023-10-16,Completado,239,5.7,True,2026-09-03
2842,5,5,2022-01-19,2022-05-18,Abandonado,183,,False,2026-09-03
141,3,4,2020-10-10,2022-04-03,Completado,701,6.5,True,2026-09-03
2528,8,3,2020-06-16,2021-06-11,Completado,473,6.7,True,2026-09-03
2181,10,4,2020-04-18,2020-10-15,En Curso,158,6.8,False,2026-09-03
4027,7,3,2020-07-30,2021-07-25,Completado,456,4.5,True,2026-09-03
10,4,4,2020-12-16,2021-04-14,Abandonado,224,,False,2026-09-03
1444,5,5,2021-04-21,2022-10-13,Completado,685,6.0,True,2026-09-03
519,5,3,2021-10-06,2023-03-30,Completado,699,5.5,True,2026-09-03
3502,6,5,2021-09-15,2023-09-05,Completado,937,4.7,True,2026-09-03
569,1,3,2021-03-18,2022-12-15,Abandonado,309,,False,2026-09-03
3006,4,4,2024-04-07,2025-04-02,Completado,456,4.2,True,2026-09-03
3648,2,2,2022-07-13,2023-07-08,Completado,460,6.5,True,2026-09-03
4714,5,4,2020-05-14,2021-05-09,Completado,461,6.6,True,2026-09-03
3260,3,3,2022-11-03,2024-02-17,Abandonado,274,,False,2026-09-03
3486,5,3,2024-10-21,2025-10-16,Completado,471,5.6,True,2026-09-03
728,2,5,2024-06-18,2025-12-10,Completado,717,6.6,True,2026-09-03
1865,6,4,2024-04-20,2025-10-12,En Curso,357,4.9,False,2026-09-03
1664,8,1,2024-01-01,2024-09-26,Abandonado,88,,False,2026-09-03
662,10,5,2021-08-03,2023-01-25,Completado,709,4.5,True,2026-09-03
3597,8,1,2024-12-25,2025-06-23,Completado,238,4.4,True,2026-09-03
2534,7,1,2023-01-05,2023-12-31,Completado,461,6.8,True,2026-09-03
3141,8,4,2021-05-20,2022-05-15,Completado,472,5.5,True,2026-09-03
800,1,5,2023-06-22,2023-12-19,Completado,231,6.5,True,2026-09-03
1298,6,3,2024-05-19,2024-11-15,Completado,237,4.3,True,2026-09-03
3385,3,3,2021-07-15,2023-01-06,En Curso,276,6.5,False,2026-09-03
4905,3,1,2024-08-07,2025-08-02,Completado,458,5.2,True,2026-09-03
640,2,2,2020-08-17,2020-11-08,Abandonado,199,,False,2026-09-03
2886,3,3,2023-08-16,2023-10-28,Abandonado,288,,False,2026-09-03
4908,4,2,2022-09-09,2024-03-02,En Curso,502,5.9,False,2026-09-03
3911,7,3,2020-01-26,2021-01-20,Completado,474,4.4,True,2026-09-03
4518,3,2,2022-08-29,2023-02-25,Completado,231,4.0,True,2026-09-03
4967,10,4,2020-08-29,2022-02-20,Completado,709,4.9,True,2026-09-03
459,10,1,2023-12-19,2024-12-13,Completado,461,5.7,True,2026-09-03
3178,4,3,2020-06-08,2021-06-03,Completado,463,5.4,True,2026-09-03
479,1,4,2021-02-04,2022-07-29,Completado,697,6.1,True,2026-09-03
2101,1,4,2020-07-30,2021-07-25,Completado,470,6.4,True,2026-09-03
3716,5,2,2023-11-26,2024-11-20,Completado,465,5.9,True,2026-09-03
1025,10,3,2023-08-24,2024-08-18,Completado,472,5.2,True,2026-09-03
2496,8,4,2023-11-11,2024-05-09,En Curso,161,6.2,False,2026-09-03
1471,7,4,2022-01-27,2022-09-22,Abandonado,235,,False,2026-09-03
2197,9,4,2020-02-18,2020-08-16,En Curso,140,5.2,False,2026-09-03
25,4,5,2020-01-16,2021-07-09,Completado,714,5.4,True,2026-09-03
4995,7,4,2023-10-25,2024-10-19,En Curso,315,6.7,False,2026-09-03
4557,5,3,2021-08-15,2022-02-11,Completado,237,6.9,True,2026-09-03
3186,9,4,2024-12-04,2026-11-24,En Curso,653,5.1,False,2026-09-03
4208,7,3,2023-09-04,2024-08-29,Completado,466,6.7,True,2026-09-03
3575,10,4,2020-11-05,2021-10-31,Completado,476,6.6,True,2026-09-03
236,8,4,2023-05-16,2024-11-06,En Curso,391,5.2,False,2026-09-03
961,10,5,2020-10-28,2022-10-18,Completado,931,4.8,True,2026-09-03
1744,1,4,2023-03-19,2024-09-09,Completado,691,5.2,True,2026-09-03
4394,2,3,2024-03-16,2025-03-11,Completado,464,4.8,True,2026-09-03
4473,9,3,2023-06-03,2024-01-16,Abandonado,140,,False,2026-09-03
4448,5,3,2021-10-17,2023-04-10,Completado,685,4.2,True,2026-09-03
4946,1,3,2024-09-29,2026-09-19,Completado,939,4.8,True,2026-09-03
867,9,1,2023-08-15,2024-08-09,Completado,462,5.9,True,2026-09-03
4848,2,1,2023-02-04,2024-07-28,Completado,710,5.4,True,2026-09-03
308,4,4,2021-12-16,2022-12-11,Completado,459,6.8,True,2026-09-03
2152,6,4,2023-09-18,2024-03-16,Completado,229,4.5,True,2026-09-03
3298,7,5,2020-08-18,2021-08-13,Completado,469,6.1,True,2026-09-03
1439,3,1,2021-12-30,2022-03-21,Abandonado,165,,False,2026-09-03
1318,3,4,2022-12-10,2023-12-05,Completado,462,5.3,True,2026-09-03
4825,6,5,2020-06-07,2021-06-02,Completado,457,5.3,True,2026-09-03
4519,1,2,2023-08-21,2024-03-24,Abandonado,147,,False,2026-09-03
4320,5,4,2023-10-20,2025-04-12,En Curso,284,5.0,False,2026-09-03
1385,4,5,2023-07-27,2024-07-21,Completado,463,5.3,True,2026-09-03
1328,6,4,2022-10-20,2024-04-12,En Curso,466,4.9,False,2026-09-03
3887,6,1,2022-06-20,2023-06-15,Completado,466,5.8,True,2026-09-03
3770,9,5,2020-03-07,2022-02-25,En Curso,441,6.7,False,2026-09-03
246,7,1,2023-09-09,2024-03-07,Completado,229,6.0,True,2026-09-03
3054,6,5,2020-09-12,2021-03-11,En Curso,110,6.0,False,2026-09-03
1364,3,1,2023-10-20,2024-10-14,En Curso,146,5.4,False,2026-09-03
2806,3,5,2024-01-25,2026-01-14,Completado,917,5.6,True,2026-09-03
1284,3,2,2022-05-05,2023-04-30,Completado,479,5.0,True,2026-09-03
732,8,3,2023-03-15,2025-03-04,Completado,926,6.4,True,2026-09-03
2642,9,2,2024-04-11,2025-04-06,Completado,464,4.7,True,2026-09-03
3666,8,1,2024-10-19,2025-10-14,Completado,476,5.0,True,2026-09-03
2672,8,5,2024-02-08,2025-02-02,Completado,468,4.4,True,2026-09-03
4066,3,3,2020-02-26,2021-02-20,Completado,470,6.4,True,2026-09-03
1639,2,3,2024-06-30,2024-12-27,Completado,228,4.8,True,2026-09-03
43,3,5,2020-08-27,2022-08-17,En Curso,480,4.9,False,2026-09-03
4199,8,1,2024-01-10,2024-07-08,Completado,231,5.0,True,2026-09-03
3698,4,4,2022-08-02,2023-01-29,En Curso,76,5.0,False,2026-09-03
1314,1,2,2024-06-05,2024-12-02,Completado,232,4.4,True,2026-09-03
4042,10,1,2021-10-09,2022-10-04,Completado,460,5.2,True,2026-09-03
2145,2,2,2021-05-10,2022-05-05,Completado,471,5.7,True,2026-09-03
598,2,4,2024-02-07,2025-02-01,Completado,456,5.9,True,2026-09-03
385,4,1,2023-05-16,2024-07-13,Abandonado,277,,False,2026-09-03
996,1,4,2024-03-31,2025-03-26,Completado,475,6.0,True,2026-09-03
3277,5,2,2023-04-14,2024-06-28,Abandonado,475,,False,2026-09-03
1054,7,3,2021-04-19,2021-09-21,Abandonado,56,,False,2026-09-03
2834,8,3,2022-02-11,2022-05-16,Abandonado,154,,False,2026-09-03
3425,9,1,2021-04-26,2021-10-23,En Curso,83,6.4,False,2026-09-03
4953,10,4,2020-07-12,2022-01-03,Completado,707,6.3,True,2026-09-03
2330,4,5,2021-07-29,2022-01-25,En Curso,131,6.5,False,2026-09-03
2411,7,1,2022-03-28,2023-03-23,Completado,472,5.7,True,2026-09-03
3554,6,5,2024-05-20,2024-11-16,Completado,237,6.7,True,2026-09-03
907,3,4,2020-06-29,2021-06-24,En Curso,268,6.3,False,2026-09-03
3021,9,3,2022-02-15,2022-08-14,Completado,234,6.2,True,2026-09-03
952,1,2,2024-10-25,2026-04-18,Completado,706,6.7,True,2026-09-03
1338,9,5,2021-07-23,2022-07-18,En Curso,210,4.2,False,2026-09-03
2983,4,4,2024-12-08,2026-11-28,En Curso,395,6.3,False,2026-09-03
3708,6,1,2020-01-28,2021-07-21,En Curso,256,6.5,False,2026-09-03
927,6,2,2023-02-06,2024-02-01,En Curso,287,6.3,False,2026-09-03
3219,7,2,2021-01-08,2021-07-07,Completado,229,5.5,True,2026-09-03
3940,6,5,2021-09-28,2023-03-22,Completado,696,4.4,True,2026-09-03
2741,8,1,2024-02-25,2026-02-14,En Curso,644,5.7,False,2026-09-03
971,7,4,2021-10-18,2023-10-08,Completado,945,4.5,True,2026-09-03
4128,1,2,2021-03-04,2022-02-27,Completado,463,6.3,True,2026-09-03
4090,4,2,2021-01-26,2022-01-21,Completado,476,4.9,True,2026-09-03
1335,10,1,2023-11-03,2025-10-23,Completado,924,5.4,True,2026-09-03
1487,7,5,2024-05-17,2024-11-13,Completado,235,6.7,True,2026-09-03
1167,3,2,2021-06-17,2022-06-12,En Curso,206,6.5,False,2026-09-03
846,8,2,2024-05-06,2025-05-01,Completado,474,4.7,True,2026-09-03
4502,2,2,2020-02-20,2021-09-11,Abandonado,178,,False,2026-09-03
891,3,1,2020-12-27,2021-04-19,Abandonado,191,,False,2026-09-03
3121,7,1,2020-08-07,2021-01-12,Abandonado,183,,False,2026-09-03
4912,10,1,2024-10-28,2025-04-26,Completado,233,6.9,True,2026-09-03
147,10,5,2021-12-16,2023-12-06,Completado,919,4.9,True,2026-09-03
499,4,1,2023-01-31,2024-01-26,Completado,471,4.8,True,2026-09-03
4408,9,1,2024-09-18,2025-05-11,Abandonado,104,,False,2026-09-03
72,9,2,2023-10-24,2024-10-18,Completado,462,4.3,True,2026-09-03
493,9,4,2024-10-31,2025-04-29,Completado,231,5.1,True,2026-09-03
2442,1,1,2024-04-12,2025-06-15,Abandonado,156,,False,2026-09-03
167,9,3,2023-12-09,2025-06-01,En Curso,322,6.2,False,2026-09-03
652,6,5,2023-02-05,2024-07-29,Completado,710,4.5,True,2026-09-03
3254,2,2,2021-05-04,2022-04-28,Abandonado,260,,False,2026-09-03
1296,7,5,2022-01-09,2023-12-30,Completado,940,4.2,True,2026-09-03
2869,4,2,2020-07-28,2021-07-23,Completado,478,6.7,True,2026-09-03
1410,3,1,2022-09-21,2023-09-16,En Curso,309,4.4,False,2026-09-03
3462,1,5,2024-03-19,2025-03-14,Completado,472,4.5,True,2026-09-03
175,1,2,2023-03-09,2023-09-05,Completado,235,5.0,True,2026-09-03
3127,5,2,2024-03-28,2024-05-28,Abandonado,83,,False,2026-09-03
4062,4,4,2024-01-01,2024-12-26,Completado,477,6.7,True,2026-09-03
3336,2,4,2022-11-22,2024-11-11,Completado,919,6.6,True,2026-09-03
2931,7,2,2021-01-05,2022-06-29,Completado,690,5.6,True,2026-09-03
1375,7,1,2021-03-14,2022-03-09,Completado,469,6.9,True,2026-09-03
3349,6,4,2020-07-29,2021-07-24,Completado,470,5.3,True,2026-09-03
1636,10,3,2024-11-12,2025-11-07,En Curso,264,6.3,False,2026-09-03
1438,4,3,2020-10-25,2021-06-03,Abandonado,149,,False,2026-09-03
3142,5,5,2022-08-07,2024-01-29,En Curso,446,5.3,False,2026-09-03
991,5,4,2023-10-15,2025-04-07,Completado,695,5.9,True,2026-09-03
4919,4,2,2024-11-14,2025-06-06,Abandonado,281,,False,2026-09-03
2250,5,3,2024-08-13,2025-08-08,Completado,475,6.7,True,2026-09-03
1860,9,5,2021-09-15,2023-03-09,Completado,685,4.2,True,2026-09-03
922,10,1,2021-06-27,2023-06-17,En Curso,505,5.9,False,2026-09-03
436,3,4,2020-04-26,2021-10-18,Completado,718,4.7,True,2026-09-03
616,3,3,2020-04-13,2020-10-10,En Curso,151,4.5,False,2026-09-03
425,10,4,2023-07-08,2024-07-02,Completado,466,5.9,True,2026-09-03
4558,5,5,2020-09-30,2021-09-25,Completado,470,4.0,True,2026-09-03
2639,10,3,2023-11-21,2024-11-15,Completado,458,4.1,True,2026-09-03
2641,8,4,2021-10-18,2023-04-11,Completado,704,6.4,True,2026-09-03
1938,1,3,2020-04-17,2022-04-07,En Curso,634,6.1,False,2026-09-03
2391,1,3,2023-03-15,2025-03-04,Completado,959,6.0,True,2026-09-03
2091,7,3,2022-09-16,2024-09-05,Completado,930,6.7,True,2026-09-03
3398,6,3,2021-05-06,2022-05-01,Completado,473,5.7,True,2026-09-03
4807,2,3,2022-07-28,2023-01-24,Completado,229,4.6,True,2026-09-03
2357,10,2,2022-02-21,2023-01-31,Abandonado,139,,False,2026-09-03
2792,8,4,2020-02-09,2021-02-03,Completado,464,6.3,True,2026-09-03
4594,2,1,2024-04-16,2025-04-11,En Curso,273,5.8,False,2026-09-03
4467,8,4,2022-12-01,2024-05-24,Completado,691,6.7,True,2026-09-03
110,3,1,2021-12-09,2022-12-04,En Curso,150,4.3,False,2026-09-03
520,5,2,2021-07-04,2022-04-28,Abandonado,48,,False,2026-09-03
3075,9,5,2021-01-10,2021-09-19,Abandonado,152,,False,2026-09-03
2992,5,3,2024-09-24,2024-12-04,Abandonado,100,,False,2026-09-03
760,4,5,2023-08-22,2024-08-16,Completado,461,4.8,True,2026-09-03
3303,9,1,2024-08-19,2025-08-14,Completado,475,6.4,True,2026-09-03
1194,2,2,2021-09-13,2023-09-03,Completado,919,5.0,True,2026-09-03
673,7,1,2022-04-04,2022-10-15,Abandonado,335,,False,2026-09-03
4513,5,5,2021-02-05,2021-08-04,Completado,239,5.0,True,2026-09-03
4785,1,1,2023-03-20,2023-09-16,Completado,237,4.9,True,2026-09-03
514,10,1,2021-08-09,2022-08-04,Completado,476,4.1,True,2026-09-03
1138,6,4,2020-04-15,2020-08-17,Abandonado,312,,False,2026-09-03
3023,9,2,2020-04-17,2021-04-12,Completado,459,4.1,True,2026-09-03
4811,1,4,2020-01-01,2020-12-26,En Curso,315,5.1,False,2026-09-03
3087,4,5,2020-11-25,2022-05-19,Completado,696,5.9,True,2026-09-03
396,6,2,2023-09-14,2025-09-03,En Curso,404,6.3,False,2026-09-03
3852,10,3,2023-12-21,2025-06-13,Completado,692,4.8,True,2026-09-03
1609,3,5,2020-08-25,2021-08-20,Completado,469,6.5,True,2026-09-03
1044,9,5,2021-01-18,2022-01-13,En Curso,282,6.0,False,2026-09-03
4132,7,3,2023-01-21,2024-01-16,Completado,465,5.2,True,2026-09-03
1729,7,2,2023-04-28,2024-04-22,Completado,470,4.2,True,2026-09-03
379,9,1,2024-06-19,2026-06-09,Completado,927,4.3,True,2026-09-03
204,9,1,2021-12-13,2023-12-03,Completado,929,6.1,True,2026-09-03
1325,8,1,2024-12-22,2025-06-20,Completado,237,6.8,True,2026-09-03
2860,3,5,2024-05-27,2026-05-17,Completado,913,4.6,True,2026-09-03
1397,2,4,2020-12-09,2021-12-04,En Curso,199,4.9,False,2026-09-03
334,7,3,2023-04-11,2023-10-08,Completado,229,5.3,True,2026-09-03
2299,10,4,2022-01-04,2022-12-30,Completado,466,5.8,True,2026-09-03
702,9,1,2023-05-26,2023-09-28,Abandonado,193,,False,2026-09-03
3979,9,5,2023-09-26,2024-09-20,En Curso,284,4.1,False,2026-09-03
1844,7,5,2022-10-02,2023-08-09,Abandonado,209,,False,2026-09-03
1249,2,2,2020-08-14,2022-02-05,Completado,708,6.5,True,2026-09-03
1517,9,5,2024-03-30,2024-06-18,Abandonado,65,,False,2026-09-03
2753,5,3,2020-05-24,2021-05-19,Completado,460,6.1,True,2026-09-03
289,6,1,2021-05-05,2022-04-30,Completado,469,5.4,True,2026-09-03
1231,8,4,2020-02-16,2021-02-10,Completado,478,6.1,True,2026-09-03
38,8,5,2022-06-03,2023-05-29,Completado,478,4.0,True,2026-09-03
1690,9,2,2022-08-20,2024-02-11,En Curso,287,4.9,False,2026-09-03
3518,9,4,2021-04-27,2021-10-11,Abandonado,173,,False,2026-09-03
2102,8,2,2024-03-30,2025-03-25,Completado,469,6.1,True,2026-09-03
3969,8,5,2024-02-04,2025-01-29,Completado,466,5.2,True,2026-09-03
4447,5,1,2023-03-21,2023-10-06,Abandonado,224,,False,2026-09-03
988,2,3,2023-11-09,2025-10-29,Completado,933,6.8,True,2026-09-03
3464,9,2,2020-02-25,2021-02-19,Completado,469,7.0,True,2026-09-03
3945,3,1,2022-08-11,2023-08-06,Completado,466,4.4,True,2026-09-03
368,2,5,2022-07-16,2023-07-11,Completado,457,4.7,True,2026-09-03
613,6,4,2021-11-14,2022-05-13,Completado,237,6.9,True,2026-09-03
4053,7,2,2020-11-05,2021-10-31,Completado,470,6.1,True,2026-09-03
4365,7,1,2022-05-08,2024-04-27,En Curso,449,5.8,False,2026-09-03
231,10,3,2022-05-19,2022-11-15,Completado,233,4.8,True,2026-09-03
4964,7,1,2022-12-08,2023-06-06,Completado,235,7.0,True,2026-09-03
2618,2,5,2024-09-28,2025-09-23,Completado,456,5.7,True,2026-09-03
3497,3,1,2022-12-04,2023-11-29,Completado,468,6.6,True,2026-09-03
2304,8,2,2022-05-17,2022-07-01,Abandonado,162,,False,2026-09-03
2354,1,5,2023-09-20,2025-03-13,En Curso,424,6.8,False,2026-09-03
3562,3,4,2020-11-25,2022-05-19,Completado,703,6.7,True,2026-09-03
1661,9,5,2020-06-23,2020-12-20,Completado,233,6.2,True,2026-09-03
534,3,3,2022-06-17,2023-06-12,Completado,471,4.3,True,2026-09-03
1863,7,4,2020-10-06,2021-10-01,En Curso,235,6.2,False,2026-09-03
3105,6,2,2020-10-28,2021-10-23,Completado,471,4.3,True,2026-09-03
3330,2,4,2023-12-08,2024-12-02,En Curso,152,5.2,False,2026-09-03
347,2,3,2022-07-13,2023-07-08,Completado,464,7.0,True,2026-09-03
4283,7,3,2023-10-05,2025-09-24,Completado,940,6.8,True,2026-09-03
2948,1,5,2022-09-11,2023-09-06,En Curso,148,6.4,False,2026-09-03
2593,5,3,2021-12-11,2023-12-01,Completado,936,5.1,True,2026-09-03
1875,10,1,2024-07-26,2025-07-21,En Curso,223,4.7,False,2026-09-03
1347,9,3,2022-09-27,2024-03-20,Completado,719,4.6,True,2026-09-03
4469,7,2,2023-08-29,2024-02-25,Completado,238,5.3,True,2026-09-03
2353,9,5,2023-04-20,2024-10-11,Completado,718,4.4,True,2026-09-03
3180,3,2,2020-09-22,2021-08-05,Abandonado,281,,False,2026-09-03
3838,5,3,2023-10-04,2023-12-08,Abandonado,36,,False,2026-09-03
1937,10,5,2024-07-13,2025-07-08,Completado,461,6.2,True,2026-09-03
4383,10,3,2023-12-09,2024-03-21,Abandonado,107,,False,2026-09-03
1391,2,4,2020-01-30,2022-01-19,En Curso,301,5.7,False,2026-09-03
904,1,3,2024-01-05,2024-07-03,Completado,231,4.7,True,2026-09-03
270,6,5,2023-05-31,2024-05-25,Completado,473,5.2,True,2026-09-03
2437,9,2,2020-12-14,2022-12-04,Completado,935,5.9,True,2026-09-03
653,7,1,2020-10-04,2021-04-02,Completado,239,5.8,True,2026-09-03
1120,2,2,2022-01-21,2023-01-16,Completado,456,6.0,True,2026-09-03
3294,1,1,2024-09-18,2025-09-13,Completado,477,5.2,True,2026-09-03
3404,6,2,2021-06-05,2022-08-09,Abandonado,191,,False,2026-09-03
3687,3,2,2022-12-18,2023-12-13,Completado,460,4.9,True,2026-09-03
3900,10,4,2022-03-21,2022-09-17,En Curso,80,4.6,False,2026-09-03
3953,5,1,2021-05-21,2021-07-10,Abandonado,150,,False,2026-09-03
2859,8,1,2022-02-16,2023-08-10,Completado,710,4.6,True,2026-09-03
4885,3,1,2023-01-29,2024-07-22,Completado,686,5.9,True,2026-09-03
1183,1,1,2022-03-08,2024-02-26,Completado,912,6.4,True,2026-09-03
4997,10,2,2020-08-02,2022-07-23,Completado,936,5.8,True,2026-09-03
3796,2,4,2024-06-23,2025-12-15,En Curso,448,4.8,False,2026-09-03
1235,3,1,2023-12-10,2025-06-02,Completado,702,4.3,True,2026-09-03
547,5,1,2024-08-02,2026-01-24,En Curso,216,6.7,False,2026-09-03
2003,4,2,2021-01-15,2021-07-14,Completado,235,4.9,True,2026-09-03
1168,7,3,2022-01-22,2023-01-17,En Curso,225,6.7,False,2026-09-03
4523,6,1,2020-05-08,2021-05-03,Completado,469,5.3,True,2026-09-03
122,5,5,2022-04-21,2022-09-11,Abandonado,165,,False,2026-09-03
4238,6,2,2023-03-30,2024-03-24,Completado,459,6.1,True,2026-09-03
553,10,4,2020-04-08,2022-03-29,Completado,947,5.4,True,2026-09-03
1896,1,5,2021-08-21,2022-08-16,Completado,463,6.2,True,2026-09-03
1155,2,2,2020-07-10,2022-01-01,En Curso,306,4.4,False,2026-09-03
4414,5,5,2021-06-10,2021-12-07,Completado,228,6.7,True,2026-09-03
1525,6,4,2024-10-08,2025-10-03,Completado,467,5.4,True,2026-09-03
1063,8,4,2023-04-11,2024-04-05,Completado,477,6.9,True,2026-09-03
4483,5,5,2020-02-03,2021-01-28,Completado,479,4.6,True,2026-09-03
4767,8,3,2021-07-09,2022-07-04,Completado,479,5.5,True,2026-09-03
3214,10,2,2023-06-17,2025-06-06,Completado,947,5.3,True,2026-09-03
4023,7,4,2022-12-08,2024-05-31,Completado,708,4.8,True,2026-09-03
1129,8,1,2024-09-02,2025-08-28,Completado,464,6.1,True,2026-09-03
130,2,4,2023-09-03,2024-08-28,Completado,469,4.2,True,2026-09-03
95,4,4,2023-06-12,2024-06-06,En Curso,197,5.3,False,2026-09-03
321,6,3,2021-09-03,2022-08-29,En Curso,223,6.3,False,2026-09-03
2577,1,4,2022-11-03,2024-04-26,Completado,707,4.1,True,2026-09-03
139,2,1,2022-01-19,2023-01-14,Completado,475,6.7,True,2026-09-03
3346,6,1,2021-05-06,2023-04-26,Completado,947,5.9,True,2026-09-03
2744,2,2,2020-04-21,2021-10-13,Completado,690,4.1,True,2026-09-03
3034,3,3,2023-12-01,2024-02-10,Abandonado,224,,False,2026-09-03
313,7,1,2022-03-30,2023-03-25,En Curso,182,5.5,False,2026-09-03
4817,2,2,2020-10-26,2022-04-19,Completado,714,4.8,True,2026-09-03
3700,6,4,2020-03-30,2022-03-20,Completado,940,5.8,True,2026-09-03
1086,1,1,2020-02-17,2021-02-11,Completado,460,4.9,True,2026-09-03
807,5,4,2021-11-09,2023-05-03,En Curso,237,7.0,False,2026-09-03
1216,7,4,2024-04-16,2024-10-13,Completado,234,6.9,True,2026-09-03
1144,2,4,2023-05-21,2023-11-17,En Curso,117,6.9,False,2026-09-03
2881,9,3,2024-12-16,2026-06-09,Completado,712,5.9,True,2026-09-03
1388,1,2,2022-06-25,2023-01-26,Abandonado,400,,False,2026-09-03
2408,10,3,2020-05-11,2020-11-07,Completado,236,5.0,True,2026-09-03
2670,1,3,2023-04-04,2024-03-08,Abandonado,107,,False,2026-09-03
755,9,3,2023-03-06,2024-08-27,Completado,708,5.1,True,2026-09-03
2287,9,4,2021-05-16,2022-05-11,En Curso,224,6.5,False,2026-09-03
3654,1,5,2024-04-23,2026-04-13,Completado,934,5.5,True,2026-09-03
3175,8,3,2020-09-29,2022-03-23,Completado,686,6.9,True,2026-09-03
3412,5,1,2024-10-18,2026-04-11,Completado,698,4.2,True,2026-09-03
2463,2,1,2023-08-03,2025-07-23,En Curso,646,6.7,False,2026-09-03
2220,1,2,2021-08-11,2022-08-06,Completado,463,5.6,True,2026-09-03
2561,2,1,2023-12-21,2024-12-15,Completado,474,5.7,True,2026-09-03
1128,7,4,2020-07-15,2022-01-06,Completado,709,6.2,True,2026-09-03
3321,2,4,2024-12-03,2025-06-01,Completado,230,4.9,True,2026-09-03
3476,2,4,2022-11-12,2023-05-11,Completado,230,4.3,True,2026-09-03
2549,4,3,2023-05-25,2024-05-19,Completado,466,5.3,True,2026-09-03
1833,1,5,2020-03-19,2021-03-14,En Curso,274,5.7,False,2026-09-03
331,1,3,2020-02-21,2021-02-15,Completado,479,4.1,True,2026-09-03
2713,9,5,2024-06-09,2026-05-30,Completado,957,6.3,True,2026-09-03
3617,7,4,2023-04-15,2024-04-09,Completado,469,6.6,True,2026-09-03
446,4,2,2023-01-04,2023-12-30,Completado,457,6.0,True,2026-09-03
4738,9,1,2020-10-24,2022-04-17,Completado,718,6.3,True,2026-09-03
847,10,5,2021-11-01,2023-04-25,Completado,701,6.6,True,2026-09-03
2938,4,2,2022-04-15,2022-10-30,Abandonado,75,,False,2026-09-03
3902,3,4,2024-12-26,2026-06-19,En Curso,425,4.5,False,2026-09-03
4398,5,4,2021-07-24,2022-07-19,Completado,473,6.1,True,2026-09-03
1455,9,5,2024-01-25,2025-01-19,Completado,472,4.6,True,2026-09-03
4481,6,4,2021-08-22,2022-02-18,Completado,236,6.4,True,2026-09-03
4108,1,4,2021-10-26,2023-04-19,Completado,684,5.2,True,2026-09-03
3650,8,4,2021-10-27,2022-10-22,Completado,458,6.9,True,2026-09-03
2891,8,1,2022-04-29,2023-04-24,En Curso,297,4.2,False,2026-09-03
2038,9,2,2021-03-24,2021-09-20,Completado,231,4.4,True,2026-09-03
2405,1,1,2023-02-15,2024-08-08,Completado,690,6.6,True,2026-09-03
3352,6,1,2023-03-08,2024-03-02,En Curso,314,5.4,False,2026-09-03
4234,2,3,2024-06-28,2026-06-18,Completado,950,5.7,True,2026-09-03
2228,8,2,2021-03-12,2021-09-08,Completado,229,4.1,True,2026-09-03
4743,8,2,2023-11-10,2024-11-04,Completado,463,4.4,True,2026-09-03
1623,6,5,2020-04-03,2022-03-24,Completado,941,5.5,True,2026-09-03
962,3,4,2023-03-04,2023-08-31,Completado,229,4.5,True,2026-09-03
4244,5,5,2022-12-14,2024-12-03,En Curso,487,4.0,False,2026-09-03
966,6,1,2024-09-18,2025-09-13,Completado,475,4.9,True,2026-09-03
4682,2,1,2020-03-24,2021-10-10,Abandonado,116,,False,2026-09-03
4224,10,1,2023-10-27,2024-10-21,En Curso,272,5.3,False,2026-09-03
2572,8,3,2020-12-22,2021-12-17,Completado,463,5.9,True,2026-09-03
4082,4,1,2021-12-29,2022-12-24,En Curso,199,6.1,False,2026-09-03
4139,5,1,2024-10-08,2026-04-01,En Curso,220,6.8,False,2026-09-03
1264,7,5,2024-06-06,2024-12-03,En Curso,123,5.8,False,2026-09-03
3313,1,5,2021-07-19,2023-01-10,Completado,711,5.5,True,2026-09-03
4153,6,3,2023-03-06,2024-02-29,En Curso,188,5.4,False,2026-09-03
1311,1,3,2020-04-21,2021-04-16,Completado,467,6.8,True,2026-09-03
40,8,3,2024-09-16,2026-03-10,En Curso,414,5.4,False,2026-09-03
1991,2,5,2021-08-10,2022-08-05,Completado,479,4.1,True,2026-09-03
4503,9,2,2024-10-01,2025-09-26,En Curso,229,5.6,False,2026-09-03
3726,7,5,2021-09-16,2022-09-11,Completado,467,6.7,True,2026-09-03
4672,9,4,2020-07-06,2021-07-01,Completado,465,5.6,True,2026-09-03
64,7,5,2024-06-11,2025-07-24,Abandonado,373,,False,2026-09-03
1928,6,5,2023-02-09,2023-08-08,En Curso,124,5.7,False,2026-09-03
4248,4,2,2024-07-20,2026-01-11,Completado,713,6.4,True,2026-09-03
376,10,4,2020-07-01,2021-03-02,Abandonado,297,,False,2026-09-03
3731,10,2,2024-10-28,2025-10-23,Completado,461,4.3,True,2026-09-03
1851,9,5,2021-03-09,2022-03-04,Completado,464,4.8,True,2026-09-03
3084,4,1,2023-06-14,2023-08-24,Abandonado,32,,False,2026-09-03
1420,10,1,2021-03-15,2023-03-05,En Curso,555,4.5,False,2026-09-03
4413,4,1,2024-11-06,2026-04-30,Completado,703,6.3,True,2026-09-03
2446,7,4,2024-05-20,2025-11-11,Completado,690,5.9,True,2026-09-03
2564,9,4,2024-11-26,2026-05-20,Completado,700,6.0,True,2026-09-03
3490,3,5,2021-05-17,2022-04-18,Abandonado,84,,False,2026-09-03
1717,9,5,2024-12-06,2025-05-29,Abandonado,47,,False,2026-09-03
607,3,5,2021-08-17,2022-08-12,Completado,473,4.1,True,2026-09-03
2406,7,3,2021-05-29,2021-11-25,Completado,229,6.5,True,2026-09-03
342,1,4,2022-05-11,2023-11-02,Completado,713,5.4,True,2026-09-03
2312,7,5,2020-10-12,2022-10-02,En Curso,360,5.1,False,2026-09-03
1495,10,2,2024-03-13,2024-07-09,Abandonado,72,,False,2026-09-03
2342,5,3,2020-09-09,2021-03-08,Completado,232,4.1,True,2026-09-03
1733,3,5,2023-10-09,2024-02-22,Abandonado,95,,False,2026-09-03
4274,4,5,2021-03-15,2021-09-11,Completado,231,4.7,True,2026-09-03
3487,8,1,2020-05-25,2020-11-21,Completado,237,5.3,True,2026-09-03
4684,2,5,2024-02-26,2025-04-30,Abandonado,159,,False,2026-09-03
4568,5,1,2020-08-05,2022-01-27,Completado,715,5.3,True,2026-09-03
2517,2,4,2024-02-09,2024-03-27,Abandonado,208,,False,2026-09-03
1497,2,5,2020-11-25,2021-08-16,Abandonado,130,,False,2026-09-03
2239,3,5,2021-11-30,2022-11-25,Completado,459,5.0,True,2026-09-03
4853,8,1,2023-08-08,2025-01-29,En Curso,227,5.8,False,2026-09-03
4270,7,1,2022-07-06,2023-07-01,En Curso,179,6.9,False,2026-09-03
3596,6,5,2024-08-20,2026-02-11,Completado,700,6.4,True,2026-09-03
4957,9,3,2024-05-16,2024-11-12,Completado,233,4.1,True,2026-09-03
3364,6,3,2020-03-26,2021-08-12,Abandonado,211,,False,2026-09-03
2658,8,5,2020-09-20,2021-09-15,Completado,457,6.8,True,2026-09-03
993,7,3,2021-03-29,2022-03-24,Completado,456,5.7,True,2026-09-03
4774,2,5,2020-10-12,2021-04-10,En Curso,145,6.6,False,2026-09-03
605,4,2,2022-01-09,2022-07-08,En Curso,118,6.9,False,2026-09-03
4439,4,3,2023-02-11,2023-08-10,En Curso,83,5.4,False,2026-09-03
3092,1,3,2023-01-19,2024-01-14,Completado,466,6.2,True,2026-09-03
2560,8,3,2022-10-21,2023-04-19,En Curso,117,5.1,False,2026-09-03
3098,9,3,2022-03-11,2023-03-06,Completado,474,5.7,True,2026-09-03
2835,10,4,2024-05-15,2024-11-11,Completado,232,5.8,True,2026-09-03
