id_persona,edad,genero,estado_civil,nivel_educativo_ingreso,tiene_hijos,num_hijos,contexto,fecha_registro
1,43,Masculino,Soltero,Primaria,False,0,Penitenciario,2026-09-03
2,36,Masculino,Soltero,Primaria,True,2,Penitenciario,2026-09-03
3,45,Masculino,Divorciado,Secundaria,False,0,Penitenciario,2026-09-03
4,56,Masculino,Soltero,Secundaria,False,0,Penitenciario,2026-09-03
5,35,Masculino,Soltero,Sin escolaridad,True,4,Penitenciario,2026-09-03
6,35,Masculino,Soltero,Secundaria,False,0,Penitenciario,2026-09-03
7,56,Masculino,Soltero,Secundaria,False,0,Penitenciario,2026-09-03
8,47,Femenino,Divorciado,Secundaria,True,1,Penitenciario,2026-09-03
9,32,Masculino,Soltero,Primaria,True,2,Penitenciario,2026-09-03
10,44,Masculino,Viudo,Secundaria,True,2,Penitenciario,2026-09-03
11,32,Masculino,Divorciado,Secundaria,True,2,Penitenciario,2026-09-03
12,32,Femenino,Soltero,Sin escolaridad,False,0,Penitenciario,2026-09-03
13,40,Masculino,Soltero,Secundaria,False,0,Penitenciario,2026-09-03
14,18,Femenino,Divorciado,Primaria,True,8,Penitenciario,2026-09-03
15,18,Masculino,Soltero,Primaria,False,0,Penitenciario,2026-09-03
16,31,Masculino,Soltero,Secundaria,False,0,Penitenciario,2026-09-03
17,25,Masculino,Soltero,Sin escolaridad,True,3,Penitenciario,2026-09-03
18,41,Masculino,Soltero,Superior,False,0,Penitenciario,2026-09-03
19,27,Femenino,Casado,Secundaria,True,4,Penitenciario,2026-09-03
20,21,Femenino,Soltero,Superior,True,5,Penitenciario,2026-09-03
21,55,Masculino,Soltero,Primaria,True,3,Penitenciario,2026-09-03
22,35,Masculino,Divorciado,Secundaria,True,2,Penitenciario,2026-09-03
23,38,Femenino,Casado,Primaria,True,1,Penitenciario,2026-09-03
24,20,Masculino,Soltero,Secundaria,True,3,Penitenciario,2026-09-03
25,31,Masculino,Casado,Secundaria,True,3,Penitenciario,2026-09-03
26,39,Masculino,Soltero,Primaria,False,0,Penitenciario,2026-09-03
27,24,Masculino,Casado,Técnico,False,0,Penitenciario,2026-09-03
28,42,Masculino,Soltero,Secundaria,True,3,Penitenciario,2026-09-03
29,30,Masculino,Soltero,Sin escolaridad,True,7,Penitenciario,2026-09-03
30,34,Masculino,Casado,Secundaria,False,0,Penitenciario,2026-09-03
31,30,Masculino,Soltero,Secundaria,False,0,Penitenciario,2026-09-03
32,60,Masculino,Viudo,Primaria,True,2,Penitenciario,2026-09-03
33,37,Masculino,Soltero,Secundaria,True,5,Penitenciario,2026-09-03
34,25,Femenino,Divorciado,Primaria,True,3,Penitenciario,2026-09-03
35,47,Masculino,Divorciado,Secundaria,True,1,Penitenciario,2026-09-03
36,23,Masculino,Soltero,Secundaria,True,5,Penitenciario,2026-09-03
37,40,Femenino,Casado,Secundaria,True,3,Penitenciario,2026-09-03
38,18,Femenino,Soltero,Secundaria,True,3,Penitenciario,2026-09-03
39,22,Masculino,Divorciado,Primaria,True,4,Penitenciario,2026-09-03
40,40,Masculino,Soltero,Primaria,True,2,Penitenciario,2026-09-03
41,46,Femenino,Casado,Primaria,True,1,Penitenciario,2026-09-03
42,40,Femenino,Soltero,Secundaria,False,0,Penitenciario,2026-09-03
43,36,Femenino,Soltero,Secundaria,True,1,Penitenciario,2026-09-03
44,34,Femenino,Soltero,Técnico,False,0,Penitenciario,2026-09-03
45,20,Masculino,Soltero,Primaria,True,5,Penitenciario,2026-09-03
46,29,Masculino,Casado,Secundaria,False,0,Penitenciario,2026-09-03
47,32,Masculino,Casado,Secundaria,False,0,Penitenciario,2026-09-03
48,50,Masculino,Casado,Secundaria,True,4,Penitenciario,2026-09-03
49,42,Masculino,Soltero,Técnico,True,2,Penitenciario,2026-09-03
50,18,Masculino,Soltero,Primaria,True,1,Penitenciario,2026-09-03
51,41,Masculino,Soltero,Sin escolaridad,True,1,Penitenciario,2026-09-03
52,33,Femenino,Casado,Secundaria,True,2,Penitenciario,2026-09-03
53,29,Masculino,Viudo,Primaria,False,0,Penitenciario,2026-09-03
54,45,Masculino,Soltero,Sin escolaridad,True,1,Penitenciario,2026-09-03
55,50,Masculino,Soltero,Primaria,False,0,Penitenciario,2026-09-03
56,49,Masculino,Soltero,Primaria,False,0,Penitenciario,2026-09-03
57,27,Femenino,Casado,Secundaria,False,0,Penitenciario,2026-09-03
58,34,Masculino,Casado,Primaria,False,0,Penitenciario,2026-09-03
59,41,Femenino,Casado,Secundaria,False,0,Penitenciario,2026-09-03
60,49,Masculino,Soltero,Secundaria,True,3,Penitenciario,2026-09-03
61,32,Masculino,Casado,Secundaria,True,2,Penitenciario,2026-09-03
62,35,Masculino,Casado,Superior,False,0,Penitenciario,2026-09-03
63,24,Masculino,Soltero,Sin escolaridad,False,0,Penitenciario,2026-09-03
64,23,Femenino,Soltero,Superior,False,0,Penitenciario,2026-09-03
65,47,Masculino,Soltero,Secundaria,True,4,Penitenciario,2026-09-03
66,54,Femenino,Soltero,Secundaria,False,0,Penitenciario,2026-09-03
67,37,Masculino,Divorciado,Secundaria,True,4,Penitenciario,2026-09-03
68,50,Femenino,Soltero,Secundaria,True,1,Penitenciario,2026-09-03
69,42,Masculino,Casado,Técnico,False,0,Penitenciario,2026-09-03
70,30,Femenino,Soltero,Técnico,False,0,Penitenciario,2026-09-03
71,42,Masculino,Soltero,Primaria,False,0,Penitenciario,2026-09-03
72,56,Masculino,Soltero,Primaria,False,0,Penitenciario,2026-09-03
73,37,Masculino,Soltero,Secundaria,False,0,Penitenciario,2026-09-03
74,56,Femenino,Soltero,Técnico,True,4,Penitenciario,2026-09-03
75,18,Masculino,Soltero,Primaria,False,0,Penitenciario,2026-09-03
76,47,Masculino,Soltero,Secundaria,True,3,Penitenciario,2026-09-03
77,39,Femenino,Soltero,Secundaria,False,0,Penitenciario,2026-09-03
78,34,Masculino,Soltero,Secundaria,True,3,Penitenciario,2026-09-03
79,39,Masculino,Soltero,Secundaria,True,3,Penitenciario,2026-09-03
80,18,Masculino,Soltero,Secundaria,True,6,Penitenciario,2026-09-03
81,35,Masculino,Divorciado,Superior,True,5,Penitenciario,2026-09-03
82,42,Femenino,Soltero,Secundaria,False,0,Penitenciario,2026-09-03
83,55,Femenino,Casado,Secundaria,True,3,Penitenciario,2026-09-03
84,31,Masculino,Soltero,Primaria,False,0,Penitenciario,2026-09-03
85,28,Femenino,Casado,Secundaria,False,0,Penitenciario,2026-09-03
86,31,Masculino,Soltero,Primaria,True,6,Penitenciario,2026-09-03
87,48,Masculino,Divorciado,Primaria,True,2,Penitenciario,2026-09-03
88,41,Masculino,Soltero,Secundaria,False,0,Penitenciario,2026-09-03
89,31,Masculino,Casado,Secundaria,False,0,Penitenciario,2026-09-03
90,44,Masculino,Soltero,Secundaria,True,2,Penitenciario,2026-09-03
91,39,Femenino,Soltero,Primaria,True,3,Penitenciario,2026-09-03
92,49,Femenino,Casado,Secundaria,True,3,Penitenciario,2026-09-03
93,29,Masculino,Soltero,Secundaria,True,1,Penitenciario,2026-09-03
94,34,Masculino,Soltero,Secundaria,True,3,Penitenciario,2026-09-03
95,33,Femenino,Soltero,Primaria,False,0,Penitenciario,2026-09-03
96,20,Femenino,Casado,Secundaria,False,0,Penitenciario,2026-09-03
97,41,Femenino,Viudo,Secundaria,True,2,Penitenciario,2026-09-03
98,41,Masculino,Soltero,Primaria,True,3,Penitenciario,2026-09-03
99,38,Femenino,Casado,Primaria,True,1,Penitenciario,2026-09-03
100,35,Masculino,Soltero,Secundaria,False,0,Penitenciario,2026-09-03
101,21,Masculino,Soltero,Secundaria,False,0,Penitenciario,2026-09-03
102,32,Masculino,Divorciado,Secundaria,False,0,Penitenciario,2026-09-03
103,33,Masculino,Divorciado,Secundaria,False,0,Penitenciario,2026-09-03
104,28,Masculino,Casado,Secundaria,False,0,Penitenciario,2026-09-03
105,36,Masculino,Soltero,Secundaria,False,0,Penitenciario,2026-09-03
106,42,Masculino,Soltero,Primaria,True,4,Penitenciario,2026-09-03
107,60,Femenino,Soltero,Primaria,False,0,Penitenciario,2026-09-03
108,40,Masculino,Soltero,Secundaria,False,0,Penitenciario,2026-09-03
109,41,Masculino,Soltero,Primaria,False,0,Penitenciario,2026-09-03
110,37,Masculino,Casado,Técnico,False,0,Penitenciario,2026-09-03
111,18,Femenino,Divorciado,Secundaria,False,0,Penitenciario,2026-09-03
112,37,Masculino,Soltero,Técnico,True,4,Penitenciario,2026-09-03
113,38,Masculino,Soltero,Técnico,True,3,Penitenciario,2026-09-03
114,67,Masculino,Divorciado,Secundaria,False,0,Penitenciario,2026-09-03
115,35,Femenino,Soltero,Secundaria,False,0,Penitenciario,2026-09-03
116,41,Femenino,Casado,Primaria,False,0,Penitenciario,2026-09-03
117,37,Masculino,Soltero,Sin escolaridad,False,0,Penitenciario,2026-09-03
118,23,Masculino,Soltero,Secundaria,True,1,Penitenciario,2026-09-03
119,51,Femenino,Viudo,Primaria,True,2,Penitenciario,2026-09-03
120,47,Masculino,Soltero,Superior,False,0,Penitenciario,2026-09-03
121,47,Masculino,Soltero,Secundaria,True,4,Penitenciario,2026-09-03
122,27,Masculino,Soltero,Secundaria,True,2,Penitenciario,2026-09-03
123,54,Masculino,Divorciado,Primaria,True,5,Penitenciario,2026-09-03
124,21,Masculino,Divorciado,Secundaria,False,0,Penitenciario,2026-09-03
125,45,Masculino,Soltero,Sin escolaridad,True,2,Penitenciario,2026-09-03
126,64,Masculino,Soltero,Secundaria,True,2,Penitenciario,2026-09-03
127,26,Femenino,Casado,Primaria,False,0,Penitenciario,2026-09-03
128,31,Masculino,Soltero,Secundaria,True,3,Penitenciario,2026-09-03
129,39,Femenino,Casado,Primaria,True,3,Penitenciario,2026-09-03
130,31,Masculino,Soltero,Primaria,True,3,Penitenciario,2026-09-03
131,19,Masculino,Soltero,Secundaria,True,4,Penitenciario,2026-09-03
132,38,Masculino,Casado,Primaria,False,0,Penitenciario,2026-09-03
133,25,Femenino,Soltero,Secundaria,False,0,Penitenciario,2026-09-03
134,43,Femenino,Divorciado,Primaria,True,4,Penitenciario,2026-09-03
135,26,Masculino,Soltero,Primaria,False,0,Penitenciario,2026-09-03
136,56,Femenino,Soltero,Secundaria,True,3,Penitenciario,2026-09-03
137,28,Masculino,Viudo,Primaria,True,3,Penitenciario,2026-09-03
138,34,Femenino,Soltero,Secundaria,False,0,Penitenciario,2026-09-03
139,47,Femenino,Casado,Secundaria,True,2,Penitenciario,2026-09-03
140,23,Femenino,Soltero,Primaria,True,2,Penitenciario,2026-09-03
141,40,Masculino,Casado,Primaria,False,0,Penitenciario,2026-09-03
142,53,Masculino,Casado,Primaria,False,0,Penitenciario,2026-09-03
143,18,Masculino,Soltero,Secundaria,True,2,Penitenciario,2026-09-03
144,40,Masculino,Casado,Secundaria,False,0,Penitenciario,2026-09-03
145,41,Masculino,Casado,Secundaria,False,0,Penitenciario,2026-09-03
146,47,Masculino,Soltero,Secundaria,False,0,Penitenciario,2026-09-03
147,23,Masculino,Soltero,Sin escolaridad,True,1,Penitenciario,2026-09-03
148,22,Masculino,Soltero,Secundaria,True,3,Penitenciario,2026-09-03
149,44,Masculino,Soltero,Secundaria,False,0,Penitenciario,2026-09-03
150,41,Masculino,Soltero,Secundaria,True,4,Penitenciario,2026-09-03
151,41,Femenino,Soltero,Superior,True,4,Penitenciario,2026-09-03
152,42,Masculino,Soltero,Secundaria,True,5,Penitenciario,2026-09-03
153,29,Masculino,Casado,Superior,True,5,Penitenciario,2026-09-03
154,40,Femenino,Soltero,Primaria,True,2,Penitenciario,2026-09-03
155,41,Masculino,Divorciado,Sin escolaridad,False,0,Penitenciario,2026-09-03
156,29,Masculino,Soltero,Primaria,True,7,Penitenciario,2026-09-03
157,60,Masculino,Soltero,Secundaria,True,4,Penitenciario,2026-09-03
158,43,Masculino,Casado,Primaria,False,0,Penitenciario,2026-09-03
159,23,Femenino,Soltero,Primaria,False,0,Penitenciario,2026-09-03
160,45,Masculino,Soltero,Secundaria,False,0,Penitenciario,2026-09-03
161,26,Masculino,Soltero,Primaria,True,2,Penitenciario,2026-09-03
162,47,Masculino,Soltero,Primaria,True,3,Penitenciario,2026-09-03
163,51,Masculino,Soltero,Primaria,False,0,Penitenciario,2026-09-03
164,28,Femenino,Viudo,Técnico,False,0,Penitenciario,2026-09-03
165,49,Masculino,Soltero,Primaria,True,5,Penitenciario,2026-09-03
166,42,Masculino,Divorciado,Secundaria,False,0,Penitenciario,2026-09-03
167,47,Masculino,Casado,Secundaria,True,3,Penitenciario,2026-09-03
168,60,Masculino,Soltero,Secundaria,False,0,Penitenciario,2026-09-03
169,35,Masculino,Soltero,Primaria,False,0,Penitenciario,2026-09-03
170,28,Femenino,Casado,Secundaria,True,3,Penitenciario,2026-09-03
171,27,Femenino,Divorciado,Secundaria,False,0,Penitenciario,2026-09-03
172,28,Femenino,Soltero,Secundaria,True,2,Penitenciario,2026-09-03
173,37,Femenino,Soltero,Primaria,True,1,Penitenciario,2026-09-03
174,42,Masculino,Soltero,Primaria,False,0,Penitenciario,2026-09-03
175,41,Masculino,Soltero,Técnico,True,2,Penitenciario,2026-09-03
176,47,Femenino,Soltero,Secundaria,False,0,Penitenciario,2026-09-03
177,38,Femenino,Divorciado,Secundaria,True,2,Penitenciario,2026-09-03
178,55,Femenino,Soltero,Secundaria,True,6,Penitenciario,2026-09-03
179,34,Masculino,Casado,Técnico,True,2,Penitenciario,2026-09-03
180,70,Masculino,Casado,Secundaria,False,0,Penitenciario,2026-09-03
181,45,Femenino,Soltero,Secundaria,True,3,Penitenciario,2026-09-03
182,27,Femenino,Soltero,Técnico,True,2,Penitenciario,2026-09-03
183,25,Femenino,Casado,Secundaria,True,5,Penitenciario,2026-09-03
184,43,Masculino,Divorciado,Primaria,True,3,Penitenciario,2026-09-03
185,35,Masculino,Casado,Primaria,True,2,Penitenciario,2026-09-03
186,46,Masculino,Soltero,Secundaria,False,0,Penitenciario,2026-09-03
187,43,Femenino,Soltero,Secundaria,True,2,Penitenciario,2026-09-03
188,37,Masculino,Soltero,Secundaria,True,2,Penitenciario,2026-09-03
189,27,Masculino,Soltero,Secundaria,True,5,Penitenciario,2026-09-03
190,19,Femenino,Casado,Secundaria,True,4,Penitenciario,2026-09-03
191,32,Masculino,Soltero,Secundaria,False,0,Penitenciario,2026-09-03
192,48,Femenino,Casado,Secundaria,False,0,Penitenciario,2026-09-03
193,40,Masculino,Soltero,Primaria,True,1,Penitenciario,2026-09-03
194,23,Femenino,Casado,Superior,False,0,Penitenciario,2026-09-03
195,40,Masculino,Viudo,Secundaria,True,1,Penitenciario,2026-09-03
196,42,Femenino,Soltero,Secundaria,True,1,Penitenciario,2026-09-03
197,27,Femenino,Divorciado,Primaria,True,2,Penitenciario,2026-09-03
198,39,Masculino,Soltero,Primaria,False,0,Penitenciario,2026-09-03
199,38,Masculino,Soltero,Secundaria,True,2,Penitenciario,2026-09-03
200,24,Masculino,Divorciado,Secundaria,True,4,Penitenciario,2026-09-03
201,42,Masculino,Divorciado,Secundaria,True,4,Penitenciario,2026-09-03
202,44,Femenino,Soltero,Secundaria,True,3,Penitenciario,2026-09-03
203,50,Masculino,Soltero,Secundaria,True,5,Penitenciario,2026-09-03
204,50,Masculino,Casado,Secundaria,True,2,Penitenciario,2026-09-03
205,21,Masculino,Casado,Sin escolaridad,False,0,Penitenciario,2026-09-03
206,26,Femenino,Soltero,Secundaria,True,3,Penitenciario,2026-09-03
207,44,Femenino,Casado,Secundaria,False,0,Penitenciario,2026-09-03
208,44,Masculino,Soltero,Secundaria,True,1,Penitenciario,2026-09-03
209,44,Masculino,Soltero,Secundaria,False,0,Penitenciario,2026-09-03
210,84,Masculino,Soltero,Secundaria,True,2,Penitenciario,2026-09-03
211,44,Masculino,Soltero,Superior,False,0,Penitenciario,2026-09-03
212,51,Masculino,Divorciado,Primaria,False,0,Penitenciario,2026-09-03
213,49,Masculino,Soltero,Secundaria,False,0,Penitenciario,2026-09-03
214,45,Masculino,Viudo,Primaria,True,2,Penitenciario,2026-09-03
215,34,Masculino,Soltero,Primaria,False,0,Penitenciario,2026-09-03
216,47,Masculino,Casado,Secundaria,True,3,Penitenciario,2026-09-03
217,28,Masculino,Casado,Primaria,True,3,Penitenciario,2026-09-03
218,35,Masculino,Casado,Superior,True,4,Penitenciario,2026-09-03
219,32,Femenino,Casado,Técnico,True,3,Penitenciario,2026-09-03
220,38,Femenino,Soltero,Primaria,True,2,Penitenciario,2026-09-03
221,65,Masculino,Divorciado,Secundaria,False,0,Penitenciario,2026-09-03
222,18,Masculino,Casado,Secundaria,False,0,Penitenciario,2026-09-03
223,46,Femenino,Soltero,Secundaria,False,0,Penitenciario,2026-09-03
224,18,Femenino,Casado,Secundaria,True,3,Penitenciario,2026-09-03
225,32,Masculino,Soltero,Sin escolaridad,True,3,Penitenciario,2026-09-03
226,51,Masculino,Soltero,Secundaria,True,3,Penitenciario,2026-09-03
227,38,Masculino,Divorciado,Secundaria,False,0,Penitenciario,2026-09-03
228,25,Masculino,Soltero,Secundaria,False,0,Penitenciario,2026-09-03
229,29,Masculino,Casado,Técnico,True,3,Penitenciario,2026-09-03
230,46,Masculino,Soltero,Técnico,False,0,Penitenciario,2026-09-03
231,29,Masculino,Soltero,Secundaria,False,0,Penitenciario,2026-09-03
232,40,Masculino,Soltero,Secundaria,True,2,Penitenciario,2026-09-03
233,38,Masculino,Soltero,Superior,False,0,Penitenciario,2026-09-03
234,30,Masculino,Casado,Primaria,False,0,Penitenciario,2026-09-03
235,63,Masculino,Soltero,Primaria,True,1,Penitenciario,2026-09-03
236,45,Masculino,Soltero,Primaria,False,0,Penitenciario,2026-09-03
237,18,Masculino,Soltero,Técnico,False,0,Penitenciario,2026-09-03
238,40,Femenino,Soltero,Secundaria,True,1,Penitenciario,2026-09-03
239,30,Masculino,Casado,Primaria,False,0,Penitenciario,2026-09-03
240,48,Femenino,Soltero,Superior,True,3,Penitenciario,2026-09-03
241,28,Femenino,Casado,Secundaria,True,4,Penitenciario,2026-09-03
242,36,Masculino,Divorciado,Técnico,True,3,Penitenciario,2026-09-03
243,44,Masculino,Casado,Sin escolaridad,False,0,Penitenciario,2026-09-03
244,48,Masculino,Casado,Secundaria,True,3,Penitenciario,2026-09-03
245,23,Femenino,Soltero,Secundaria,False,0,Penitenciario,2026-09-03
246,33,Femenino,Soltero,Secundaria,True,6,Penitenciario,2026-09-03
247,32,Femenino,Divorciado,Secundaria,True,3,Penitenciario,2026-09-03
248,30,Masculino,Casado,Secundaria,True,3,Penitenciario,2026-09-03
249,59,Masculino,Casado,Secundaria,False,0,Penitenciario,2026-09-03
250,42,Masculino,Casado,Secundaria,True,3,Penitenciario,2026-09-03
251,22,Masculino,Soltero,Primaria,False,0,Penitenciario,2026-09-03
252,49,Masculino,Soltero,Primaria,False,0,Penitenciario,2026-09-03
253,63,Masculino,Casado,Sin escolaridad,False,0,Penitenciario,2026-09-03
254,50,Femenino,Casado,Secundaria,True,4,Penitenciario,2026-09-03
255,19,Masculino,Soltero,Secundaria,False,0,Penitenciario,2026-09-03
256,32,Masculino,Divorciado,Secundaria,True,3,Penitenciario,2026-09-03
257,53,Masculino,Soltero,Secundaria,False,0,Penitenciario,2026-09-03
258,29,Femenino,Soltero,Secundaria,True,3,Penitenciario,2026-09-03
259,43,Femenino,Divorciado,Secundaria,True,5,Penitenciario,2026-09-03
260,47,Masculino,Casado,Primaria,True,3,Penitenciario,2026-09-03
261,26,Masculino,Soltero,Primaria,True,2,Penitenciario,2026-09-03
262,37,Masculino,Soltero,Secundaria,True,4,Penitenciario,2026-09-03
263,18,Femenino,Soltero,Secundaria,False,0,Penitenciario,2026-09-03
264,25,Masculino,Casado,Secundaria,True,2,Penitenciario,2026-09-03
265,34,Masculino,Soltero,Secundaria,False,0,Penitenciario,2026-09-03
266,23,Masculino,Casado,Secundaria,True,3,Penitenciario,2026-09-03
267,57,Masculino,Divorciado,Secundaria,False,0,Penitenciario,2026-09-03
268,20,Femenino,Casado,Superior,True,2,Penitenciario,2026-09-03
269,32,Masculino,Soltero,Primaria,False,0,Penitenciario,2026-09-03
270,39,Masculino,Casado,Secundaria,True,3,Penitenciario,2026-09-03
271,55,Masculino,Soltero,Secundaria,False,0,Penitenciario,2026-09-03
272,20,Masculino,Soltero,Superior,True,2,Penitenciario,2026-09-03
273,51,Femenino,Soltero,Primaria,True,4,Penitenciario,2026-09-03
274,38,Masculino,Soltero,Secundaria,False,0,Penitenciario,2026-09-03
275,26,Femenino,Divorciado,Primaria,False,0,Penitenciario,2026-09-03
276,43,Femenino,Soltero,Secundaria,False,0,Penitenciario,2026-09-03
277,40,Masculino,Soltero,Primaria,False,0,Penitenciario,2026-09-03
278,30,Masculino,Viudo,Sin escolaridad,False,0,Penitenciario,2026-09-03
279,38,Masculino,Soltero,Secundaria,True,3,Penitenciario,2026-09-03
280,33,Femenino,Casado,Primaria,True,3,Penitenciario,2026-09-03
281,39,Masculino,Soltero,Primaria,False,0,Penitenciario,2026-09-03
282,45,Masculino,Soltero,Primaria,True,3,Penitenciario,2026-09-03
283,57,Masculino,Divorciado,Sin escolaridad,False,0,Penitenciario,2026-09-03
284,23,Femenino,Soltero,Superior,True,2,Penitenciario,2026-09-03
285,63,Masculino,Soltero,Secundaria,False,0,Penitenciario,2026-09-03
286,18,Masculino,Soltero,Secundaria,True,4,Penitenciario,2026-09-03
287,36,Masculino,Soltero,Secundaria,False,0,Penitenciario,2026-09-03
288,45,Masculino,Soltero,Técnico,True,3,Penitenciario,2026-09-03
289,41,Femenino,Soltero,Secundaria,True,3,Penitenciario,2026-09-03
290,30,Masculino,Soltero,Secundaria,True,3,Penitenciario,2026-09-03
291,35,Femenino,Casado,Secundaria,False,0,Penitenciario,2026-09-03
292,32,Masculino,Soltero,Secundaria,False,0,Penitenciario,2026-09-03
293,30,Masculino,Soltero,Secundaria,True,1,Penitenciario,2026-09-03
294,48,Masculino,Soltero,Primaria,True,3,Penitenciario,2026-09-03
295,42,Masculino,Divorciado,Primaria,True,4,Penitenciario,2026-09-03
296,29,Masculino,Divorciado,Secundaria,True,3,Penitenciario,2026-09-03
297,48,Masculino,Casado,Secundaria,False,0,Penitenciario,2026-09-03
298,41,Masculino,Divorciado,Primaria,False,0,Penitenciario,2026-09-03
299,47,Masculino,Soltero,Secundaria,False,0,Penitenciario,2026-09-03
300,45,Masculino,Soltero,Secundaria,False,0,Penitenciario,2026-09-03
301,28,Femenino,Casado,Secundaria,True,5,Penitenciario,2026-09-03
302,31,Masculino,Casado,Primaria,True,3,Penitenciario,2026-09-03
303,46,Masculino,Soltero,Primaria,True,3,Penitenciario,2026-09-03
304,45,Masculino,Soltero,Secundaria,False,0,Penitenciario,2026-09-03
305,37,Femenino,Viudo,Secundaria,False,0,Penitenciario,2026-09-03
306,39,Femenino,Casado,Primaria,True,5,Penitenciario,2026-09-03
307,53,Masculino,Soltero,Secundaria,False,0,Penitenciario,2026-09-03
308,30,Femenino,Casado,Secundaria,True,2,Penitenciario,2026-09-03
309,44,Masculino,Soltero,Secundaria,True,3,Penitenciario,2026-09-03
310,35,Masculino,Soltero,Superior,True,2,Penitenciario,2026-09-03
311,35,Femenino,Soltero,Técnico,False,0,Penitenciario,2026-09-03
312,51,Femenino,Soltero,Secundaria,True,3,Penitenciario,2026-09-03
313,47,Masculino,Soltero,Primaria,True,4,Penitenciario,2026-09-03
314,47,Femenino,Casado,Primaria,False,0,Penitenciario,2026-09-03
315,53,Masculino,Soltero,Sin escolaridad,False,0,Penitenciario,2026-09-03
316,38,Femenino,Soltero,Sin escolaridad,True,3,Penitenciario,2026-09-03
317,46,Masculino,Soltero,Secundaria,True,3,Penitenciario,2026-09-03
318,34,Masculino,Soltero,Técnico,False,0,Penitenciario,2026-09-03
319,41,Masculino,Divorciado,Técnico,False,0,Penitenciario,2026-09-03
320,36,Masculino,Casado,Secundaria,True,3,Penitenciario,2026-09-03
321,39,Masculino,Viudo,Secundaria,False,0,Penitenciario,2026-09-03
322,45,Masculino,Viudo,Sin escolaridad,False,0,Penitenciario,2026-09-03
323,28,Masculino,Soltero,Primaria,False,0,Penitenciario,2026-09-03
324,63,Masculino,Soltero,Sin escolaridad,True,3,Penitenciario,2026-09-03
325,25,Masculino,Divorciado,Secundaria,False,0,Penitenciario,2026-09-03
326,23,Masculino,Viudo,Primaria,True,3,Penitenciario,2026-09-03
327,51,Masculino,Casado,Técnico,False,0,Penitenciario,2026-09-03
328,47,Femenino,Casado,Secundaria,False,0,Penitenciario,2026-09-03
329,45,Femenino,Casado,Primaria,True,1,Penitenciario,2026-09-03
330,45,Femenino,Soltero,Primaria,False,0,Penitenciario,2026-09-03
331,37,Masculino,Soltero,Secundaria,False,0,Penitenciario,2026-09-03
332,27,Femenino,Casado,Técnico,True,5,Penitenciario,2026-09-03
333,38,Masculino,Casado,Secundaria,True,1,Penitenciario,2026-09-03
334,29,Masculino,Soltero,Primaria,True,3,Penitenciario,2026-09-03
335,49,Masculino,Soltero,Secundaria,True,2,Penitenciario,2026-09-03
336,36,Femenino,Soltero,Primaria,True,1,Penitenciario,2026-09-03
337,28,Masculino,Soltero,Superior,False,0,Penitenciario,2026-09-03
338,34,Masculino,Divorciado,Secundaria,False,0,Penitenciario,2026-09-03
339,42,Masculino,Soltero,Secundaria,False,0,Penitenciario,2026-09-03
340,31,Femenino,Soltero,Secundaria,False,0,Penitenciario,2026-09-03
341,28,Masculino,Soltero,Secundaria,False,0,Penitenciario,2026-09-03
342,40,Masculino,Casado,Primaria,True,2,Penitenciario,2026-09-03
343,40,Masculino,Soltero,Sin escolaridad,False,0,Penitenciario,2026-09-03
344,31,Masculino,Soltero,Secundaria,True,4,Penitenciario,2026-09-03
345,32,Masculino,Soltero,Técnico,True,2,Penitenciario,2026-09-03
346,40,Masculino,Soltero,Secundaria,False,0,Penitenciario,2026-09-03
347,20,Femenino,Soltero,Primaria,True,2,Penitenciario,2026-09-03
348,21,Masculino,Soltero,Técnico,False,0,Penitenciario,2026-09-03
349,29,Masculino,Divorciado,Primaria,False,0,Penitenciario,2026-09-03
350,35,Masculino,Soltero,Primaria,False,0,Penitenciario,2026-09-03
351,41,Masculino,Soltero,Primaria,False,0,Penitenciario,2026-09-03
352,55,Masculino,Casado,Secundaria,True,5,Penitenciario,2026-09-03
353,48,Masculino,Soltero,Secundaria,True,2,Penitenciario,2026-09-03
354,36,Masculino,Casado,Secundaria,False,0,Penitenciario,2026-09-03
355,37,Femenino,Soltero,Secundaria,False,0,Penitenciario,2026-09-03
356,25,Masculino,Soltero,Primaria,True,4,Penitenciario,2026-09-03
357,37,Masculino,Casado,Secundaria,False,0,Penitenciario,2026-09-03
358,34,Femenino,Divorciado,Primaria,True,4,Penitenciario,2026-09-03
359,41,Masculino,Soltero,Secundaria,True,4,Penitenciario,2026-09-03
360,28,Femenino,Soltero,Secundaria,False,0,Penitenciario,2026-09-03
361,44,Masculino,Soltero,Secundaria,True,4,Penitenciario,2026-09-03
362,56,Masculino,Divorciado,Secundaria,True,2,Penitenciario,2026-09-03
363,36,Femenino,Divorciado,Secundaria,True,2,Penitenciario,2026-09-03
364,42,Masculino,Soltero,Primaria,True,1,Penitenciario,2026-09-03
365,46,Masculino,Soltero,Técnico,True,2,Penitenciario,2026-09-03
366,33,Femenino,Soltero,Primaria,False,0,Penitenciario,2026-09-03
367,40,Masculino,Soltero,Primaria,False,0,Penitenciario,2026-09-03
368,38,Masculino,Soltero,Secundaria,True,2,Penitenciario,2026-09-03
369,39,Masculino,Soltero,Secundaria,True,2,Penitenciario,2026-09-03
370,28,Femenino,Casado,Primaria,False,0,Penitenciario,2026-09-03
371,38,Femenino,Divorciado,Técnico,False,0,Penitenciario,2026-09-03
372,43,Masculino,Viudo,Superior,True,5,Penitenciario,2026-09-03
373,55,Masculino,Soltero,Secundaria,True,1,Penitenciario,2026-09-03
374,49,Femenino,Soltero,Secundaria,False,0,Penitenciario,2026-09-03
375,63,Masculino,Divorciado,Secundaria,False,0,Penitenciario,2026-09-03
376,28,Masculino,Soltero,Primaria,False,0,Penitenciario,2026-09-03
377,48,Femenino,Casado,Secundaria,False,0,Penitenciario,2026-09-03
378,40,Femenino,Soltero,Técnico,True,3,Penitenciario,2026-09-03
379,64,Femenino,Soltero,Superior,False,0,Penitenciario,2026-09-03
380,28,Masculino,Soltero,Técnico,False,0,Penitenciario,2026-09-03
381,27,Masculino,Soltero,Primaria,True,7,Penitenciario,2026-09-03
382,30,Masculino,Casado,Primaria,True,4,Penitenciario,2026-09-03
383,18,Masculino,Soltero,Primaria,True,1,Penitenciario,2026-09-03
384,31,Masculino,Soltero,Secundaria,False,0,Penitenciario,2026-09-03
385,28,Femenino,Soltero,Primaria,True,3,Penitenciario,2026-09-03
386,39,Masculino,Divorciado,Secundaria,False,0,Penitenciario,2026-09-03
387,42,Femenino,Soltero,Secundaria,True,3,Penitenciario,2026-09-03
388,60,Masculino,Soltero,Secundaria,True,3,Penitenciario,2026-09-03
389,49,Masculino,Soltero,Secundaria,False,0,Penitenciario,2026-09-03
390,31,Masculino,Soltero,Secundaria,False,0,Penitenciario,2026-09-03
391,27,Masculino,Soltero,Sin escolaridad,True,4,Penitenciario,2026-09-03
392,43,Masculino,Casado,Sin escolaridad,False,0,Penitenciario,2026-09-03
393,22,Femenino,Soltero,Secundaria,False,0,Penitenciario,2026-09-03
394,59,Femenino,Soltero,Secundaria,True,1,Penitenciario,2026-09-03
395,52,Masculino,Casado,Secundaria,False,0,Penitenciario,2026-09-03
396,32,Masculino,Soltero,Primaria,True,6,Penitenciario,2026-09-03
397,18,Femenino,Soltero,Primaria,True,6,Penitenciario,2026-09-03
398,54,Masculino,Soltero,Secundaria,False,0,Penitenciario,2026-09-03
399,36,Masculino,Soltero,Técnico,False,0,Penitenciario,2026-09-03
400,52,Masculino,Casado,Técnico,False,0,Penitenciario,2026-09-03
401,18,Femenino,Casado,Secundaria,True,1,Penitenciario,2026-09-03
402,30,Masculino,Casado,Secundaria,False,0,Penitenciario,2026-09-03
403,38,Masculino,Casado,Secundaria,True,3,Penitenciario,2026-09-03
404,38,Femenino,Soltero,Secundaria,True,2,Penitenciario,2026-09-03
405,32,Masculino,Soltero,Secundaria,False,0,Penitenciario,2026-09-03
406,45,Masculino,Soltero,Técnico,True,6,Penitenciario,2026-09-03
407,25,Masculino,Soltero,Secundaria,True,6,Penitenciario,2026-09-03
408,36,Femenino,Viudo,Técnico,True,4,Penitenciario,2026-09-03
409,39,Masculino,Casado,Primaria,True,5,Penitenciario,2026-09-03
410,44,Femenino,Soltero,Secundaria,False,0,Penitenciario,2026-09-03
411,46,Masculino,Soltero,Secundaria,True,2,Penitenciario,2026-09-03
412,24,Masculino,Soltero,Primaria,False,0,Penitenciario,2026-09-03
413,19,Femenino,Soltero,Secundaria,True,1,Penitenciario,2026-09-03
414,53,Masculino,Soltero,Primaria,True,4,Penitenciario,2026-09-03
415,41,Masculino,Soltero,Secundaria,True,5,Penitenciario,2026-09-03
416,29,Masculino,Divorciado,Secundaria,False,0,Penitenciario,2026-09-03
417,56,Masculino,Casado,Primaria,True,2,Penitenciario,2026-09-03
418,39,Masculino,Soltero,Secundaria,True,3,Penitenciario,2026-09-03
419,52,Masculino,Soltero,Secundaria,False,0,Penitenciario,2026-09-03
420,38,Masculino,Soltero,Secundaria,True,4,Penitenciario,2026-09-03
421,62,Femenino,Casado,Secundaria,False,0,Penitenciario,2026-09-03
422,59,Masculino,Casado,Técnico,False,0,Penitenciario,2026-09-03
423,35,Femenino,Divorciado,Secundaria,True,1,Penitenciario,2026-09-03
424,49,Masculino,Soltero,Secundaria,True,2,Penitenciario,2026-09-03
425,45,Masculino,Casado,Primaria,False,0,Penitenciario,2026-09-03
426,54,Masculino,Soltero,Técnico,True,2,Penitenciario,2026-09-03
427,26,Masculino,Soltero,Primaria,False,0,Penitenciario,2026-09-03
428,46,Masculino,Soltero,Secundaria,False,0,Penitenciario,2026-09-03
429,50,Femenino,Soltero,Secundaria,True,2,Penitenciario,2026-09-03
430,18,Femenino,Casado,Primaria,False,0,Penitenciario,2026-09-03
431,23,Femenino,Soltero,Secundaria,False,0,Penitenciario,2026-09-03
432,18,Masculino,Soltero,Primaria,True,4,Penitenciario,2026-09-03
433,34,Femenino,Soltero,Secundaria,True,5,Penitenciario,2026-09-03
434,46,Masculino,Soltero,Secundaria,False,0,Penitenciario,2026-09-03
435,56,Masculino,Soltero,Técnico,True,3,Penitenciario,2026-09-03
436,38,Femenino,Soltero,Técnico,False,0,Penitenciario,2026-09-03
437,57,Masculino,Soltero,Secundaria,False,0,Penitenciario,2026-09-03
438,21,Masculino,Soltero,Secundaria,False,0,Penitenciario,2026-09-03
439,18,Masculino,Viudo,Secundaria,True,2,Penitenciario,2026-09-03
440,37,Masculino,Soltero,Secundaria,False,0,Penitenciario,2026-09-03
441,42,Femenino,Soltero,Secundaria,False,0,Penitenciario,2026-09-03
442,37,Masculino,Soltero,Técnico,False,0,Penitenciario,2026-09-03
443,18,Femenino,Divorciado,Secundaria,True,5,Penitenciario,2026-09-03
444,36,Masculino,Casado,Primaria,True,6,Penitenciario,2026-09-03
445,22,Masculino,Soltero,Secundaria,False,0,Penitenciario,2026-09-03
446,46,Masculino,Soltero,Secundaria,False,0,Penitenciario,2026-09-03
447,42,Masculino,Casado,Primaria,False,0,Penitenciario,2026-09-03
448,26,Masculino,Casado,Secundaria,True,3,Penitenciario,2026-09-03
449,31,Femenino,Casado,Secundaria,False,0,Penitenciario,2026-09-03
450,25,Femenino,Divorciado,Secundaria,True,2,Penitenciario,2026-09-03
451,37,Femenino,Divorciado,Secundaria,True,3,Penitenciario,2026-09-03
452,49,Femenino,Soltero,Secundaria,True,2,Penitenciario,2026-09-03
453,26,Femenino,Soltero,Técnico,False,0,Penitenciario,2026-09-03
454,44,Masculino,Casado,Superior,True,2,Penitenciario,2026-09-03
455,31,Femenino,Casado,Secundaria,True,1,Penitenciario,2026-09-03
456,28,Masculino,Soltero,Sin escolaridad,False,0,Penitenciario,2026-09-03
457,36,Masculino,Viudo,Superior,True,3,Penitenciario,2026-09-03
458,25,Masculino,Soltero,Secundaria,False,0,Penitenciario,2026-09-03
459,31,Masculino,Soltero,Primaria,True,3,Penitenciario,2026-09-03
460,23,Masculino,Divorciado,Primaria,True,2,Penitenciario,2026-09-03
461,61,Femenino,Soltero,Primaria,True,3,Penitenciario,2026-09-03
462,38,Masculino,Soltero,Primaria,True,3,Penitenciario,2026-09-03
463,29,Masculino,Soltero,Sin escolaridad,False,0,Penitenciario,2026-09-03
464,40,Masculino,Soltero,Técnico,True,5,Penitenciario,2026-09-03
465,36,Masculino,Soltero,Secundaria,False,0,Penitenciario,2026-09-03
466,35,Masculino,Soltero,Secundaria,False,0,Penitenciario,2026-09-03
467,45,Masculino,Soltero,Secundaria,False,0,Penitenciario,2026-09-03
468,47,Masculino,Viudo,Secundaria,True,3,Penitenciario,2026-09-03
469,31,Masculino,Viudo,Técnico,False,0,Penitenciario,2026-09-03
470,31,Femenino,Soltero,Superior,True,7,Penitenciario,2026-09-03
471,34,Femenino,Casado,Secundaria,True,3,Penitenciario,2026-09-03
472,18,Masculino,Soltero,Superior,True,1,Penitenciario,2026-09-03
473,19,Masculino,Soltero,Secundaria,True,2,Penitenciario,2026-09-03
474,54,Masculino,Soltero,Primaria,False,0,Penitenciario,2026-09-03
475,57,Femenino,Viudo,Secundaria,True,4,Penitenciario,2026-09-03
476,35,Masculino,Divorciado,Secundaria,True,1,Penitenciario,2026-09-03
477,44,Masculino,Soltero,Técnico,False,0,Penitenciario,2026-09-03
478,41,Femenino,Soltero,Secundaria,True,1,Penitenciario,2026-09-03
479,74,Masculino,Soltero,Secundaria,False,0,Penitenciario,2026-09-03
480,51,Masculino,Soltero,Sin escolaridad,True,3,Penitenciario,2026-09-03
481,36,Masculino,Soltero,Primaria,False,0,Penitenciario,2026-09-03
482,26,Femenino,Soltero,Primaria,True,2,Penitenciario,2026-09-03
483,18,Femenino,Casado,Secundaria,False,0,Penitenciario,2026-09-03
484,40,Femenino,Soltero,Secundaria,False,0,Penitenciario,2026-09-03
485,28,Masculino,Divorciado,Primaria,True,3,Penitenciario,2026-09-03
486,20,Masculino,Casado,Secundaria,False,0,Penitenciario,2026-09-03
487,30,Femenino,Soltero,Primaria,True,4,Penitenciario,2026-09-03
488,25,Femenino,Casado,Primaria,True,3,Penitenciario,2026-09-03
489,58,Masculino,Casado,Secundaria,False,0,Penitenciario,2026-09-03
490,48,Femenino,Soltero,Primaria,True,1,Penitenciario,2026-09-03
491,37,Masculino,Soltero,Secundaria,True,3,Penitenciario,2026-09-03
492,55,Masculino,Divorciado,Sin escolaridad,True,3,Penitenciario,2026-09-03
493,38,Masculino,Soltero,Primaria,False,0,Penitenciario,2026-09-03
494,27,Masculino,Soltero,Secundaria,True,2,Penitenciario,2026-09-03
495,56,Femenino,Soltero,Secundaria,True,1,Penitenciario,2026-09-03
496,44,Masculino,Casado,Sin escolaridad,False,0,Penitenciario,2026-09-03
497,25,Masculino,Casado,Secundaria,True,2,Penitenciario,2026-09-03
498,35,Femenino,Divorciado,Secundaria,False,0,Penitenciario,2026-09-03
499,27,Femenino,Soltero,Secundaria,False,0,Penitenciario,2026-09-03
500,21,Masculino,Soltero,Primaria,True,2,Penitenciario,2026-09-03
501,49,Masculino,Soltero,Secundaria,True,1,Penitenciario,2026-09-03
502,60,Masculino,Casado,Secundaria,True,2,Penitenciario,2026-09-03
503,21,Masculino,Soltero,Sin escolaridad,False,0,Penitenciario,2026-09-03
504,44,Femenino,Soltero,Técnico,True,5,Penitenciario,2026-09-03
505,30,Femenino,Soltero,Técnico,True,5,Penitenciario,2026-09-03
506,32,Masculino,Soltero,Técnico,True,3,Penitenciario,2026-09-03
507,30,Masculino,Divorciado,Secundaria,False,0,Penitenciario,2026-09-03
508,27,Masculino,Casado,Secundaria,True,6,Penitenciario,2026-09-03
509,38,Femenino,Viudo,Secundaria,False,0,Penitenciario,2026-09-03
510,28,Masculino,Soltero,Secundaria,True,2,Penitenciario,2026-09-03
511,41,Masculino,Divorciado,Secundaria,False,0,Penitenciario,2026-09-03
512,37,Masculino,Casado,Secundaria,False,0,Penitenciario,2026-09-03
513,35,Masculino,Soltero,Primaria,True,4,Penitenciario,2026-09-03
514,27,Masculino,Viudo,Secundaria,True,4,Penitenciario,2026-09-03
515,31,Masculino,Soltero,Técnico,True,4,Penitenciario,2026-09-03
516,47,Femenino,Divorciado,Sin escolaridad,True,2,Penitenciario,2026-09-03
517,44,Femenino,Divorciado,Secundaria,True,1,Penitenciario,2026-09-03
518,26,Femenino,Casado,Superior,True,4,Penitenciario,2026-09-03
519,39,Masculino,Soltero,Secundaria,True,3,Penitenciario,2026-09-03
520,47,Masculino,Soltero,Superior,True,3,Penitenciario,2026-09-03
521,18,Masculino,Soltero,Secundaria,False,0,Penitenciario,2026-09-03
522,44,Masculino,Soltero,Sin escolaridad,False,0,Penitenciario,2026-09-03
523,30,Femenino,Casado,Secundaria,True,3,Penitenciario,2026-09-03
524,44,Masculino,Casado,Primaria,False,0,Penitenciario,2026-09-03
525,28,Masculino,Divorciado,Secundaria,False,0,Penitenciario,2026-09-03
526,18,Femenino,Soltero,Primaria,True,4,Penitenciario,2026-09-03
527,18,Femenino,Casado,Primaria,True,1,Penitenciario,2026-09-03
528,38,Masculino,Divorciado,Secundaria,True,3,Penitenciario,2026-09-03
529,41,Masculino,Casado,Secundaria,False,0,Penitenciario,2026-09-03
530,27,Masculino,Soltero,Secundaria,False,0,Penitenciario,2026-09-03
531,45,Masculino,Soltero,Secundaria,False,0,Penitenciario,2026-09-03
532,18,Masculino,Soltero,Primaria,True,3,Penitenciario,2026-09-03
533,37,Masculino,Casado,Primaria,False,0,Penitenciario,2026-09-03
534,23,Femenino,Casado,Secundaria,True,4,Penitenciario,2026-09-03
535,30,Masculino,Viudo,Secundaria,True,3,Penitenciario,2026-09-03
536,38,Masculino,Soltero,Técnico,True,4,Penitenciario,2026-09-03
537,27,Masculino,Soltero,Sin escolaridad,False,0,Penitenciario,2026-09-03
538,33,Masculino,Casado,Técnico,False,0,Penitenciario,2026-09-03
539,50,Femenino,Casado,Secundaria,True,1,Penitenciario,2026-09-03
540,31,Masculino,Divorciado,Secundaria,False,0,Penitenciario,2026-09-03
541,48,Masculino,Casado,Primaria,False,0,Penitenciario,2026-09-03
542,24,Masculino,Soltero,Secundaria,False,0,Penitenciario,2026-09-03
543,44,Femenino,Casado,Primaria,False,0,Penitenciario,2026-09-03
544,55,Masculino,Divorciado,Primaria,False,0,Penitenciario,2026-09-03
545,18,Femenino,Soltero,Secundaria,True,3,Penitenciario,2026-09-03
546,28,Masculino,Soltero,Secundaria,True,4,Penitenciario,2026-09-03
547,44,Masculino,Soltero,Secundaria,False,0,Penitenciario,2026-09-03
548,35,Masculino,Soltero,Secundaria,True,4,Penitenciario,2026-09-03
549,42,Femenino,Casado,Secundaria,True,2,Penitenciario,2026-09-03
550,30,Femenino,Soltero,Secundaria,True,3,Penitenciario,2026-09-03
551,39,Masculino,Soltero,Superior,True,2,Penitenciario,2026-09-03
552,36,Masculino,Soltero,Secundaria,False,0,Penitenciario,2026-09-03
553,52,Masculino,Soltero,Primaria,False,0,Penitenciario,2026-09-03
554,41,Masculino,Soltero,Primaria,True,3,Penitenciario,2026-09-03
555,42,Masculino,Casado,Secundaria,True,3,Penitenciario,2026-09-03
556,33,Femenino,Soltero,Secundaria,True,2,Penitenciario,2026-09-03
557,32,Femenino,Soltero,Sin escolaridad,False,0,Penitenciario,2026-09-03
558,32,Masculino,Soltero,Secundaria,False,0,Penitenciario,2026-09-03
559,42,Masculino,Soltero,Secundaria,True,1,Penitenciario,2026-09-03
560,32,Femenino,Soltero,Secundaria,False,0,Penitenciario,2026-09-03
561,41,Femenino,Soltero,Primaria,True,2,Penitenciario,2026-09-03
562,62,Masculino,Divorciado,Secundaria,False,0,Penitenciario,2026-09-03
563,48,Masculino,Casado,Técnico,True,4,Penitenciario,2026-09-03
564,34,Masculino,Soltero,Técnico,True,3,Penitenciario,2026-09-03
565,52,Masculino,Soltero,Primaria,False,0,Penitenciario,2026-09-03
566,33,Masculino,Viudo,Primaria,True,4,Penitenciario,2026-09-03
567,18,Masculino,Casado,Secundaria,True,1,Penitenciario,2026-09-03
568,25,Masculino,Soltero,Secundaria,True,4,Penitenciario,2026-09-03
569,18,Masculino,Casado,Secundaria,True,3,Penitenciario,2026-09-03
570,33,Masculino,Casado,Superior,False,0,Penitenciario,2026-09-03
571,38,Masculino,Casado,Secundaria,True,3,Penitenciario,2026-09-03
572,58,Femenino,Soltero,Primaria,True,1,Penitenciario,2026-09-03
573,41,Femenino,Soltero,Técnico,True,1,Penitenciario,2026-09-03
574,35,Masculino,Soltero,Sin escolaridad,False,0,Penitenciario,2026-09-03
575,47,Masculino,Divorciado,Superior,False,0,Penitenciario,2026-09-03
576,18,Femenino,Casado,Secundaria,True,2,Penitenciario,2026-09-03
577,40,Masculino,Soltero,Técnico,False,0,Penitenciario,2026-09-03
578,47,Masculino,Divorciado,Primaria,False,0,Penitenciario,2026-09-03
579,20,Masculino,Divorciado,Sin escolaridad,False,0,Penitenciario,2026-09-03
580,51,Masculino,Viudo,Secundaria,False,0,Penitenciario,2026-09-03
581,42,Masculino,Divorciado,Secundaria,False,0,Penitenciario,2026-09-03
582,33,Femenino,Viudo,Primaria,False,0,Penitenciario,2026-09-03
583,45,Masculino,Soltero,Superior,False,0,Penitenciario,2026-09-03
584,65,Masculino,Casado,Secundaria,False,0,Penitenciario,2026-09-03
585,40,Femenino,Casado,Secundaria,True,3,Penitenciario,2026-09-03
586,40,Masculino,Soltero,Primaria,True,4,Penitenciario,2026-09-03
587,32,Masculino,Soltero,Secundaria,True,3,Penitenciario,2026-09-03
588,27,Masculino,Viudo,Secundaria,True,1,Penitenciario,2026-09-03
589,47,Masculino,Soltero,Secundaria,False,0,Penitenciario,2026-09-03
590,27,Masculino,Divorciado,Técnico,True,3,Penitenciario,2026-09-03
591,38,Masculino,Soltero,Primaria,True,2,Penitenciario,2026-09-03
592,32,Masculino,Soltero,Primaria,True,4,Penitenciario,2026-09-03
593,43,Masculino,Soltero,Primaria,True,2,Penitenciario,2026-09-03
594,42,Masculino,Soltero,Secundaria,False,0,Penitenciario,2026-09-03
595,50,Masculino,Casado,Secundaria,False,0,Penitenciario,2026-09-03
596,31,Masculino,Soltero,Primaria,True,5,Penitenciario,2026-09-03
597,34,Masculino,Soltero,Primaria,False,0,Penitenciario,2026-09-03
598,26,Masculino,Soltero,Sin escolaridad,True,4,Penitenciario,2026-09-03
599,32,Femenino,Soltero,Primaria,False,0,Penitenciario,2026-09-03
600,42,Masculino,Soltero,Secundaria,False,0,Penitenciario,2026-09-03
601,47,Masculino,Casado,Primaria,False,0,Penitenciario,2026-09-03
602,26,Femenino,Soltero,Primaria,True,3,Penitenciario,2026-09-03
603,48,Masculino,Soltero,Técnico,True,2,Penitenciario,2026-09-03
604,54,Masculino,Soltero,Secundaria,False,0,Penitenciario,2026-09-03
605,42,Femenino,Soltero,Secundaria,True,1,Penitenciario,2026-09-03
606,60,Femenino,Soltero,Sin escolaridad,False,0,Penitenciario,2026-09-03
607,28,Masculino,Soltero,Secundaria,True,7,Penitenciario,2026-09-03
608,23,Masculino,Divorciado,Secundaria,False,0,Penitenciario,2026-09-03
609,18,Masculino,Divorciado,Primaria,True,6,Penitenciario,2026-09-03
610,55,Femenino,Casado,Primaria,True,2,Penitenciario,2026-09-03
611,45,Masculino,Soltero,Técnico,False,0,Penitenciario,2026-09-03
612,37,Masculino,Soltero,Técnico,True,3,Penitenciario,2026-09-03
613,41,Femenino,Soltero,Primaria,True,4,Penitenciario,2026-09-03
614,24,Masculino,Casado,Primaria,True,4,Penitenciario,2026-09-03
615,67,Femenino,Viudo,Superior,True,9,Penitenciario,2026-09-03
616,39,Masculino,Soltero,Primaria,False,0,Penitenciario,2026-09-03
617,39,Masculino,Soltero,Secundaria,False,0,Penitenciario,2026-09-03
618,46,Masculino,Casado,Superior,True,3,Penitenciario,2026-09-03
619,43,Femenino,Casado,Superior,True,4,Penitenciario,2026-09-03
620,40,Masculino,Casado,Secundaria,False,0,Penitenciario,2026-09-03
621,28,Masculino,Casado,Primaria,False,0,Penitenciario,2026-09-03
622,43,Masculino,Viudo,Primaria,False,0,Penitenciario,2026-09-03
623,60,Femenino,Soltero,Técnico,True,3,Penitenciario,2026-09-03
624,54,Femenino,Divorciado,Técnico,False,0,Penitenciario,2026-09-03
625,57,Masculino,Viudo,Secundaria,False,0,Penitenciario,2026-09-03
626,31,Masculino,Casado,Secundaria,False,0,Penitenciario,2026-09-03
627,26,Femenino,Soltero,Secundaria,True,2,Penitenciario,2026-09-03
628,36,Masculino,Soltero,Secundaria,True,3,Penitenciario,2026-09-03
629,38,Masculino,Soltero,Secundaria,True,2,Penitenciario,2026-09-03
630,51,Masculino,Soltero,Secundaria,True,1,Penitenciario,2026-09-03
631,18,Femenino,Divorciado,Secundaria,True,3,Penitenciario,2026-09-03
632,56,Masculino,Soltero,Primaria,False,0,Penitenciario,2026-09-03
633,36,Masculino,Soltero,Secundaria,True,5,Penitenciario,2026-09-03
634,32,Masculino,Casado,Secundaria,True,2,Penitenciario,2026-09-03
635,25,Masculino,Soltero,Primaria,False,0,Penitenciario,2026-09-03
636,18,Masculino,Soltero,Secundaria,True,2,Penitenciario,2026-09-03
637,47,Masculino,Soltero,Secundaria,False,0,Penitenciario,2026-09-03
638,38,Masculino,Casado,Técnico,False,0,Penitenciario,2026-09-03
639,22,Masculino,Soltero,Primaria,False,0,Penitenciario,2026-09-03
640,22,Masculino,Divorciado,Secundaria,False,0,Penitenciario,2026-09-03
641,33,Femenino,Soltero,Primaria,True,2,Penitenciario,2026-09-03
642,58,Femenino,Divorciado,Técnico,True,7,Penitenciario,2026-09-03
643,34,Femenino,Soltero,Primaria,False,0,Penitenciario,2026-09-03
644,19,Masculino,Soltero,Secundaria,False,0,Penitenciario,2026-09-03
645,35,Masculino,Soltero,Secundaria,True,2,Penitenciario,2026-09-03
646,34,Masculino,Soltero,Secundaria,True,2,Penitenciario,2026-09-03
647,18,Femenino,Soltero,Superior,True,2,Penitenciario,2026-09-03
648,37,Femenino,Soltero,Técnico,True,4,Penitenciario,2026-09-03
649,35,Femenino,Soltero,Primaria,True,4,Penitenciario,2026-09-03
650,46,Masculino,Soltero,Sin escolaridad,False,0,Penitenciario,2026-09-03
651,60,Masculino,Soltero,Primaria,False,0,Penitenciario,2026-09-03
652,51,Masculino,Soltero,Primaria,True,6,Penitenciario,2026-09-03
653,34,Masculino,Casado,Técnico,False,0,Penitenciario,2026-09-03
654,24,Masculino,Divorciado,Superior,False,0,Penitenciario,2026-09-03
655,68,Femenino,Soltero,Primaria,True,3,Penitenciario,2026-09-03
656,38,Masculino,Soltero,Secundaria,True,2,Penitenciario,2026-09-03
657,38,Masculino,Viudo,Secundaria,False,0,Penitenciario,2026-09-03
658,37,Masculino,Soltero,Primaria,False,0,Penitenciario,2026-09-03
659,40,Femenino,Viudo,Secundaria,True,3,Penitenciario,2026-09-03
660,36,Masculino,Soltero,Primaria,True,6,Penitenciario,2026-09-03
661,31,Masculino,Divorciado,Secundaria,True,6,Penitenciario,2026-09-03
662,31,Femenino,Soltero,Secundaria,False,0,Penitenciario,2026-09-03
663,37,Masculino,Divorciado,Secundaria,True,4,Penitenciario,2026-09-03
664,31,Masculino,Soltero,Primaria,True,3,Penitenciario,2026-09-03
665,29,Masculino,Casado,Secundaria,False,0,Penitenciario,2026-09-03
666,39,Masculino,Soltero,Secundaria,True,7,Penitenciario,2026-09-03
667,34,Femenino,Soltero,Técnico,True,4,Penitenciario,2026-09-03
668,56,Femenino,Casado,Secundaria,False,0,Penitenciario,2026-09-03
669,18,Masculino,Soltero,Técnico,False,0,Penitenciario,2026-09-03
670,51,Masculino,Divorciado,Técnico,True,2,Penitenciario,2026-09-03
671,52,Masculino,Soltero,Secundaria,False,0,Penitenciario,2026-09-03
672,18,Masculino,Divorciado,Secundaria,False,0,Penitenciario,2026-09-03
673,33,Masculino,Soltero,Técnico,False,0,Penitenciario,2026-09-03
674,33,Masculino,Viudo,Secundaria,False,0,Penitenciario,2026-09-03
675,21,Masculino,Viudo,Técnico,True,4,Penitenciario,2026-09-03
676,28,Femenino,Soltero,Secundaria,False,0,Penitenciario,2026-09-03
677,24,Masculino,Divorciado,Secundaria,True,2,Penitenciario,2026-09-03
678,59,Masculino,Casado,Primaria,False,0,Penitenciario,2026-09-03
679,49,Masculino,Soltero,Primaria,False,0,Penitenciario,2026-09-03
680,53,Femenino,Casado,Superior,True,4,Penitenciario,2026-09-03
681,46,Masculino,Soltero,Primaria,False,0,Penitenciario,2026-09-03
682,24,Masculino,Casado,Primaria,False,0,Penitenciario,2026-09-03
683,31,Masculino,Soltero,Secundaria,True,2,Penitenciario,2026-09-03
684,43,Femenino,Soltero,Secundaria,True,5,Penitenciario,2026-09-03
685,23,Masculino,Soltero,Primaria,True,2,Penitenciario,2026-09-03
686,46,Femenino,Soltero,Primaria,True,1,Penitenciario,2026-09-03
687,35,Femenino,Divorciado,Secundaria,True,4,Penitenciario,2026-09-03
688,33,Femenino,Viudo,Sin escolaridad,False,0,Penitenciario,2026-09-03
689,46,Masculino,Soltero,Secundaria,True,2,Penitenciario,2026-09-03
690,43,Masculino,Soltero,Primaria,False,0,Penitenciario,2026-09-03
691,33,Masculino,Casado,Técnico,False,0,Penitenciario,2026-09-03
692,51,Femenino,Soltero,Secundaria,True,1,Penitenciario,2026-09-03
693,25,Masculino,Soltero,Secundaria,False,0,Penitenciario,2026-09-03
694,45,Masculino,Soltero,Primaria,False,0,Penitenciario,2026-09-03
695,45,Masculino,Soltero,Secundaria,False,0,Penitenciario,2026-09-03
696,34,Masculino,Soltero,Secundaria,True,4,Penitenciario,2026-09-03
697,41,Masculino,Casado,Primaria,True,2,Penitenciario,2026-09-03
698,22,Masculino,Soltero,Secundaria,False,0,Penitenciario,2026-09-03
699,49,Masculino,Divorciado,Secundaria,True,2,Penitenciario,2026-09-03
700,35,Femenino,Soltero,Secundaria,False,0,Penitenciario,2026-09-03
701,31,Masculino,Soltero,Primaria,True,3,Penitenciario,2026-09-03
702,50,Masculino,Divorciado,Primaria,True,3,Penitenciario,2026-09-03
703,29,Masculino,Soltero,Superior,True,4,Penitenciario,2026-09-03
704,21,Masculino,Soltero,Secundaria,False,0,Penitenciario,2026-09-03
705,19,Femenino,Casado,Secundaria,False,0,Penitenciario,2026-09-03
706,45,Masculino,Soltero,Secundaria,True,2,Penitenciario,2026-09-03
707,22,Masculino,Casado,Primaria,False,0,Penitenciario,2026-09-03
708,59,Masculino,Soltero,Secundaria,False,0,Penitenciario,2026-09-03
709,18,Femenino,Casado,Primaria,False,0,Penitenciario,2026-09-03
710,58,Masculino,Soltero,Secundaria,False,0,Penitenciario,2026-09-03
711,40,Femenino,Soltero,Secundaria,True,2,Penitenciario,2026-09-03
712,36,Masculino,Viudo,Técnico,True,4,Penitenciario,2026-09-03
713,31,Masculino,Casado,Secundaria,False,0,Penitenciario,2026-09-03
714,42,Masculino,Soltero,Primaria,False,0,Penitenciario,2026-09-03
715,37,Femenino,Soltero,Secundaria,False,0,Penitenciario,2026-09-03
716,51,Masculino,Soltero,Primaria,True,4,Penitenciario,2026-09-03
717,39,Femenino,Casado,Primaria,True,2,Penitenciario,2026-09-03
718,39,Masculino,Casado,Sin escolaridad,True,3,Penitenciario,2026-09-03
719,33,Masculino,Casado,Secundaria,False,0,Penitenciario,2026-09-03
720,37,Masculino,Soltero,Primaria,True,3,Penitenciario,2026-09-03
721,41,Femenino,Casado,Secundaria,True,1,Penitenciario,2026-09-03
722,18,Masculino,Soltero,Técnico,True,2,Penitenciario,2026-09-03
723,21,Femenino,Soltero,Secundaria,True,3,Penitenciario,2026-09-03
724,46,Femenino,Soltero,Primaria,True,3,Penitenciario,2026-09-03
725,40,Femenino,Viudo,Primaria,True,2,Penitenciario,2026-09-03
726,35,Masculino,Casado,Secundaria,False,0,Penitenciario,2026-09-03
727,38,Masculino,Soltero,Técnico,True,4,Penitenciario,2026-09-03
728,42,Femenino,Casado,Sin escolaridad,True,5,Penitenciario,2026-09-03
729,31,Masculino,Divorciado,Secundaria,True,1,Penitenciario,2026-09-03
730,28,Masculino,Soltero,Secundaria,True,4,Penitenciario,2026-09-03
731,40,Masculino,Soltero,Secundaria,False,0,Penitenciario,2026-09-03
732,26,Masculino,Viudo,Superior,True,3,Penitenciario,2026-09-03
733,42,Masculino,Divorciado,Secundaria,False,0,Penitenciario,2026-09-03
734,18,Masculino,Soltero,Técnico,False,0,Penitenciario,2026-09-03
735,50,Masculino,Soltero,Secundaria,False,0,Penitenciario,2026-09-03
736,43,Masculino,Soltero,Secundaria,True,3,Penitenciario,2026-09-03
737,41,Masculino,Soltero,Secundaria,True,5,Penitenciario,2026-09-03
738,49,Masculino,Viudo,Primaria,False,0,Penitenciario,2026-09-03
739,57,Masculino,Soltero,Secundaria,True,1,Penitenciario,2026-09-03
740,50,Masculino,Divorciado,Primaria,True,4,Penitenciario,2026-09-03
741,18,Masculino,Soltero,Primaria,False,0,Penitenciario,2026-09-03
742,22,Masculino,Soltero,Secundaria,True,2,Penitenciario,2026-09-03
743,30,Masculino,Soltero,Secundaria,True,2,Penitenciario,2026-09-03
744,38,Femenino,Casado,Técnico,True,3,Penitenciario,2026-09-03
745,44,Masculino,Soltero,Secundaria,False,0,Penitenciario,2026-09-03
746,29,Femenino,Casado,Secundaria,True,3,Penitenciario,2026-09-03
747,40,Masculino,Soltero,Primaria,True,2,Penitenciario,2026-09-03
748,28,Masculino,Soltero,Técnico,False,0,Penitenciario,2026-09-03
749,30,Masculino,Soltero,Secundaria,True,1,Penitenciario,2026-09-03
750,21,Masculino,Soltero,Secundaria,True,4,Penitenciario,2026-09-03
751,26,Masculino,Casado,Secundaria,False,0,Penitenciario,2026-09-03
752,21,Masculino,Soltero,Primaria,True,6,Penitenciario,2026-09-03
753,26,Masculino,Casado,Secundaria,True,1,Penitenciario,2026-09-03
754,50,Masculino,Soltero,Superior,False,0,Penitenciario,2026-09-03
755,26,Masculino,Soltero,Primaria,False,0,Penitenciario,2026-09-03
756,69,Femenino,Soltero,Secundaria,False,0,Penitenciario,2026-09-03
757,43,Masculino,Soltero,Superior,False,0,Penitenciario,2026-09-03
758,40,Masculino,Casado,Primaria,False,0,Penitenciario,2026-09-03
759,27,Masculino,Casado,Técnico,True,2,Penitenciario,2026-09-03
760,46,Masculino,Soltero,Técnico,False,0,Penitenciario,2026-09-03
761,31,Femenino,Soltero,Secundaria,True,1,Penitenciario,2026-09-03
762,39,Masculino,Divorciado,Primaria,True,2,Penitenciario,2026-09-03
763,68,Masculino,Casado,Primaria,False,0,Penitenciario,2026-09-03
764,36,Femenino,Casado,Sin escolaridad,True,4,Penitenciario,2026-09-03
765,51,Masculino,Soltero,Secundaria,True,1,Penitenciario,2026-09-03
766,29,Masculino,Soltero,Secundaria,True,2,Penitenciario,2026-09-03
767,37,Femenino,Viudo,Secundaria,True,4,Penitenciario,2026-09-03
768,59,Masculino,Casado,Secundaria,False,0,Penitenciario,2026-09-03
769,30,Masculino,Soltero,Primaria,False,0,Penitenciario,2026-09-03
770,59,Masculino,Casado,Secundaria,False,0,Penitenciario,2026-09-03
771,46,Masculino,Casado,Secundaria,False,0,Penitenciario,2026-09-03
772,31,Masculino,Soltero,Técnico,False,0,Penitenciario,2026-09-03
773,45,Femenino,Soltero,Secundaria,True,2,Penitenciario,2026-09-03
774,49,Masculino,Soltero,Secundaria,False,0,Penitenciario,2026-09-03
775,45,Femenino,Soltero,Secundaria,True,2,Penitenciario,2026-09-03
776,19,Femenino,Casado,Secundaria,False,0,Penitenciario,2026-09-03
777,29,Masculino,Soltero,Secundaria,False,0,Penitenciario,2026-09-03
778,35,Masculino,Casado,Técnico,False,0,Penitenciario,2026-09-03
779,37,Masculino,Viudo,Secundaria,False,0,Penitenciario,2026-09-03
780,45,Femenino,Soltero,Secundaria,False,0,Penitenciario,2026-09-03
781,40,Femenino,Soltero,Primaria,False,0,Penitenciario,2026-09-03
782,21,Masculino,Casado,Primaria,False,0,Penitenciario,2026-09-03
783,42,Masculino,Casado,Secundaria,False,0,Penitenciario,2026-09-03
784,45,Masculino,Casado,Primaria,False,0,Penitenciario,2026-09-03
785,44,Femenino,Soltero,Primaria,False,0,Penitenciario,2026-09-03
786,50,Masculino,Soltero,Secundaria,True,4,Penitenciario,2026-09-03
787,48,Masculino,Soltero,Primaria,True,2,Penitenciario,2026-09-03
788,43,Femenino,Viudo,Secundaria,False,0,Penitenciario,2026-09-03
789,37,Masculino,Soltero,Secundaria,True,3,Penitenciario,2026-09-03
790,18,Masculino,Divorciado,Secundaria,True,4,Penitenciario,2026-09-03
791,43,Masculino,Soltero,Primaria,False,0,Penitenciario,2026-09-03
792,40,Masculino,Viudo,Primaria,False,0,Penitenciario,2026-09-03
793,41,Masculino,Casado,Secundaria,False,0,Penitenciario,2026-09-03
794,22,Femenino,Soltero,Secundaria,True,4,Penitenciario,2026-09-03
795,25,Masculino,Casado,Secundaria,False,0,Penitenciario,2026-09-03
796,50,Masculino,Soltero,Primaria,False,0,Penitenciario,2026-09-03
797,37,Masculino,Soltero,Secundaria,False,0,Penitenciario,2026-09-03
798,46,Masculino,Soltero,Primaria,True,3,Penitenciario,2026-09-03
799,38,Masculino,Soltero,Superior,True,5,Penitenciario,2026-09-03
800,38,Femenino,Soltero,Superior,True,2,Penitenciario,2026-09-03
801,49,Femenino,Casado,Secundaria,True,1,Penitenciario,2026-09-03
802,31,Masculino,Casado,Secundaria,False,0,Penitenciario,2026-09-03
803,39,Masculino,Soltero,Secundaria,True,4,Penitenciario,2026-09-03
804,32,Masculino,Divorciado,Secundaria,True,3,Penitenciario,2026-09-03
805,32,Femenino,Casado,Secundaria,True,5,Penitenciario,2026-09-03
806,34,Masculino,Viudo,Superior,True,2,Penitenciario,2026-09-03
807,40,Femenino,Casado,Secundaria,True,2,Penitenciario,2026-09-03
808,32,Masculino,Soltero,Secundaria,True,3,Penitenciario,2026-09-03
809,53,Femenino,Soltero,Secundaria,False,0,Penitenciario,2026-09-03
810,27,Femenino,Casado,Secundaria,True,2,Penitenciario,2026-09-03
811,35,Femenino,Soltero,Secundaria,True,4,Penitenciario,2026-09-03
812,32,Masculino,Soltero,Primaria,False,0,Penitenciario,2026-09-03
813,55,Masculino,Soltero,Secundaria,False,0,Penitenciario,2026-09-03
814,40,Masculino,Soltero,Primaria,False,0,Penitenciario,2026-09-03
815,50,Femenino,Soltero,Secundaria,True,3,Penitenciario,2026-09-03
816,20,Masculino,Soltero,Secundaria,True,5,Penitenciario,2026-09-03
817,41,Femenino,Soltero,Superior,False,0,Penitenciario,2026-09-03
818,48,Femenino,Casado,Secundaria,True,2,Penitenciario,2026-09-03
819,38,Masculino,Soltero,Secundaria,True,2,Penitenciario,2026-09-03
820,50,Femenino,Soltero,Primaria,True,4,Penitenciario,2026-09-03
821,31,Masculino,Soltero,Secundaria,False,0,Penitenciario,2026-09-03
822,54,Masculino,Soltero,Secundaria,False,0,Penitenciario,2026-09-03
823,65,Masculino,Soltero,Secundaria,False,0,Penitenciario,2026-09-03
824,33,Masculino,Soltero,Primaria,True,4,Penitenciario,2026-09-03
825,32,Femenino,Soltero,Secundaria,True,1,Penitenciario,2026-09-03
826,55,Masculino,Casado,Secundaria,False,0,Penitenciario,2026-09-03
827,56,Masculino,Soltero,Secundaria,True,3,Penitenciario,2026-09-03
828,31,Masculino,Soltero,Técnico,True,4,Penitenciario,2026-09-03
829,32,Femenino,Soltero,Técnico,True,3,Penitenciario,2026-09-03
830,34,Masculino,Casado,Superior,False,0,Penitenciario,2026-09-03
831,21,Femenino,Divorciado,Secundaria,True,1,Penitenciario,2026-09-03
832,26,Masculino,Casado,Superior,False,0,Penitenciario,2026-09-03
833,25,Masculino,Soltero,Secundaria,True,3,Penitenciario,2026-09-03
834,28,Masculino,Soltero,Primaria,False,0,Penitenciario,2026-09-03
835,37,Masculino,Soltero,Secundaria,True,3,Penitenciario,2026-09-03
836,40,Femenino,Divorciado,Primaria,True,5,Penitenciario,2026-09-03
837,56,Masculino,Soltero,Sin escolaridad,True,2,Penitenciario,2026-09-03
838,26,Femenino,Viudo,Primaria,True,3,Penitenciario,2026-09-03
839,49,Masculino,Casado,Sin escolaridad,False,0,Penitenciario,2026-09-03
840,35,Masculino,Casado,Secundaria,False,0,Penitenciario,2026-09-03
841,37,Femenino,Soltero,Secundaria,True,2,Penitenciario,2026-09-03
842,46,Femenino,Casado,Primaria,True,7,Penitenciario,2026-09-03
843,24,Masculino,Soltero,Secundaria,True,1,Penitenciario,2026-09-03
844,42,Masculino,Soltero,Secundaria,False,0,Penitenciario,2026-09-03
845,39,Masculino,Soltero,Superior,False,0,Penitenciario,2026-09-03
846,43,Masculino,Divorciado,Secundaria,False,0,Penitenciario,2026-09-03
847,41,Femenino,Soltero,Secundaria,True,3,Penitenciario,2026-09-03
848,67,Femenino,Soltero,Primaria,False,0,Penitenciario,2026-09-03
849,30,Masculino,Soltero,Primaria,True,4,Penitenciario,2026-09-03
850,31,Femenino,Casado,Primaria,True,2,Penitenciario,2026-09-03
851,30,Masculino,Casado,Secundaria,True,4,Penitenciario,2026-09-03
852,31,Masculino,Casado,Superior,False,0,Penitenciario,2026-09-03
853,30,Masculino,Soltero,Sin escolaridad,True,2,Penitenciario,2026-09-03
854,52,Masculino,Soltero,Primaria,False,0,Penitenciario,2026-09-03
855,55,Masculino,Soltero,Primaria,True,2,Penitenciario,2026-09-03
856,31,Masculino,Soltero,Secundaria,True,3,Penitenciario,2026-09-03
857,28,Masculino,Divorciado,Secundaria,False,0,Penitenciario,2026-09-03
858,43,Masculino,Soltero,Secundaria,True,2,Penitenciario,2026-09-03
859,31,Femenino,Soltero,Primaria,True,4,Penitenciario,2026-09-03
860,45,Masculino,Soltero,Secundaria,True,3,Penitenciario,2026-09-03
861,40,Masculino,Casado,Primaria,False,0,Penitenciario,2026-09-03
862,19,Femenino,Soltero,Secundaria,True,3,Penitenciario,2026-09-03
863,56,Femenino,Soltero,Primaria,True,1,Penitenciario,2026-09-03
864,59,Femenino,Casado,Secundaria,True,3,Penitenciario,2026-09-03
865,30,Masculino,Soltero,Secundaria,True,5,Penitenciario,2026-09-03
866,33,Masculino,Casado,Secundaria,True,3,Penitenciario,2026-09-03
867,41,Masculino,Soltero,Secundaria,False,0,Penitenciario,2026-09-03
868,42,Masculino,Casado,Secundaria,False,0,Penitenciario,2026-09-03
869,45,Femenino,Soltero,Primaria,True,3,Penitenciario,2026-09-03
870,62,Masculino,Soltero,Secundaria,False,0,Penitenciario,2026-09-03
871,35,Masculino,Divorciado,Secundaria,False,0,Penitenciario,2026-09-03
872,28,Masculino,Soltero,Secundaria,True,3,Penitenciario,2026-09-03
873,21,Masculino,Soltero,Secundaria,False,0,Penitenciario,2026-09-03
874,29,Femenino,Soltero,Secundaria,True,4,Penitenciario,2026-09-03
875,37,Masculino,Casado,Secundaria,True,5,Penitenciario,2026-09-03
876,59,Masculino,Soltero,Primaria,True,5,Penitenciario,2026-09-03
877,31,Masculino,Viudo,Secundaria,True,2,Penitenciario,2026-09-03
878,40,Masculino,Viudo,Primaria,False,0,Penitenciario,2026-09-03
879,37,Masculino,Casado,Secundaria,True,3,Penitenciario,2026-09-03
880,52,Masculino,Soltero,Secundaria,False,0,Penitenciario,2026-09-03
881,68,Masculino,Soltero,Primaria,False,0,Penitenciario,2026-09-03
882,31,Femenino,Casado,Técnico,False,0,Penitenciario,2026-09-03
883,32,Femenino,Soltero,Secundaria,False,0,Penitenciario,2026-09-03
884,50,Femenino,Soltero,Secundaria,False,0,Penitenciario,2026-09-03
885,46,Femenino,Soltero,Sin escolaridad,True,7,Penitenciario,2026-09-03
886,60,Masculino,Soltero,Secundaria,True,7,Penitenciario,2026-09-03
887,45,Masculino,Soltero,Técnico,False,0,Penitenciario,2026-09-03
888,33,Masculino,Soltero,Secundaria,True,3,Penitenciario,2026-09-03
889,45,Femenino,Casado,Superior,True,5,Penitenciario,2026-09-03
890,51,Femenino,Soltero,Primaria,False,0,Penitenciario,2026-09-03
891,47,Femenino,Soltero,Secundaria,False,0,Penitenciario,2026-09-03
892,44,Masculino,Soltero,Secundaria,True,3,Penitenciario,2026-09-03
893,50,Femenino,Soltero,Secundaria,True,1,Penitenciario,2026-09-03
894,52,Masculino,Soltero,Primaria,False,0,Penitenciario,2026-09-03
895,54,Masculino,Casado,Secundaria,True,1,Penitenciario,2026-09-03
896,45,Masculino,Viudo,Secundaria,True,6,Penitenciario,2026-09-03
897,35,Masculino,Soltero,Secundaria,True,2,Penitenciario,2026-09-03
898,39,Masculino,Soltero,Secundaria,True,3,Penitenciario,2026-09-03
899,52,Masculino,Soltero,Secundaria,True,1,Penitenciario,2026-09-03
900,28,Masculino,Viudo,Secundaria,True,2,Penitenciario,2026-09-03
901,42,Masculino,Casado,Primaria,False,0,Penitenciario,2026-09-03
902,33,Femenino,Divorciado,Secundaria,False,0,Penitenciario,2026-09-03
903,38,Masculino,Soltero,Secundaria,True,3,Penitenciario,2026-09-03
904,53,Masculino,Viudo,Superior,True,1,Penitenciario,2026-09-03
905,40,Femenino,Soltero,Primaria,False,0,Penitenciario,2026-09-03
906,38,Femenino,Soltero,Secundaria,True,5,Penitenciario,2026-09-03
907,21,Masculino,Divorciado,Primaria,True,2,Penitenciario,2026-09-03
908,46,Masculino,Divorciado,Primaria,False,0,Penitenciario,2026-09-03
909,45,Masculino,Soltero,Secundaria,True,3,Penitenciario,2026-09-03
910,63,Masculino,Soltero,Secundaria,False,0,Penitenciario,2026-09-03
911,34,Masculino,Soltero,Sin escolaridad,False,0,Penitenciario,2026-09-03
912,40,Femenino,Soltero,Secundaria,False,0,Penitenciario,2026-09-03
913,40,Masculino,Soltero,Secundaria,True,2,Penitenciario,2026-09-03
914,56,Femenino,Viudo,Superior,True,3,Penitenciario,2026-09-03
915,36,Femenino,Casado,Primaria,False,0,Penitenciario,2026-09-03
916,41,Femenino,Casado,Secundaria,True,3,Penitenciario,2026-09-03
917,45,Masculino,Casado,Secundaria,True,4,Penitenciario,2026-09-03
918,40,Femenino,Soltero,Primaria,True,2,Penitenciario,2026-09-03
919,32,Masculino,Casado,Secundaria,True,3,Penitenciario,2026-09-03
920,40,Masculino,Soltero,Secundaria,False,0,Penitenciario,2026-09-03
921,50,Masculino,Soltero,Sin escolaridad,True,1,Penitenciario,2026-09-03
922,25,Masculino,Soltero,Superior,True,2,Penitenciario,2026-09-03
923,39,Femenino,Soltero,Secundaria,True,1,Penitenciario,2026-09-03
924,29,Masculino,Casado,Secundaria,True,5,Penitenciario,2026-09-03
925,52,Masculino,Viudo,Secundaria,True,3,Penitenciario,2026-09-03
926,19,Masculino,Soltero,Secundaria,True,2,Penitenciario,2026-09-03
927,31,Masculino,Casado,Secundaria,False,0,Penitenciario,2026-09-03
928,42,Masculino,Soltero,Secundaria,False,0,Penitenciario,2026-09-03
929,56,Femenino,Casado,Técnico,False,0,Penitenciario,2026-09-03
930,37,Masculino,Soltero,Primaria,True,6,Penitenciario,2026-09-03
931,31,Masculino,Soltero,Primaria,False,0,Penitenciario,2026-09-03
932,60,Masculino,Soltero,Secundaria,False,0,Penitenciario,2026-09-03
933,20,Masculino,Casado,Primaria,True,2,Penitenciario,2026-09-03
934,18,Masculino,Soltero,Secundaria,True,4,Penitenciario,2026-09-03
935,43,Masculino,Divorciado,Secundaria,True,3,Penitenciario,2026-09-03
936,31,Femenino,Soltero,Técnico,True,2,Penitenciario,2026-09-03
937,25,Masculino,Divorciado,Secundaria,False,0,Penitenciario,2026-09-03
938,46,Masculino,Casado,Secundaria,True,2,Penitenciario,2026-09-03
939,40,Masculino,Soltero,Primaria,True,4,Penitenciario,2026-09-03
940,31,Femenino,Soltero,Secundaria,True,3,Penitenciario,2026-09-03
941,22,Masculino,Casado,Secundaria,True,1,Penitenciario,2026-09-03
942,48,Masculino,Casado,Secundaria,True,2,Penitenciario,2026-09-03
943,45,Femenino,Casado,Primaria,True,1,Penitenciario,2026-09-03
944,36,Masculino,Soltero,Primaria,True,3,Penitenciario,2026-09-03
945,60,Masculino,Soltero,Secundaria,False,0,Penitenciario,2026-09-03
946,25,Masculino,Viudo,Secundaria,True,3,Penitenciario,2026-09-03
947,19,Masculino,Soltero,Secundaria,False,0,Penitenciario,2026-09-03
948,29,Masculino,Soltero,Secundaria,False,0,Penitenciario,2026-09-03
949,37,Masculino,Soltero,Primaria,True,3,Penitenciario,2026-09-03
950,40,Masculino,Casado,Secundaria,False,0,Penitenciario,2026-09-03
951,35,Masculino,Casado,Secundaria,True,4,Penitenciario,2026-09-03
952,42,Masculino,Soltero,Primaria,False,0,Penitenciario,2026-09-03
953,22,Femenino,Soltero,Secundaria,False,0,Penitenciario,2026-09-03
954,55,Femenino,Soltero,Secundaria,True,5,Penitenciario,2026-09-03
955,37,Femenino,Soltero,Secundaria,True,3,Penitenciario,2026-09-03
956,51,Masculino,Soltero,Secundaria,False,0,Penitenciario,2026-09-03
957,42,Masculino,Viudo,Primaria,False,0,Penitenciario,2026-09-03
958,43,Masculino,Soltero,Técnico,False,0,Penitenciario,2026-09-03
959,44,Masculino,Soltero,Secundaria,True,3,Penitenciario,2026-09-03
960,43,Femenino,Divorciado,Secundaria,True,4,Penitenciario,2026-09-03
961,45,Masculino,Soltero,Técnico,False,0,Penitenciario,2026-09-03
962,53,Masculino,Soltero,Secundaria,False,0,Penitenciario,2026-09-03
963,40,Masculino,Soltero,Secundaria,False,0,Penitenciario,2026-09-03
964,46,Masculino,Soltero,Secundaria,True,4,Penitenciario,2026-09-03
965,36,Masculino,Divorciado,Secundaria,True,2,Penitenciario,2026-09-03
966,55,Masculino,Soltero,Secundaria,False,0,Penitenciario,2026-09-03
967,29,Masculino,Soltero,Primaria,False,0,Penitenciario,2026-09-03
968,59,Femenino,Casado,Primaria,False,0,Penitenciario,2026-09-03
969,37,Masculino,Divorciado,Secundaria,False,0,Penitenciario,2026-09-03
970,20,Femenino,Soltero,Primaria,True,1,Penitenciario,2026-09-03
971,39,Femenino,Soltero,Primaria,False,0,Penitenciario,2026-09-03
972,29,Masculino,Viudo,Secundaria,False,0,Penitenciario,2026-09-03
973,48,Femenino,Soltero,Sin escolaridad,False,0,Penitenciario,2026-09-03
974,30,Masculino,Casado,Primaria,False,0,Penitenciario,2026-09-03
975,32,Femenino,Casado,Secundaria,True,3,Penitenciario,2026-09-03
976,18,Masculino,Casado,Secundaria,True,4,Penitenciario,2026-09-03
977,32,Masculino,Soltero,Secundaria,True,2,Penitenciario,2026-09-03
978,18,Masculino,Soltero,Secundaria,True,3,Penitenciario,2026-09-03
979,18,Masculino,Casado,Secundaria,True,6,Penitenciario,2026-09-03
980,47,Femenino,Soltero,Secundaria,True,6,Penitenciario,2026-09-03
981,47,Masculino,Soltero,Secundaria,False,0,Penitenciario,2026-09-03
982,43,Masculino,Soltero,Secundaria,False,0,Penitenciario,2026-09-03
983,26,Masculino,Soltero,Técnico,True,4,Penitenciario,2026-09-03
984,37,Femenino,Viudo,Secundaria,True,5,Penitenciario,2026-09-03
985,37,Masculino,Soltero,Secundaria,True,4,Penitenciario,2026-09-03
986,24,Masculino,Viudo,Sin escolaridad,True,5,Penitenciario,2026-09-03
987,56,Masculino,Soltero,Secundaria,False,0,Penitenciario,2026-09-03
988,48,Femenino,Soltero,Sin escolaridad,True,5,Penitenciario,2026-09-03
989,35,Masculino,Soltero,Secundaria,False,0,Penitenciario,2026-09-03
990,38,Masculino,Casado,Secundaria,True,8,Penitenciario,2026-09-03
991,40,Masculino,Casado,Secundaria,False,0,Penitenciario,2026-09-03
992,18,Femenino,Soltero,Primaria,True,2,Penitenciario,2026-09-03
993,35,Masculino,Divorciado,Secundaria,True,3,Penitenciario,2026-09-03
994,29,Masculino,Soltero,Primaria,False,0,Penitenciario,2026-09-03
995,25,Masculino,Casado,Secundaria,True,4,Penitenciario,2026-09-03
996,34,Femenino,Viudo,Secundaria,True,1,Penitenciario,2026-09-03
997,59,Femenino,Divorciado,Primaria,True,4,Penitenciario,2026-09-03
998,45,Masculino,Viudo,Técnico,False,0,Penitenciario,2026-09-03
999,31,Masculino,Soltero,Primaria,True,3,Penitenciario,2026-09-03
1000,44,Masculino,Soltero,Superior,True,3,Penitenciario,2026-09-03
1001,54,Masculino,Soltero,Sin escolaridad,False,0,Penitenciario,2026-09-03
1002,49,Masculino,Soltero,Primaria,True,2,Penitenciario,2026-09-03
1003,38,Masculino,Casado,Primaria,True,1,Penitenciario,2026-09-03
1004,30,Masculino,Soltero,Sin escolaridad,False,0,Penitenciario,2026-09-03
1005,46,Femenino,Casado,Secundaria,True,3,Penitenciario,2026-09-03
1006,42,Masculino,Soltero,Secundaria,True,3,Penitenciario,2026-09-03
1007,48,Masculino,Soltero,Secundaria,True,3,Penitenciario,2026-09-03
1008,45,Masculino,Casado,Primaria,False,0,Penitenciario,2026-09-03
1009,50,Masculino,Soltero,Secundaria,False,0,Penitenciario,2026-09-03
1010,31,Masculino,Casado,Secundaria,False,0,Penitenciario,2026-09-03
1011,53,Masculino,Soltero,Secundaria,True,3,Penitenciario,2026-09-03
1012,40,Masculino,Casado,Secundaria,True,3,Penitenciario,2026-09-03
1013,62,Femenino,Soltero,Secundaria,True,5,Penitenciario,2026-09-03
1014,29,Femenino,Soltero,Primaria,False,0,Penitenciario,2026-09-03
1015,58,Masculino,Casado,Secundaria,True,3,Penitenciario,2026-09-03
1016,40,Masculino,Divorciado,Secundaria,False,0,Penitenciario,2026-09-03
1017,30,Masculino,Soltero,Secundaria,False,0,Penitenciario,2026-09-03
1018,32,Masculino,Soltero,Primaria,False,0,Penitenciario,2026-09-03
1019,34,Masculino,Soltero,Primaria,True,4,Penitenciario,2026-09-03
1020,43,Femenino,Soltero,Secundaria,True,3,Penitenciario,2026-09-03
1021,44,Femenino,Casado,Primaria,True,4,Penitenciario,2026-09-03
1022,31,Femenino,Casado,Primaria,True,2,Penitenciario,2026-09-03
1023,37,Masculino,Soltero,Secundaria,True,6,Penitenciario,2026-09-03
1024,63,Femenino,Soltero,Secundaria,True,3,Penitenciario,2026-09-03
1025,58,Femenino,Casado,Secundaria,True,2,Penitenciario,2026-09-03
1026,43,Masculino,Soltero,Primaria,True,6,Penitenciario,2026-09-03
1027,38,Masculino,Casado,Técnico,True,4,Penitenciario,2026-09-03
1028,39,Femenino,Soltero,Primaria,False,0,Penitenciario,2026-09-03
1029,45,Masculino,Casado,Secundaria,False,0,Penitenciario,2026-09-03
1030,25,Masculino,Soltero,Superior,False,0,Penitenciario,2026-09-03
1031,34,Masculino,Casado,Secundaria,False,0,Penitenciario,2026-09-03
1032,18,Masculino,Soltero,Superior,False,0,Penitenciario,2026-09-03
1033,42,Masculino,Soltero,Secundaria,False,0,Penitenciario,2026-09-03
1034,45,Femenino,Casado,Primaria,True,3,Penitenciario,2026-09-03
1035,32,Masculino,Soltero,Primaria,True,3,Penitenciario,2026-09-03
1036,56,Masculino,Soltero,Primaria,False,0,Penitenciario,2026-09-03
1037,23,Masculino,Soltero,Sin escolaridad,True,3,Penitenciario,2026-09-03
1038,20,Masculino,Soltero,Secundaria,True,3,Penitenciario,2026-09-03
1039,40,Masculino,Divorciado,Primaria,True,4,Penitenciario,2026-09-03
1040,50,Masculino,Casado,Secundaria,True,2,Penitenciario,2026-09-03
1041,58,Masculino,Soltero,Secundaria,True,2,Penitenciario,2026-09-03
1042,32,Masculino,Casado,Secundaria,True,3,Penitenciario,2026-09-03
1043,50,Masculino,Soltero,Superior,False,0,Penitenciario,2026-09-03
1044,37,Masculino,Divorciado,Primaria,True,3,Penitenciario,2026-09-03
1045,35,Masculino,Soltero,Secundaria,False,0,Penitenciario,2026-09-03
1046,48,Masculino,Soltero,Secundaria,False,0,Penitenciario,2026-09-03
1047,45,Femenino,Soltero,Primaria,True,1,Penitenciario,2026-09-03
1048,19,Masculino,Soltero,Secundaria,True,4,Penitenciario,2026-09-03
1049,55,Masculino,Soltero,Secundaria,False,0,Penitenciario,2026-09-03
1050,54,Masculino,Soltero,Secundaria,True,1,Penitenciario,2026-09-03
1051,30,Masculino,Casado,Secundaria,False,0,Penitenciario,2026-09-03
1052,42,Femenino,Soltero,Secundaria,True,1,Penitenciario,2026-09-03
1053,43,Masculino,Viudo,Secundaria,True,3,Penitenciario,2026-09-03
1054,41,Masculino,Soltero,Primaria,True,4,Penitenciario,2026-09-03
1055,31,Masculino,Casado,Secundaria,True,1,Penitenciario,2026-09-03
1056,29,Masculino,Divorciado,Técnico,False,0,Penitenciario,2026-09-03
1057,37,Femenino,Casado,Técnico,True,2,Penitenciario,2026-09-03
1058,52,Masculino,Divorciado,Secundaria,False,0,Penitenciario,2026-09-03
1059,44,Masculino,Casado,Secundaria,True,4,Penitenciario,2026-09-03
1060,33,Masculino,Soltero,Superior,True,2,Penitenciario,2026-09-03
1061,47,Masculino,Casado,Secundaria,True,4,Penitenciario,2026-09-03
1062,18,Femenino,Soltero,Secundaria,True,2,Penitenciario,2026-09-03
1063,51,Masculino,Soltero,Primaria,True,2,Penitenciario,2026-09-03
1064,18,Masculino,Soltero,Superior,True,3,Penitenciario,2026-09-03
1065,33,Masculino,Casado,Secundaria,False,0,Penitenciario,2026-09-03
1066,24,Masculino,Soltero,Secundaria,False,0,Penitenciario,2026-09-03
1067,22,Masculino,Soltero,Primaria,False,0,Penitenciario,2026-09-03
1068,51,Masculino,Soltero,Secundaria,True,4,Penitenciario,2026-09-03
1069,32,Masculino,Viudo,Secundaria,True,1,Penitenciario,2026-09-03
1070,42,Masculino,Soltero,Secundaria,False,0,Penitenciario,2026-09-03
1071,37,Masculino,Soltero,Primaria,False,0,Penitenciario,2026-09-03
1072,43,Femenino,Soltero,Secundaria,True,2,Penitenciario,2026-09-03
1073,38,Masculino,Viudo,Primaria,True,4,Penitenciario,2026-09-03
1074,22,Masculino,Viudo,Secundaria,True,2,Penitenciario,2026-09-03
1075,49,Masculino,Casado,Primaria,False,0,Penitenciario,2026-09-03
1076,32,Masculino,Divorciado,Primaria,True,6,Penitenciario,2026-09-03
1077,19,Masculino,Soltero,Primaria,False,0,Penitenciario,2026-09-03
1078,32,Femenino,Viudo,Primaria,True,2,Penitenciario,2026-09-03
1079,56,Masculino,Soltero,Primaria,False,0,Penitenciario,2026-09-03
1080,48,Masculino,Soltero,Técnico,True,2,Penitenciario,2026-09-03
1081,33,Masculino,Soltero,Secundaria,False,0,Penitenciario,2026-09-03
1082,33,Masculino,Soltero,Secundaria,False,0,Penitenciario,2026-09-03
1083,34,Masculino,Casado,Secundaria,True,6,Penitenciario,2026-09-03
1084,62,Femenino,Soltero,Secundaria,True,3,Penitenciario,2026-09-03
1085,42,Masculino,Viudo,Técnico,True,2,Penitenciario,2026-09-03
1086,43,Masculino,Soltero,Primaria,False,0,Penitenciario,2026-09-03
1087,50,Masculino,Soltero,Primaria,True,3,Penitenciario,2026-09-03
1088,40,Masculino,Soltero,Superior,False,0,Penitenciario,2026-09-03
1089,34,Masculino,Casado,Secundaria,False,0,Penitenciario,2026-09-03
1090,35,Masculino,Casado,Sin escolaridad,True,2,Penitenciario,2026-09-03
1091,37,Masculino,Soltero,Primaria,False,0,Penitenciario,2026-09-03
1092,37,Masculino,Soltero,Sin escolaridad,False,0,Penitenciario,2026-09-03
1093,46,Masculino,Soltero,Superior,False,0,Penitenciario,2026-09-03
1094,38,Masculino,Casado,Primaria,True,2,Penitenciario,2026-09-03
1095,46,Masculino,Viudo,Técnico,True,4,Penitenciario,2026-09-03
1096,37,Masculino,Soltero,Superior,False,0,Penitenciario,2026-09-03
1097,38,Masculino,Divorciado,Secundaria,True,4,Penitenciario,2026-09-03
1098,18,Masculino,Soltero,Sin escolaridad,False,0,Penitenciario,2026-09-03
1099,48,Masculino,Soltero,Primaria,True,4,Penitenciario,2026-09-03
1100,42,Femenino,Viudo,Secundaria,False,0,Penitenciario,2026-09-03
1101,49,Masculino,Soltero,Secundaria,False,0,Penitenciario,2026-09-03
1102,18,Masculino,Soltero,Secundaria,False,0,Penitenciario,2026-09-03
1103,63,Masculino,Soltero,Secundaria,False,0,Penitenciario,2026-09-03
1104,36,Masculino,Soltero,Técnico,False,0,Penitenciario,2026-09-03
1105,51,Masculino,Casado,Secundaria,False,0,Penitenciario,2026-09-03
1106,25,Masculino,Casado,Secundaria,False,0,Penitenciario,2026-09-03
1107,45,Masculino,Divorciado,Técnico,False,0,Penitenciario,2026-09-03
1108,25,Masculino,Soltero,Primaria,False,0,Penitenciario,2026-09-03
1109,30,Masculino,Soltero,Primaria,False,0,Penitenciario,2026-09-03
1110,60,Femenino,Soltero,Primaria,True,2,Penitenciario,2026-09-03
1111,35,Masculino,Soltero,Primaria,False,0,Penitenciario,2026-09-03
1112,40,Masculino,Viudo,Secundaria,True,3,Penitenciario,2026-09-03
1113,48,Masculino,Casado,Primaria,True,4,Penitenciario,2026-09-03
1114,43,Masculino,Soltero,Secundaria,True,3,Penitenciario,2026-09-03
1115,39,Masculino,Divorciado,Superior,True,1,Penitenciario,2026-09-03
1116,42,Masculino,Casado,Primaria,True,2,Penitenciario,2026-09-03
1117,66,Masculino,Soltero,Secundaria,False,0,Penitenciario,2026-09-03
1118,37,Masculino,Casado,Primaria,False,0,Penitenciario,2026-09-03
1119,40,Femenino,Soltero,Primaria,False,0,Penitenciario,2026-09-03
1120,50,Femenino,Soltero,Secundaria,True,2,Penitenciario,2026-09-03
1121,51,Masculino,Soltero,Técnico,False,0,Penitenciario,2026-09-03
1122,52,Masculino,Soltero,Secundaria,False,0,Penitenciario,2026-09-03
1123,45,Masculino,Soltero,Primaria,True,2,Penitenciario,2026-09-03
1124,24,Masculino,Soltero,Secundaria,False,0,Penitenciario,2026-09-03
1125,57,Masculino,Soltero,Primaria,True,4,Penitenciario,2026-09-03
1126,24,Masculino,Casado,Primaria,True,2,Penitenciario,2026-09-03
1127,41,Femenino,Viudo,Secundaria,False,0,Penitenciario,2026-09-03
1128,28,Masculino,Casado,Primaria,False,0,Penitenciario,2026-09-03
1129,37,Masculino,Soltero,Secundaria,False,0,Penitenciario,2026-09-03
1130,41,Masculino,Soltero,Secundaria,True,1,Penitenciario,2026-09-03
1131,41,Femenino,Soltero,Secundaria,False,0,Penitenciario,2026-09-03
1132,43,Masculino,Soltero,Sin escolaridad,False,0,Penitenciario,2026-09-03
1133,57,Masculino,Soltero,Superior,False,0,Penitenciario,2026-09-03
1134,43,Masculino,Casado,Secundaria,True,4,Penitenciario,2026-09-03
1135,35,Femenino,Casado,Secundaria,True,3,Penitenciario,2026-09-03
1136,49,Masculino,Casado,Primaria,False,0,Penitenciario,2026-09-03
1137,52,Femenino,Soltero,Secundaria,False,0,Penitenciario,2026-09-03
1138,23,Masculino,Soltero,Secundaria,False,0,Penitenciario,2026-09-03
1139,45,Masculino,Casado,Primaria,True,4,Penitenciario,2026-09-03
1140,46,Masculino,Soltero,Sin escolaridad,False,0,Penitenciario,2026-09-03
1141,34,Masculino,Soltero,Secundaria,True,3,Penitenciario,2026-09-03
1142,54,Masculino,Soltero,Técnico,True,3,Penitenciario,2026-09-03
1143,36,Femenino,Soltero,Secundaria,True,3,Penitenciario,2026-09-03
1144,39,Masculino,Soltero,Primaria,False,0,Penitenciario,2026-09-03
1145,35,Masculino,Casado,Secundaria,True,6,Penitenciario,2026-09-03
1146,38,Masculino,Divorciado,Técnico,True,1,Penitenciario,2026-09-03
1147,24,Masculino,Soltero,Secundaria,True,3,Penitenciario,2026-09-03
1148,20,Masculino,Soltero,Primaria,False,0,Penitenciario,2026-09-03
1149,57,Masculino,Casado,Técnico,False,0,Penitenciario,2026-09-03
1150,27,Masculino,Soltero,Primaria,False,0,Penitenciario,2026-09-03
1151,26,Masculino,Soltero,Secundaria,False,0,Penitenciario,2026-09-03
1152,18,Femenino,Soltero,Secundaria,False,0,Penitenciario,2026-09-03
1153,30,Masculino,Soltero,Técnico,False,0,Penitenciario,2026-09-03
1154,22,Femenino,Casado,Técnico,False,0,Penitenciario,2026-09-03
1155,57,Masculino,Casado,Técnico,False,0,Penitenciario,2026-09-03
1156,50,Masculino,Soltero,Sin escolaridad,False,0,Penitenciario,2026-09-03
1157,29,Masculino,Soltero,Técnico,True,3,Penitenciario,2026-09-03
1158,65,Masculino,Soltero,Primaria,True,3,Penitenciario,2026-09-03
1159,49,Femenino,Soltero,Primaria,True,3,Penitenciario,2026-09-03
1160,34,Masculino,Viudo,Secundaria,False,0,Penitenciario,2026-09-03
1161,18,Masculino,Casado,Secundaria,True,1,Penitenciario,2026-09-03
1162,65,Femenino,Soltero,Secundaria,False,0,Penitenciario,2026-09-03
1163,21,Masculino,Casado,Secundaria,False,0,Penitenciario,2026-09-03
1164,18,Masculino,Casado,Técnico,False,0,Penitenciario,2026-09-03
1165,50,Masculino,Casado,Primaria,False,0,Penitenciario,2026-09-03
1166,67,Femenino,Soltero,Primaria,True,4,Penitenciario,2026-09-03
1167,54,Masculino,Soltero,Técnico,False,0,Penitenciario,2026-09-03
1168,44,Masculino,Casado,Primaria,True,2,Penitenciario,2026-09-03
1169,45,Masculino,Soltero,Secundaria,True,1,Penitenciario,2026-09-03
1170,48,Femenino,Viudo,Secundaria,True,4,Penitenciario,2026-09-03
1171,47,Masculino,Casado,Secundaria,False,0,Penitenciario,2026-09-03
1172,41,Masculino,Viudo,Secundaria,True,2,Penitenciario,2026-09-03
1173,39,Masculino,Soltero,Primaria,False,0,Penitenciario,2026-09-03
1174,37,Femenino,Divorciado,Técnico,True,2,Penitenciario,2026-09-03
1175,28,Femenino,Soltero,Primaria,True,5,Penitenciario,2026-09-03
1176,34,Femenino,Viudo,Secundaria,True,2,Penitenciario,2026-09-03
1177,18,Masculino,Soltero,Primaria,True,5,Penitenciario,2026-09-03
1178,36,Masculino,Soltero,Secundaria,False,0,Penitenciario,2026-09-03
1179,26,Masculino,Casado,Secundaria,True,3,Penitenciario,2026-09-03
1180,24,Femenino,Soltero,Técnico,False,0,Penitenciario,2026-09-03
1181,40,Masculino,Soltero,Secundaria,True,3,Penitenciario,2026-09-03
1182,54,Masculino,Viudo,Secundaria,False,0,Penitenciario,2026-09-03
1183,49,Femenino,Soltero,Técnico,True,2,Penitenciario,2026-09-03
1184,19,Masculino,Casado,Secundaria,True,3,Penitenciario,2026-09-03
1185,26,Masculino,Soltero,Secundaria,True,1,Penitenciario,2026-09-03
1186,49,Masculino,Casado,Secundaria,False,0,Penitenciario,2026-09-03
1187,26,Masculino,Casado,Secundaria,True,2,Penitenciario,2026-09-03
1188,35,Femenino,Soltero,Secundaria,True,8,Penitenciario,2026-09-03
1189,44,Masculino,Soltero,Primaria,True,5,Penitenciario,2026-09-03
1190,26,Masculino,Soltero,Secundaria,False,0,Penitenciario,2026-09-03
1191,39,Masculino,Soltero,Secundaria,False,0,Penitenciario,2026-09-03
1192,21,Masculino,Soltero,Técnico,False,0,Penitenciario,2026-09-03
1193,30,Masculino,Casado,Técnico,True,3,Penitenciario,2026-09-03
1194,41,Masculino,Soltero,Secundaria,True,1,Penitenciario,2026-09-03
1195,18,Masculino,Soltero,Secundaria,True,5,Penitenciario,2026-09-03
1196,43,Masculino,Casado,Secundaria,False,0,Penitenciario,2026-09-03
1197,37,Masculino,Soltero,Secundaria,False,0,Penitenciario,2026-09-03
1198,44,Masculino,Soltero,Técnico,True,3,Penitenciario,2026-09-03
1199,40,Femenino,Soltero,Técnico,True,3,Penitenciario,2026-09-03
1200,54,Femenino,Soltero,Técnico,False,0,Penitenciario,2026-09-03
1201,39,Femenino,Casado,Primaria,True,2,Penitenciario,2026-09-03
1202,32,Masculino,Casado,Técnico,True,4,Penitenciario,2026-09-03
1203,39,Masculino,Soltero,Técnico,True,4,Penitenciario,2026-09-03
1204,44,Masculino,Soltero,Secundaria,True,2,Penitenciario,2026-09-03
1205,38,Masculino,Soltero,Secundaria,False,0,Penitenciario,2026-09-03
1206,38,Masculino,Soltero,Secundaria,False,0,Penitenciario,2026-09-03
1207,29,Masculino,Divorciado,Secundaria,True,3,Penitenciario,2026-09-03
1208,30,Femenino,Soltero,Superior,False,0,Penitenciario,2026-09-03
1209,21,Masculino,Soltero,Secundaria,True,2,Penitenciario,2026-09-03
1210,58,Masculino,Soltero,Secundaria,True,1,Penitenciario,2026-09-03
1211,23,Femenino,Casado,Secundaria,False,0,Penitenciario,2026-09-03
1212,29,Masculino,Casado,Secundaria,False,0,Penitenciario,2026-09-03
1213,29,Femenino,Casado,Técnico,True,5,Penitenciario,2026-09-03
1214,48,Femenino,Divorciado,Secundaria,True,2,Penitenciario,2026-09-03
1215,34,Femenino,Soltero,Secundaria,True,5,Penitenciario,2026-09-03
1216,52,Masculino,Soltero,Primaria,True,4,Penitenciario,2026-09-03
1217,29,Masculino,Soltero,Secundaria,False,0,Penitenciario,2026-09-03
1218,41,Masculino,Casado,Secundaria,True,2,Penitenciario,2026-09-03
1219,27,Masculino,Casado,Técnico,False,0,Penitenciario,2026-09-03
1220,63,Masculino,Soltero,Primaria,True,4,Penitenciario,2026-09-03
1221,23,Masculino,Casado,Secundaria,False,0,Penitenciario,2026-09-03
1222,41,Masculino,Casado,Primaria,False,0,Penitenciario,2026-09-03
1223,45,Masculino,Divorciado,Secundaria,True,2,Penitenciario,2026-09-03
1224,42,Femenino,Soltero,Superior,True,1,Penitenciario,2026-09-03
1225,35,Femenino,Casado,Secundaria,False,0,Penitenciario,2026-09-03
1226,36,Masculino,Soltero,Secundaria,True,3,Penitenciario,2026-09-03
1227,38,Masculino,Casado,Secundaria,False,0,Penitenciario,2026-09-03
1228,36,Femenino,Divorciado,Primaria,False,0,Penitenciario,2026-09-03
1229,49,Masculino,Soltero,Secundaria,True,1,Penitenciario,2026-09-03
1230,64,Femenino,Casado,Secundaria,False,0,Penitenciario,2026-09-03
1231,31,Femenino,Casado,Secundaria,True,4,Penitenciario,2026-09-03
1232,21,Masculino,Soltero,Técnico,False,0,Penitenciario,2026-09-03
1233,36,Femenino,Soltero,Secundaria,True,3,Penitenciario,2026-09-03
1234,68,Masculino,Soltero,Secundaria,False,0,Penitenciario,2026-09-03
1235,28,Masculino,Viudo,Técnico,False,0,Penitenciario,2026-09-03
1236,57,Masculino,Casado,Superior,True,3,Penitenciario,2026-09-03
1237,58,Masculino,Soltero,Secundaria,True,3,Penitenciario,2026-09-03
1238,31,Femenino,Soltero,Primaria,True,5,Penitenciario,2026-09-03
1239,44,Masculino,Soltero,Secundaria,False,0,Penitenciario,2026-09-03
1240,57,Masculino,Soltero,Secundaria,True,1,Penitenciario,2026-09-03
1241,33,Masculino,Soltero,Sin escolaridad,False,0,Penitenciario,2026-09-03
1242,35,Femenino,Soltero,Primaria,True,1,Penitenciario,2026-09-03
1243,31,Femenino,Soltero,Primaria,True,3,Penitenciario,2026-09-03
1244,25,Femenino,Soltero,Secundaria,True,4,Penitenciario,2026-09-03
1245,30,Masculino,Casado,Secundaria,False,0,Penitenciario,2026-09-03
1246,23,Masculino,Divorciado,Secundaria,False,0,Penitenciario,2026-09-03
1247,38,Masculino,Casado,Primaria,True,4,Penitenciario,2026-09-03
1248,28,Masculino,Casado,Secundaria,False,0,Penitenciario,2026-09-03
1249,40,Masculino,Soltero,Primaria,True,2,Penitenciario,2026-09-03
1250,19,Masculino,Soltero,Primaria,False,0,Penitenciario,2026-09-03
1251,41,Masculino,Soltero,Secundaria,False,0,Penitenciario,2026-09-03
1252,48,Femenino,Casado,Secundaria,True,2,Penitenciario,2026-09-03
1253,18,Masculino,Divorciado,Secundaria,False,0,Penitenciario,2026-09-03
1254,42,Masculino,Casado,Secundaria,False,0,Penitenciario,2026-09-03
1255,52,Masculino,Divorciado,Primaria,False,0,Penitenciario,2026-09-03
1256,23,Femenino,Casado,Secundaria,False,0,Penitenciario,2026-09-03
1257,58,Femenino,Soltero,Primaria,True,1,Penitenciario,2026-09-03
1258,43,Femenino,Soltero,Primaria,True,3,Penitenciario,2026-09-03
1259,29,Masculino,Soltero,Secundaria,False,0,Penitenciario,2026-09-03
1260,37,Femenino,Soltero,Secundaria,True,3,Penitenciario,2026-09-03
1261,44,Masculino,Casado,Primaria,True,5,Penitenciario,2026-09-03
1262,38,Masculino,Soltero,Primaria,False,0,Penitenciario,2026-09-03
1263,44,Femenino,Soltero,Secundaria,False,0,Penitenciario,2026-09-03
1264,26,Masculino,Soltero,Secundaria,True,4,Penitenciario,2026-09-03
1265,40,Masculino,Soltero,Primaria,True,1,Penitenciario,2026-09-03
1266,21,Masculino,Soltero,Secundaria,True,3,Penitenciario,2026-09-03
1267,36,Masculino,Soltero,Primaria,True,3,Penitenciario,2026-09-03
1268,27,Femenino,Soltero,Secundaria,False,0,Penitenciario,2026-09-03
1269,29,Masculino,Casado,Sin escolaridad,False,0,Penitenciario,2026-09-03
1270,52,Masculino,Soltero,Secundaria,True,2,Penitenciario,2026-09-03
1271,51,Masculino,Casado,Primaria,False,0,Penitenciario,2026-09-03
1272,45,Masculino,Divorciado,Secundaria,False,0,Penitenciario,2026-09-03
1273,24,Masculino,Divorciado,Secundaria,True,6,Penitenciario,2026-09-03
1274,34,Masculino,Divorciado,Secundaria,False,0,Penitenciario,2026-09-03
1275,52,Masculino,Soltero,Sin escolaridad,False,0,Penitenciario,2026-09-03
1276,39,Masculino,Soltero,Secundaria,False,0,Penitenciario,2026-09-03
1277,65,Femenino,Soltero,Secundaria,False,0,Penitenciario,2026-09-03
1278,42,Masculino,Soltero,Secundaria,False,0,Penitenciario,2026-09-03
1279,40,Masculino,Divorciado,Secundaria,True,1,Penitenciario,2026-09-03
1280,34,Masculino,Casado,Secundaria,True,1,Penitenciario,2026-09-03
1281,39,Masculino,Soltero,Secundaria,True,4,Penitenciario,2026-09-03
1282,36,Femenino,Soltero,Secundaria,True,3,Penitenciario,2026-09-03
1283,46,Femenino,Soltero,Superior,True,4,Penitenciario,2026-09-03
1284,49,Masculino,Casado,Primaria,True,4,Penitenciario,2026-09-03
1285,28,Femenino,Casado,Sin escolaridad,True,2,Penitenciario,2026-09-03
1286,22,Masculino,Divorciado,Secundaria,False,0,Penitenciario,2026-09-03
1287,18,Masculino,Divorciado,Técnico,True,5,Penitenciario,2026-09-03
1288,44,Masculino,Soltero,Superior,True,5,Penitenciario,2026-09-03
1289,24,Masculino,Soltero,Secundaria,False,0,Penitenciario,2026-09-03
1290,18,Masculino,Soltero,Secundaria,True,1,Penitenciario,2026-09-03
1291,42,Femenino,Soltero,Secundaria,True,4,Penitenciario,2026-09-03
1292,67,Masculino,Divorciado,Secundaria,False,0,Penitenciario,2026-09-03
1293,37,Femenino,Soltero,Secundaria,True,6,Penitenciario,2026-09-03
1294,48,Femenino,Casado,Técnico,True,3,Penitenciario,2026-09-03
1295,38,Masculino,Soltero,Secundaria,True,1,Penitenciario,2026-09-03
1296,36,Masculino,Soltero,Secundaria,True,2,Penitenciario,2026-09-03
1297,49,Masculino,Soltero,Secundaria,False,0,Penitenciario,2026-09-03
1298,34,Femenino,Soltero,Secundaria,False,0,Penitenciario,2026-09-03
1299,41,Masculino,Casado,Secundaria,False,0,Penitenciario,2026-09-03
1300,41,Masculino,Soltero,Secundaria,False,0,Penitenciario,2026-09-03
1301,29,Masculino,Casado,Sin escolaridad,True,2,Penitenciario,2026-09-03
1302,49,Masculino,Casado,Primaria,True,4,Penitenciario,2026-09-03
1303,35,Masculino,Soltero,Secundaria,False,0,Penitenciario,2026-09-03
1304,28,Masculino,Casado,Secundaria,False,0,Penitenciario,2026-09-03
1305,44,Masculino,Soltero,Primaria,True,2,Penitenciario,2026-09-03
1306,27,Masculino,Casado,Secundaria,True,1,Penitenciario,2026-09-03
1307,38,Masculino,Casado,Primaria,False,0,Penitenciario,2026-09-03
1308,37,Masculino,Viudo,Primaria,True,3,Penitenciario,2026-09-03
1309,51,Masculino,Soltero,Superior,True,3,Penitenciario,2026-09-03
1310,43,Masculino,Soltero,Técnico,True,1,Penitenciario,2026-09-03
1311,37,Masculino,Soltero,Primaria,True,3,Penitenciario,2026-09-03
1312,47,Masculino,Soltero,Secundaria,True,4,Penitenciario,2026-09-03
1313,54,Masculino,Casado,Primaria,True,1,Penitenciario,2026-09-03
1314,44,Masculino,Divorciado,Superior,False,0,Penitenciario,2026-09-03
1315,38,Masculino,Soltero,Primaria,False,0,Penitenciario,2026-09-03
1316,22,Masculino,Soltero,Primaria,True,2,Penitenciario,2026-09-03
1317,25,Masculino,Soltero,Secundaria,True,3,Penitenciario,2026-09-03
1318,34,Femenino,Soltero,Secundaria,False,0,Penitenciario,2026-09-03
1319,30,Femenino,Soltero,Primaria,False,0,Penitenciario,2026-09-03
1320,35,Femenino,Soltero,Secundaria,True,2,Penitenciario,2026-09-03
1321,38,Femenino,Casado,Primaria,True,1,Penitenciario,2026-09-03
1322,44,Masculino,Soltero,Técnico,True,2,Penitenciario,2026-09-03
1323,37,Masculino,Soltero,Primaria,False,0,Penitenciario,2026-09-03
1324,43,Masculino,Casado,Técnico,False,0,Penitenciario,2026-09-03
1325,38,Masculino,Soltero,Secundaria,True,2,Penitenciario,2026-09-03
1326,18,Masculino,Casado,Secundaria,False,0,Penitenciario,2026-09-03
1327,26,Femenino,Casado,Superior,False,0,Penitenciario,2026-09-03
1328,36,Masculino,Casado,Superior,True,3,Penitenciario,2026-09-03
1329,23,Masculino,Soltero,Secundaria,True,2,Penitenciario,2026-09-03
1330,45,Masculino,Soltero,Primaria,False,0,Penitenciario,2026-09-03
1331,56,Masculino,Casado,Secundaria,True,6,Penitenciario,2026-09-03
1332,52,Masculino,Casado,Secundaria,True,4,Penitenciario,2026-09-03
1333,35,Femenino,Soltero,Secundaria,True,2,Penitenciario,2026-09-03
1334,55,Masculino,Soltero,Secundaria,True,3,Penitenciario,2026-09-03
1335,39,Femenino,Soltero,Sin escolaridad,False,0,Penitenciario,2026-09-03
1336,33,Masculino,Soltero,Secundaria,False,0,Penitenciario,2026-09-03
1337,30,Femenino,Soltero,Secundaria,True,4,Penitenciario,2026-09-03
1338,34,Masculino,Soltero,Primaria,False,0,Penitenciario,2026-09-03
1339,33,Masculino,Soltero,Secundaria,False,0,Penitenciario,2026-09-03
1340,40,Masculino,Casado,Secundaria,True,3,Penitenciario,2026-09-03
1341,39,Femenino,Soltero,Secundaria,True,4,Penitenciario,2026-09-03
1342,38,Femenino,Casado,Primaria,True,4,Penitenciario,2026-09-03
1343,43,Masculino,Casado,Secundaria,True,4,Penitenciario,2026-09-03
1344,52,Masculino,Soltero,Primaria,True,3,Penitenciario,2026-09-03
1345,49,Femenino,Casado,Secundaria,False,0,Penitenciario,2026-09-03
1346,20,Masculino,Casado,Secundaria,True,2,Penitenciario,2026-09-03
1347,18,Masculino,Soltero,Secundaria,False,0,Penitenciario,2026-09-03
1348,49,Masculino,Soltero,Primaria,False,0,Penitenciario,2026-09-03
1349,21,Masculino,Soltero,Secundaria,True,3,Penitenciario,2026-09-03
1350,35,Femenino,Divorciado,Superior,False,0,Penitenciario,2026-09-03
1351,23,Femenino,Casado,Primaria,True,1,Penitenciario,2026-09-03
1352,18,Masculino,Soltero,Técnico,True,3,Penitenciario,2026-09-03
1353,44,Masculino,Casado,Secundaria,True,3,Penitenciario,2026-09-03
1354,47,Femenino,Soltero,Secundaria,True,2,Penitenciario,2026-09-03
1355,31,Masculino,Soltero,Primaria,False,0,Penitenciario,2026-09-03
1356,18,Femenino,Casado,Primaria,False,0,Penitenciario,2026-09-03
1357,31,Masculino,Soltero,Técnico,False,0,Penitenciario,2026-09-03
1358,42,Masculino,Casado,Secundaria,True,3,Penitenciario,2026-09-03
1359,20,Femenino,Casado,Primaria,False,0,Penitenciario,2026-09-03
1360,40,Masculino,Casado,Secundaria,True,3,Penitenciario,2026-09-03
1361,37,Masculino,Soltero,Primaria,False,0,Penitenciario,2026-09-03
1362,44,Masculino,Casado,Secundaria,False,0,Penitenciario,2026-09-03
1363,39,Masculino,Divorciado,Secundaria,True,3,Penitenciario,2026-09-03
1364,26,Masculino,Soltero,Técnico,False,0,Penitenciario,2026-09-03
1365,52,Femenino,Soltero,Secundaria,True,5,Penitenciario,2026-09-03
1366,36,Femenino,Soltero,Primaria,False,0,Penitenciario,2026-09-03
1367,37,Masculino,Casado,Secundaria,False,0,Penitenciario,2026-09-03
1368,26,Masculino,Casado,Secundaria,True,3,Penitenciario,2026-09-03
1369,32,Masculino,Soltero,Secundaria,False,0,Penitenciario,2026-09-03
1370,27,Masculino,Divorciado,Superior,True,4,Penitenciario,2026-09-03
1371,35,Masculino,Soltero,Secundaria,True,2,Penitenciario,2026-09-03
1372,58,Femenino,Casado,Sin escolaridad,True,4,Penitenciario,2026-09-03
1373,21,Masculino,Soltero,Técnico,False,0,Penitenciario,2026-09-03
1374,18,Femenino,Soltero,Primaria,True,2,Penitenciario,2026-09-03
1375,55,Masculino,Soltero,Primaria,False,0,Penitenciario,2026-09-03
1376,35,Masculino,Soltero,Secundaria,False,0,Penitenciario,2026-09-03
1377,29,Masculino,Casado,Técnico,True,3,Penitenciario,2026-09-03
1378,50,Masculino,Soltero,Secundaria,True,1,Penitenciario,2026-09-03
1379,30,Masculino,Soltero,Primaria,False,0,Penitenciario,2026-09-03
1380,59,Femenino,Soltero,Secundaria,True,3,Penitenciario,2026-09-03
1381,46,Masculino,Soltero,Primaria,False,0,Penitenciario,2026-09-03
1382,32,Femenino,Casado,Primaria,True,3,Penitenciario,2026-09-03
1383,63,Masculino,Casado,Primaria,True,1,Penitenciario,2026-09-03
1384,30,Femenino,Soltero,Secundaria,True,3,Penitenciario,2026-09-03
1385,46,Masculino,Soltero,Técnico,False,0,Penitenciario,2026-09-03
1386,41,Femenino,Soltero,Primaria,True,1,Penitenciario,2026-09-03
1387,53,Masculino,Divorciado,Primaria,True,3,Penitenciario,2026-09-03
1388,56,Femenino,Divorciado,Secundaria,True,6,Penitenciario,2026-09-03
1389,38,Femenino,Casado,Secundaria,False,0,Penitenciario,2026-09-03
1390,28,Masculino,Divorciado,Técnico,True,2,Penitenciario,2026-09-03
1391,43,Masculino,Casado,Primaria,True,3,Penitenciario,2026-09-03
1392,29,Masculino,Casado,Primaria,True,4,Penitenciario,2026-09-03
1393,62,Femenino,Soltero,Secundaria,True,3,Penitenciario,2026-09-03
1394,39,Masculino,Soltero,Secundaria,True,2,Penitenciario,2026-09-03
1395,33,Masculino,Soltero,Secundaria,True,2,Penitenciario,2026-09-03
1396,40,Masculino,Soltero,Secundaria,True,2,Penitenciario,2026-09-03
1397,21,Masculino,Casado,Primaria,False,0,Penitenciario,2026-09-03
1398,26,Femenino,Soltero,Secundaria,True,1,Penitenciario,2026-09-03
1399,52,Masculino,Soltero,Secundaria,False,0,Penitenciario,2026-09-03
1400,30,Masculino,Soltero,Secundaria,False,0,Penitenciario,2026-09-03
1401,25,Femenino,Soltero,Secundaria,True,4,Penitenciario,2026-09-03
1402,44,Masculino,Soltero,Secundaria,False,0,Penitenciario,2026-09-03
1403,52,Masculino,Divorciado,Primaria,True,1,Penitenciario,2026-09-03
1404,46,Masculino,Casado,Primaria,True,2,Penitenciario,2026-09-03
1405,49,Masculino,Casado,Secundaria,False,0,Penitenciario,2026-09-03
1406,28,Masculino,Soltero,Sin escolaridad,False,0,Penitenciario,2026-09-03
1407,20,Femenino,Soltero,Secundaria,True,1,Penitenciario,2026-09-03
1408,56,Masculino,Soltero,Secundaria,False,0,Penitenciario,2026-09-03
1409,34,Masculino,Divorciado,Secundaria,True,3,Penitenciario,2026-09-03
1410,34,Masculino,Soltero,Sin escolaridad,True,3,Penitenciario,2026-09-03
1411,53,Masculino,Soltero,Superior,True,2,Penitenciario,2026-09-03
1412,44,Femenino,Casado,Primaria,True,3,Penitenciario,2026-09-03
1413,43,Masculino,Soltero,Primaria,False,0,Penitenciario,2026-09-03
1414,63,Masculino,Soltero,Secundaria,False,0,Penitenciario,2026-09-03
1415,30,Masculino,Soltero,Secundaria,True,2,Penitenciario,2026-09-03
1416,49,Masculino,Soltero,Primaria,True,5,Penitenciario,2026-09-03
1417,38,Masculino,Soltero,Secundaria,False,0,Penitenciario,2026-09-03
1418,41,Masculino,Soltero,Secundaria,False,0,Penitenciario,2026-09-03
1419,56,Masculino,Casado,Primaria,True,2,Penitenciario,2026-09-03
1420,44,Femenino,Casado,Primaria,True,2,Penitenciario,2026-09-03
1421,44,Masculino,Soltero,Secundaria,True,4,Penitenciario,2026-09-03
1422,50,Femenino,Divorciado,Secundaria,False,0,Penitenciario,2026-09-03
1423,33,Femenino,Soltero,Primaria,True,4,Penitenciario,2026-09-03
1424,27,Masculino,Soltero,Primaria,True,5,Penitenciario,2026-09-03
1425,25,Masculino,Soltero,Secundaria,False,0,Penitenciario,2026-09-03
1426,18,Masculino,Casado,Secundaria,True,3,Penitenciario,2026-09-03
1427,62,Masculino,Soltero,Primaria,True,2,Penitenciario,2026-09-03
1428,24,Femenino,Casado,Secundaria,False,0,Penitenciario,2026-09-03
1429,35,Masculino,Casado,Primaria,False,0,Penitenciario,2026-09-03
1430,34,Masculino,Soltero,Primaria,False,0,Penitenciario,2026-09-03
1431,41,Masculino,Casado,Sin escolaridad,True,3,Penitenciario,2026-09-03
1432,47,Masculino,Divorciado,Secundaria,True,5,Penitenciario,2026-09-03
1433,48,Masculino,Soltero,Secundaria,True,1,Penitenciario,2026-09-03
1434,31,Femenino,Soltero,Secundaria,True,2,Penitenciario,2026-09-03
1435,35,Masculino,Casado,Secundaria,False,0,Penitenciario,2026-09-03
1436,41,Femenino,Casado,Secundaria,True,2,Penitenciario,2026-09-03
1437,35,Masculino,Soltero,Primaria,True,3,Penitenciario,2026-09-03
1438,57,Masculino,Soltero,Primaria,False,0,Penitenciario,2026-09-03
1439,43,Masculino,Soltero,Superior,False,0,Penitenciario,2026-09-03
1440,46,Masculino,Soltero,Secundaria,True,3,Penitenciario,2026-09-03
1441,45,Masculino,Soltero,Secundaria,True,5,Penitenciario,2026-09-03
1442,52,Femenino,Divorciado,Sin escolaridad,True,3,Penitenciario,2026-09-03
1443,40,Femenino,Casado,Secundaria,False,0,Penitenciario,2026-09-03
1444,22,Masculino,Soltero,Secundaria,True,2,Penitenciario,2026-09-03
1445,42,Masculino,Casado,Primaria,False,0,Penitenciario,2026-09-03
1446,30,Masculino,Divorciado,Secundaria,True,2,Penitenciario,2026-09-03
1447,31,Femenino,Soltero,Secundaria,True,3,Penitenciario,2026-09-03
1448,45,Masculino,Soltero,Sin escolaridad,False,0,Penitenciario,2026-09-03
1449,52,Femenino,Soltero,Primaria,True,2,Penitenciario,2026-09-03
1450,38,Masculino,Casado,Primaria,False,0,Penitenciario,2026-09-03
1451,41,Masculino,Soltero,Primaria,True,6,Penitenciario,2026-09-03
1452,58,Femenino,Viudo,Secundaria,False,0,Penitenciario,2026-09-03
1453,40,Masculino,Soltero,Primaria,False,0,Penitenciario,2026-09-03
1454,69,Masculino,Soltero,Primaria,True,3,Penitenciario,2026-09-03
1455,44,Masculino,Soltero,Técnico,False,0,Penitenciario,2026-09-03
1456,18,Masculino,Soltero,Secundaria,False,0,Penitenciario,2026-09-03
1457,47,Masculino,Casado,Secundaria,True,3,Penitenciario,2026-09-03
1458,42,Masculino,Viudo,Secundaria,True,2,Penitenciario,2026-09-03
1459,53,Femenino,Soltero,Técnico,False,0,Penitenciario,2026-09-03
1460,46,Masculino,Viudo,Sin escolaridad,False,0,Penitenciario,2026-09-03
1461,36,Femenino,Casado,Secundaria,True,4,Penitenciario,2026-09-03
1462,23,Masculino,Soltero,Secundaria,False,0,Penitenciario,2026-09-03
1463,35,Masculino,Casado,Primaria,False,0,Penitenciario,2026-09-03
1464,27,Masculino,Soltero,Secundaria,False,0,Penitenciario,2026-09-03
1465,31,Masculino,Soltero,Superior,True,2,Penitenciario,2026-09-03
1466,45,Masculino,Soltero,Técnico,False,0,Penitenciario,2026-09-03
1467,58,Femenino,Casado,Primaria,True,3,Penitenciario,2026-09-03
1468,42,Masculino,Soltero,Primaria,True,1,Penitenciario,2026-09-03
1469,23,Masculino,Casado,Superior,True,1,Penitenciario,2026-09-03
1470,43,Masculino,Casado,Secundaria,True,5,Penitenciario,2026-09-03
1471,52,Femenino,Soltero,Primaria,True,1,Penitenciario,2026-09-03
1472,30,Femenino,Soltero,Secundaria,True,1,Penitenciario,2026-09-03
1473,36,Masculino,Soltero,Primaria,True,2,Penitenciario,2026-09-03
1474,38,Masculino,Soltero,Primaria,True,3,Penitenciario,2026-09-03
1475,28,Masculino,Soltero,Técnico,True,4,Penitenciario,2026-09-03
1476,45,Masculino,Soltero,Primaria,False,0,Penitenciario,2026-09-03
1477,36,Masculino,Soltero,Primaria,False,0,Penitenciario,2026-09-03
1478,43,Masculino,Soltero,Primaria,False,0,Penitenciario,2026-09-03
1479,27,Masculino,Soltero,Secundaria,True,2,Penitenciario,2026-09-03
1480,32,Masculino,Soltero,Primaria,False,0,Penitenciario,2026-09-03
1481,46,Masculino,Casado,Secundaria,True,3,Penitenciario,2026-09-03
1482,33,Femenino,Viudo,Secundaria,True,5,Penitenciario,2026-09-03
1483,58,Femenino,Soltero,Secundaria,True,3,Penitenciario,2026-09-03
1484,33,Masculino,Soltero,Primaria,False,0,Penitenciario,2026-09-03
1485,40,Masculino,Soltero,Secundaria,False,0,Penitenciario,2026-09-03
1486,49,Masculino,Soltero,Primaria,False,0,Penitenciario,2026-09-03
1487,20,Masculino,Soltero,Secundaria,True,2,Penitenciario,2026-09-03
1488,18,Femenino,Casado,Secundaria,False,0,Penitenciario,2026-09-03
1489,19,Masculino,Divorciado,Primaria,False,0,Penitenciario,2026-09-03
1490,53,Femenino,Soltero,Secundaria,False,0,Penitenciario,2026-09-03
1491,31,Femenino,Casado,Primaria,True,2,Penitenciario,2026-09-03
1492,68,Masculino,Soltero,Primaria,True,2,Penitenciario,2026-09-03
1493,31,Masculino,Soltero,Secundaria,True,3,Penitenciario,2026-09-03
1494,40,Masculino,Soltero,Secundaria,True,3,Penitenciario,2026-09-03
1495,56,Masculino,Soltero,Primaria,True,2,Penitenciario,2026-09-03
1496,62,Masculino,Soltero,Primaria,True,1,Penitenciario,2026-09-03
1497,62,Masculino,Soltero,Sin escolaridad,True,3,Penitenciario,2026-09-03
1498,52,Femenino,Soltero,Secundaria,True,3,Penitenciario,2026-09-03
1499,50,Masculino,Soltero,Secundaria,False,0,Penitenciario,2026-09-03
1500,45,Masculino,Casado,Primaria,False,0,Penitenciario,2026-09-03
1501,47,Masculino,Divorciado,Primaria,True,3,Penitenciario,2026-09-03
1502,31,Masculino,Soltero,Secundaria,True,3,Penitenciario,2026-09-03
1503,28,Masculino,Soltero,Secundaria,False,0,Penitenciario,2026-09-03
1504,37,Femenino,Soltero,Secundaria,True,3,Penitenciario,2026-09-03
1505,35,Masculino,Divorciado,Técnico,False,0,Penitenciario,2026-09-03
1506,32,Masculino,Soltero,Sin escolaridad,False,0,Penitenciario,2026-09-03
1507,46,Masculino,Soltero,Superior,True,2,Penitenciario,2026-09-03
1508,49,Masculino,Soltero,Primaria,False,0,Penitenciario,2026-09-03
1509,39,Femenino,Soltero,Superior,False,0,Penitenciario,2026-09-03
1510,55,Masculino,Soltero,Primaria,False,0,Penitenciario,2026-09-03
1511,24,Femenino,Divorciado,Secundaria,False,0,Penitenciario,2026-09-03
1512,35,Masculino,Divorciado,Secundaria,True,2,Penitenciario,2026-09-03
1513,29,Masculino,Soltero,Secundaria,False,0,Penitenciario,2026-09-03
1514,18,Masculino,Soltero,Secundaria,False,0,Penitenciario,2026-09-03
1515,37,Masculino,Soltero,Secundaria,False,0,Penitenciario,2026-09-03
1516,36,Masculino,Soltero,Superior,True,4,Penitenciario,2026-09-03
1517,56,Femenino,Divorciado,Secundaria,True,2,Penitenciario,2026-09-03
1518,45,Masculino,Soltero,Secundaria,False,0,Penitenciario,2026-09-03
1519,25,Masculino,Soltero,Primaria,False,0,Penitenciario,2026-09-03
1520,60,Masculino,Soltero,Superior,False,0,Penitenciario,2026-09-03
1521,52,Masculino,Casado,Secundaria,False,0,Penitenciario,2026-09-03
1522,44,Masculino,Casado,Secundaria,False,0,Penitenciario,2026-09-03
1523,35,Masculino,Soltero,Secundaria,False,0,Penitenciario,2026-09-03
1524,26,Masculino,Soltero,Secundaria,True,3,Penitenciario,2026-09-03
1525,33,Masculino,Soltero,Técnico,True,3,Penitenciario,2026-09-03
1526,51,Masculino,Viudo,Primaria,False,0,Penitenciario,2026-09-03
1527,60,Masculino,Soltero,Primaria,False,0,Penitenciario,2026-09-03
1528,56,Masculino,Soltero,Primaria,False,0,Penitenciario,2026-09-03
1529,32,Masculino,Soltero,Secundaria,True,3,Penitenciario,2026-09-03
1530,24,Femenino,Casado,Primaria,True,6,Penitenciario,2026-09-03
1531,39,Masculino,Soltero,Primaria,True,1,Penitenciario,2026-09-03
1532,18,Masculino,Soltero,Primaria,True,3,Penitenciario,2026-09-03
1533,41,Masculino,Soltero,Secundaria,True,5,Penitenciario,2026-09-03
1534,36,Masculino,Casado,Secundaria,False,0,Penitenciario,2026-09-03
1535,32,Femenino,Casado,Sin escolaridad,True,2,Penitenciario,2026-09-03
1536,18,Masculino,Divorciado,Superior,False,0,Penitenciario,2026-09-03
1537,44,Femenino,Soltero,Superior,True,3,Penitenciario,2026-09-03
1538,31,Femenino,Soltero,Primaria,True,2,Penitenciario,2026-09-03
1539,23,Masculino,Viudo,Secundaria,False,0,Penitenciario,2026-09-03
1540,18,Masculino,Soltero,Secundaria,True,2,Penitenciario,2026-09-03
1541,37,Masculino,Casado,Primaria,False,0,Penitenciario,2026-09-03
1542,59,Masculino,Casado,Primaria,False,0,Penitenciario,2026-09-03
1543,57,Masculino,Soltero,Secundaria,True,2,Penitenciario,2026-09-03
1544,32,Masculino,Soltero,Secundaria,False,0,Penitenciario,2026-09-03
1545,30,Masculino,Casado,Primaria,True,1,Penitenciario,2026-09-03
1546,43,Masculino,Casado,Secundaria,False,0,Penitenciario,2026-09-03
1547,26,Masculino,Soltero,Secundaria,False,0,Penitenciario,2026-09-03
1548,41,Femenino,Soltero,Secundaria,False,0,Penitenciario,2026-09-03
1549,47,Masculino,Soltero,Primaria,True,1,Penitenciario,2026-09-03
1550,52,Femenino,Soltero,Secundaria,False,0,Penitenciario,2026-09-03
1551,36,Masculino,Soltero,Primaria,True,3,Penitenciario,2026-09-03
1552,35,Masculino,Soltero,Secundaria,True,1,Penitenciario,2026-09-03
1553,27,Masculino,Viudo,Secundaria,True,3,Penitenciario,2026-09-03
1554,28,Masculino,Casado,Secundaria,True,2,Penitenciario,2026-09-03
1555,35,Masculino,Casado,Secundaria,False,0,Penitenciario,2026-09-03
1556,42,Masculino,Soltero,Secundaria,False,0,Penitenciario,2026-09-03
1557,48,Femenino,Soltero,Técnico,True,1,Penitenciario,2026-09-03
1558,28,Masculino,Viudo,Secundaria,True,7,Penitenciario,2026-09-03
1559,55,Masculino,Soltero,Primaria,True,1,Penitenciario,2026-09-03
1560,34,Femenino,Soltero,Secundaria,True,3,Penitenciario,2026-09-03
1561,37,Femenino,Soltero,Primaria,True,3,Penitenciario,2026-09-03
1562,29,Masculino,Divorciado,Técnico,True,3,Penitenciario,2026-09-03
1563,18,Masculino,Divorciado,Secundaria,False,0,Penitenciario,2026-09-03
1564,48,Femenino,Soltero,Secundaria,True,2,Penitenciario,2026-09-03
1565,46,Masculino,Divorciado,Primaria,True,3,Penitenciario,2026-09-03
1566,34,Masculino,Soltero,Secundaria,False,0,Penitenciario,2026-09-03
1567,38,Masculino,Soltero,Técnico,True,2,Penitenciario,2026-09-03
1568,44,Femenino,Casado,Sin escolaridad,False,0,Penitenciario,2026-09-03
1569,19,Masculino,Divorciado,Secundaria,True,3,Penitenciario,2026-09-03
1570,31,Femenino,Soltero,Técnico,False,0,Penitenciario,2026-09-03
1571,47,Masculino,Soltero,Secundaria,True,3,Penitenciario,2026-09-03
1572,22,Femenino,Casado,Secundaria,False,0,Penitenciario,2026-09-03
1573,41,Masculino,Casado,Secundaria,False,0,Penitenciario,2026-09-03
1574,21,Masculino,Divorciado,Secundaria,False,0,Penitenciario,2026-09-03
1575,43,Femenino,Soltero,Primaria,True,4,Penitenciario,2026-09-03
1576,37,Masculino,Viudo,Sin escolaridad,True,2,Penitenciario,2026-09-03
1577,18,Masculino,Viudo,Secundaria,False,0,Penitenciario,2026-09-03
1578,51,Masculino,Soltero,Técnico,False,0,Penitenciario,2026-09-03
1579,29,Masculino,Casado,Primaria,False,0,Penitenciario,2026-09-03
1580,28,Masculino,Soltero,Primaria,False,0,Penitenciario,2026-09-03
1581,40,Masculino,Soltero,Secundaria,False,0,Penitenciario,2026-09-03
1582,51,Masculino,Casado,Secundaria,False,0,Penitenciario,2026-09-03
1583,25,Masculino,Soltero,Primaria,False,0,Penitenciario,2026-09-03
1584,38,Masculino,Soltero,Técnico,True,3,Penitenciario,2026-09-03
1585,43,Masculino,Divorciado,Primaria,True,2,Penitenciario,2026-09-03
1586,46,Femenino,Soltero,Técnico,False,0,Penitenciario,2026-09-03
1587,40,Masculino,Soltero,Secundaria,False,0,Penitenciario,2026-09-03
1588,33,Masculino,Divorciado,Secundaria,True,3,Penitenciario,2026-09-03
1589,28,Femenino,Soltero,Secundaria,True,4,Penitenciario,2026-09-03
1590,39,Masculino,Soltero,Secundaria,True,4,Penitenciario,2026-09-03
1591,25,Femenino,Soltero,Primaria,True,1,Penitenciario,2026-09-03
1592,18,Femenino,Soltero,Sin escolaridad,True,6,Penitenciario,2026-09-03
1593,43,Femenino,Casado,Secundaria,True,5,Penitenciario,2026-09-03
1594,48,Masculino,Casado,Técnico,True,1,Penitenciario,2026-09-03
1595,18,Femenino,Soltero,Secundaria,True,3,Penitenciario,2026-09-03
1596,25,Femenino,Casado,Secundaria,True,4,Penitenciario,2026-09-03
1597,45,Masculino,Soltero,Secundaria,False,0,Penitenciario,2026-09-03
1598,62,Masculino,Soltero,Primaria,False,0,Penitenciario,2026-09-03
1599,38,Masculino,Casado,Secundaria,True,2,Penitenciario,2026-09-03
1600,29,Masculino,Casado,Secundaria,False,0,Penitenciario,2026-09-03
1601,35,Masculino,Soltero,Secundaria,False,0,Penitenciario,2026-09-03
1602,54,Masculino,Soltero,Secundaria,True,6,Penitenciario,2026-09-03
1603,30,Masculino,Soltero,Superior,False,0,Penitenciario,2026-09-03
1604,28,Masculino,Soltero,Técnico,True,4,Penitenciario,2026-09-03
1605,32,Masculino,Soltero,Secundaria,True,2,Penitenciario,2026-09-03
1606,26,Masculino,Casado,Secundaria,False,0,Penitenciario,2026-09-03
1607,39,Femenino,Soltero,Secundaria,True,2,Penitenciario,2026-09-03
1608,57,Masculino,Casado,Secundaria,True,3,Penitenciario,2026-09-03
1609,41,Masculino,Soltero,Secundaria,True,5,Penitenciario,2026-09-03
1610,34,Masculino,Soltero,Primaria,False,0,Penitenciario,2026-09-03
1611,34,Masculino,Soltero,Secundaria,False,0,Penitenciario,2026-09-03
1612,19,Femenino,Soltero,Secundaria,True,3,Penitenciario,2026-09-03
1613,48,Femenino,Divorciado,Secundaria,True,2,Penitenciario,2026-09-03
1614,37,Masculino,Soltero,Primaria,True,3,Penitenciario,2026-09-03
1615,35,Femenino,Soltero,Secundaria,True,4,Penitenciario,2026-09-03
1616,76,Masculino,Casado,Secundaria,False,0,Penitenciario,2026-09-03
1617,41,Masculino,Casado,Primaria,False,0,Penitenciario,2026-09-03
1618,28,Masculino,Soltero,Secundaria,True,2,Penitenciario,2026-09-03
1619,32,Femenino,Soltero,Técnico,True,3,Penitenciario,2026-09-03
1620,51,Masculino,Casado,Secundaria,True,6,Penitenciario,2026-09-03
1621,39,Masculino,Viudo,Primaria,False,0,Penitenciario,2026-09-03
1622,20,Femenino,Divorciado,Técnico,True,1,Penitenciario,2026-09-03
1623,49,Masculino,Soltero,Primaria,True,3,Penitenciario,2026-09-03
1624,29,Masculino,Viudo,Superior,True,1,Penitenciario,2026-09-03
1625,60,Femenino,Soltero,Primaria,True,1,Penitenciario,2026-09-03
1626,50,Masculino,Soltero,Sin escolaridad,True,1,Penitenciario,2026-09-03
1627,32,Masculino,Casado,Secundaria,True,3,Penitenciario,2026-09-03
1628,53,Masculino,Soltero,Secundaria,True,2,Penitenciario,2026-09-03
1629,38,Masculino,Soltero,Secundaria,True,4,Penitenciario,2026-09-03
1630,48,Masculino,Soltero,Secundaria,True,3,Penitenciario,2026-09-03
1631,43,Masculino,Soltero,Secundaria,False,0,Penitenciario,2026-09-03
1632,27,Masculino,Casado,Secundaria,True,3,Penitenciario,2026-09-03
1633,30,Masculino,Casado,Secundaria,False,0,Penitenciario,2026-09-03
1634,50,Femenino,Soltero,Primaria,True,3,Penitenciario,2026-09-03
1635,33,Femenino,Soltero,Sin escolaridad,True,6,Penitenciario,2026-09-03
1636,33,Masculino,Divorciado,Secundaria,False,0,Penitenciario,2026-09-03
1637,26,Masculino,Casado,Primaria,False,0,Penitenciario,2026-09-03
1638,43,Femenino,Soltero,Secundaria,True,5,Penitenciario,2026-09-03
1639,62,Masculino,Viudo,Secundaria,True,5,Penitenciario,2026-09-03
1640,25,Masculino,Casado,Primaria,False,0,Penitenciario,2026-09-03
1641,38,Femenino,Soltero,Secundaria,False,0,Penitenciario,2026-09-03
1642,54,Femenino,Soltero,Primaria,True,2,Penitenciario,2026-09-03
1643,37,Femenino,Soltero,Secundaria,False,0,Penitenciario,2026-09-03
1644,43,Femenino,Casado,Secundaria,False,0,Penitenciario,2026-09-03
1645,25,Masculino,Soltero,Secundaria,False,0,Penitenciario,2026-09-03
1646,43,Masculino,Soltero,Primaria,True,1,Penitenciario,2026-09-03
1647,35,Masculino,Soltero,Secundaria,False,0,Penitenciario,2026-09-03
1648,49,Masculino,Divorciado,Primaria,True,3,Penitenciario,2026-09-03
1649,52,Masculino,Soltero,Secundaria,True,8,Penitenciario,2026-09-03
1650,69,Femenino,Divorciado,Secundaria,False,0,Penitenciario,2026-09-03
1651,44,Femenino,Divorciado,Secundaria,True,2,Penitenciario,2026-09-03
1652,41,Masculino,Soltero,Técnico,False,0,Penitenciario,2026-09-03
1653,40,Femenino,Soltero,Secundaria,True,2,Penitenciario,2026-09-03
1654,33,Femenino,Soltero,Sin escolaridad,False,0,Penitenciario,2026-09-03
1655,42,Masculino,Divorciado,Primaria,True,3,Penitenciario,2026-09-03
1656,34,Masculino,Soltero,Técnico,False,0,Penitenciario,2026-09-03
1657,40,Masculino,Soltero,Sin escolaridad,True,2,Penitenciario,2026-09-03
1658,53,Masculino,Soltero,Secundaria,True,2,Penitenciario,2026-09-03
1659,25,Masculino,Soltero,Secundaria,False,0,Penitenciario,2026-09-03
1660,51,Masculino,Divorciado,Secundaria,True,1,Penitenciario,2026-09-03
1661,53,Masculino,Casado,Secundaria,False,0,Penitenciario,2026-09-03
1662,36,Masculino,Divorciado,Secundaria,True,2,Penitenciario,2026-09-03
1663,18,Femenino,Soltero,Secundaria,False,0,Penitenciario,2026-09-03
1664,30,Masculino,Soltero,Secundaria,True,1,Penitenciario,2026-09-03
1665,53,Femenino,Viudo,Secundaria,True,3,Penitenciario,2026-09-03
1666,37,Masculino,Soltero,Secundaria,True,7,Penitenciario,2026-09-03
1667,26,Masculino,Divorciado,Secundaria,False,0,Penitenciario,2026-09-03
1668,31,Femenino,Soltero,Secundaria,True,2,Penitenciario,2026-09-03
1669,48,Masculino,Soltero,Técnico,True,8,Penitenciario,2026-09-03
1670,44,Masculino,Casado,Primaria,True,2,Penitenciario,2026-09-03
1671,35,Femenino,Viudo,Primaria,True,3,Penitenciario,2026-09-03
1672,33,Masculino,Viudo,Técnico,False,0,Penitenciario,2026-09-03
1673,33,Masculino,Soltero,Secundaria,True,2,Penitenciario,2026-09-03
1674,26,Masculino,Soltero,Primaria,True,5,Penitenciario,2026-09-03
1675,57,Femenino,Soltero,Secundaria,False,0,Penitenciario,2026-09-03
1676,34,Masculino,Casado,Superior,False,0,Penitenciario,2026-09-03
1677,52,Masculino,Casado,Secundaria,False,0,Penitenciario,2026-09-03
1678,56,Masculino,Soltero,Secundaria,False,0,Penitenciario,2026-09-03
1679,49,Masculino,Viudo,Primaria,False,0,Penitenciario,2026-09-03
1680,32,Femenino,Casado,Técnico,True,4,Penitenciario,2026-09-03
1681,42,Masculino,Casado,Secundaria,True,3,Penitenciario,2026-09-03
1682,37,Masculino,Soltero,Técnico,False,0,Penitenciario,2026-09-03
1683,27,Masculino,Soltero,Primaria,False,0,Penitenciario,2026-09-03
1684,41,Femenino,Viudo,Primaria,True,2,Penitenciario,2026-09-03
1685,23,Masculino,Soltero,Secundaria,True,4,Penitenciario,2026-09-03
1686,52,Femenino,Divorciado,Primaria,True,4,Penitenciario,2026-09-03
1687,32,Femenino,Viudo,Secundaria,True,3,Penitenciario,2026-09-03
1688,40,Masculino,Casado,Superior,True,3,Penitenciario,2026-09-03
1689,41,Masculino,Soltero,Secundaria,False,0,Penitenciario,2026-09-03
1690,34,Masculino,Soltero,Técnico,False,0,Penitenciario,2026-09-03
1691,45,Femenino,Soltero,Secundaria,False,0,Penitenciario,2026-09-03
1692,32,Masculino,Soltero,Secundaria,True,4,Penitenciario,2026-09-03
1693,48,Masculino,Soltero,Secundaria,True,5,Penitenciario,2026-09-03
1694,21,Femenino,Soltero,Secundaria,True,4,Penitenciario,2026-09-03
1695,39,Masculino,Soltero,Secundaria,False,0,Penitenciario,2026-09-03
1696,61,Masculino,Soltero,Secundaria,False,0,Penitenciario,2026-09-03
1697,25,Masculino,Soltero,Secundaria,True,4,Penitenciario,2026-09-03
1698,29,Masculino,Soltero,Primaria,True,5,Penitenciario,2026-09-03
1699,44,Femenino,Soltero,Secundaria,True,4,Penitenciario,2026-09-03
1700,40,Masculino,Casado,Superior,True,3,Penitenciario,2026-09-03
1701,42,Masculino,Soltero,Secundaria,False,0,Penitenciario,2026-09-03
1702,43,Femenino,Soltero,Secundaria,True,3,Penitenciario,2026-09-03
1703,45,Masculino,Casado,Secundaria,True,4,Penitenciario,2026-09-03
1704,51,Femenino,Casado,Secundaria,False,0,Penitenciario,2026-09-03
1705,42,Femenino,Soltero,Secundaria,False,0,Penitenciario,2026-09-03
1706,35,Masculino,Casado,Técnico,False,0,Penitenciario,2026-09-03
1707,46,Masculino,Viudo,Secundaria,True,3,Penitenciario,2026-09-03
1708,60,Femenino,Casado,Primaria,False,0,Penitenciario,2026-09-03
1709,36,Masculino,Soltero,Secundaria,False,0,Penitenciario,2026-09-03
1710,26,Masculino,Casado,Secundaria,True,2,Penitenciario,2026-09-03
1711,51,Femenino,Soltero,Secundaria,True,3,Penitenciario,2026-09-03
1712,36,Masculino,Soltero,Primaria,True,2,Penitenciario,2026-09-03
1713,18,Femenino,Viudo,Sin escolaridad,True,1,Penitenciario,2026-09-03
1714,48,Masculino,Soltero,Técnico,False,0,Penitenciario,2026-09-03
1715,31,Masculino,Divorciado,Primaria,True,2,Penitenciario,2026-09-03
1716,36,Masculino,Soltero,Secundaria,True,2,Penitenciario,2026-09-03
1717,41,Femenino,Viudo,Secundaria,True,3,Penitenciario,2026-09-03
1718,40,Masculino,Soltero,Secundaria,False,0,Penitenciario,2026-09-03
1719,46,Femenino,Soltero,Primaria,True,6,Penitenciario,2026-09-03
1720,32,Masculino,Soltero,Secundaria,True,2,Penitenciario,2026-09-03
1721,44,Masculino,Soltero,Técnico,False,0,Penitenciario,2026-09-03
1722,34,Masculino,Soltero,Secundaria,False,0,Penitenciario,2026-09-03
1723,46,Masculino,Casado,Secundaria,True,3,Penitenciario,2026-09-03
1724,45,Masculino,Soltero,Secundaria,False,0,Penitenciario,2026-09-03
1725,26,Masculino,Casado,Primaria,True,2,Penitenciario,2026-09-03
1726,51,Masculino,Soltero,Técnico,True,5,Penitenciario,2026-09-03
1727,31,Femenino,Soltero,Técnico,True,1,Penitenciario,2026-09-03
1728,47,Masculino,Viudo,Superior,True,2,Penitenciario,2026-09-03
1729,42,Femenino,Soltero,Secundaria,True,4,Penitenciario,2026-09-03
1730,60,Masculino,Casado,Secundaria,True,2,Penitenciario,2026-09-03
1731,35,Masculino,Casado,Primaria,True,2,Penitenciario,2026-09-03
1732,33,Masculino,Soltero,Secundaria,False,0,Penitenciario,2026-09-03
1733,37,Masculino,Divorciado,Secundaria,False,0,Penitenciario,2026-09-03
1734,34,Masculino,Casado,Técnico,False,0,Penitenciario,2026-09-03
1735,47,Masculino,Soltero,Secundaria,True,3,Penitenciario,2026-09-03
1736,18,Masculino,Divorciado,Técnico,False,0,Penitenciario,2026-09-03
1737,25,Femenino,Soltero,Técnico,True,1,Penitenciario,2026-09-03
1738,25,Masculino,Soltero,Técnico,True,2,Penitenciario,2026-09-03
1739,49,Femenino,Viudo,Primaria,True,4,Penitenciario,2026-09-03
1740,58,Masculino,Casado,Secundaria,False,0,Penitenciario,2026-09-03
1741,36,Masculino,Casado,Secundaria,True,4,Penitenciario,2026-09-03
1742,35,Masculino,Casado,Secundaria,True,4,Penitenciario,2026-09-03
1743,38,Masculino,Casado,Primaria,True,2,Penitenciario,2026-09-03
1744,51,Masculino,Divorciado,Secundaria,False,0,Penitenciario,2026-09-03
1745,26,Masculino,Soltero,Primaria,True,4,Penitenciario,2026-09-03
1746,40,Masculino,Soltero,Secundaria,False,0,Penitenciario,2026-09-03
1747,49,Masculino,Soltero,Secundaria,True,1,Penitenciario,2026-09-03
1748,44,Masculino,Casado,Técnico,False,0,Penitenciario,2026-09-03
1749,40,Masculino,Soltero,Secundaria,True,4,Penitenciario,2026-09-03
1750,50,Masculino,Soltero,Secundaria,False,0,Penitenciario,2026-09-03
1751,18,Femenino,Soltero,Secundaria,True,4,Penitenciario,2026-09-03
1752,46,Femenino,Viudo,Primaria,True,2,Penitenciario,2026-09-03
1753,30,Masculino,Casado,Secundaria,False,0,Penitenciario,2026-09-03
1754,18,Femenino,Soltero,Primaria,True,2,Penitenciario,2026-09-03
1755,44,Femenino,Soltero,Superior,False,0,Penitenciario,2026-09-03
1756,54,Masculino,Soltero,Secundaria,True,5,Penitenciario,2026-09-03
1757,36,Masculino,Soltero,Primaria,False,0,Penitenciario,2026-09-03
1758,49,Femenino,Soltero,Secundaria,False,0,Penitenciario,2026-09-03
1759,57,Masculino,Divorciado,Secundaria,True,1,Penitenciario,2026-09-03
1760,53,Femenino,Viudo,Secundaria,True,5,Penitenciario,2026-09-03
1761,57,Masculino,Soltero,Sin escolaridad,True,2,Penitenciario,2026-09-03
1762,46,Masculino,Soltero,Superior,True,4,Penitenciario,2026-09-03
1763,38,Masculino,Soltero,Primaria,False,0,Penitenciario,2026-09-03
1764,18,Masculino,Soltero,Sin escolaridad,True,2,Penitenciario,2026-09-03
1765,35,Femenino,Soltero,Primaria,True,3,Penitenciario,2026-09-03
1766,27,Femenino,Soltero,Secundaria,True,2,Penitenciario,2026-09-03
1767,64,Masculino,Soltero,Primaria,True,2,Penitenciario,2026-09-03
1768,35,Masculino,Casado,Sin escolaridad,False,0,Penitenciario,2026-09-03
1769,39,Femenino,Casado,Secundaria,True,3,Penitenciario,2026-09-03
1770,44,Masculino,Casado,Secundaria,False,0,Penitenciario,2026-09-03
1771,38,Masculino,Soltero,Primaria,True,3,Penitenciario,2026-09-03
1772,58,Masculino,Divorciado,Primaria,True,2,Penitenciario,2026-09-03
1773,30,Femenino,Viudo,Secundaria,False,0,Penitenciario,2026-09-03
1774,40,Femenino,Soltero,Primaria,True,2,Penitenciario,2026-09-03
1775,29,Masculino,Soltero,Secundaria,False,0,Penitenciario,2026-09-03
1776,22,Masculino,Soltero,Primaria,True,5,Penitenciario,2026-09-03
1777,30,Femenino,Soltero,Sin escolaridad,False,0,Penitenciario,2026-09-03
1778,37,Masculino,Soltero,Secundaria,False,0,Penitenciario,2026-09-03
1779,32,Masculino,Soltero,Primaria,False,0,Penitenciario,2026-09-03
1780,29,Masculino,Soltero,Primaria,True,2,Penitenciario,2026-09-03
1781,21,Femenino,Soltero,Secundaria,True,3,Penitenciario,2026-09-03
1782,37,Masculino,Soltero,Técnico,False,0,Penitenciario,2026-09-03
1783,19,Masculino,Viudo,Secundaria,False,0,Penitenciario,2026-09-03
1784,47,Masculino,Soltero,Secundaria,False,0,Penitenciario,2026-09-03
1785,38,Masculino,Casado,Técnico,True,3,Penitenciario,2026-09-03
1786,20,Masculino,Soltero,Superior,False,0,Penitenciario,2026-09-03
1787,34,Masculino,Soltero,Secundaria,False,0,Penitenciario,2026-09-03
1788,28,Masculino,Soltero,Secundaria,True,1,Penitenciario,2026-09-03
1789,41,Masculino,Soltero,Secundaria,False,0,Penitenciario,2026-09-03
1790,54,Masculino,Soltero,Primaria,True,3,Penitenciario,2026-09-03
1791,18,Masculino,Soltero,Secundaria,True,1,Penitenciario,2026-09-03
1792,39,Femenino,Soltero,Superior,True,2,Penitenciario,2026-09-03
1793,36,Femenino,Casado,Secundaria,True,3,Penitenciario,2026-09-03
1794,46,Masculino,Soltero,Secundaria,False,0,Penitenciario,2026-09-03
1795,40,Femenino,Casado,Secundaria,False,0,Penitenciario,2026-09-03
1796,28,Masculino,Soltero,Secundaria,True,4,Penitenciario,2026-09-03
1797,34,Femenino,Casado,Secundaria,True,1,Penitenciario,2026-09-03
1798,28,Masculino,Soltero,Secundaria,False,0,Penitenciario,2026-09-03
1799,50,Masculino,Casado,Secundaria,True,2,Penitenciario,2026-09-03
1800,38,Masculino,Viudo,Secundaria,True,3,Penitenciario,2026-09-03
1801,60,Masculino,Divorciado,Técnico,False,0,Penitenciario,2026-09-03
1802,37,Femenino,Soltero,Técnico,False,0,Penitenciario,2026-09-03
1803,29,Masculino,Divorciado,Primaria,True,1,Penitenciario,2026-09-03
1804,19,Masculino,Soltero,Técnico,True,4,Penitenciario,2026-09-03
1805,18,Masculino,Viudo,Primaria,True,2,Penitenciario,2026-09-03
1806,18,Femenino,Soltero,Primaria,True,4,Penitenciario,2026-09-03
1807,41,Masculino,Soltero,Secundaria,True,5,Penitenciario,2026-09-03
1808,44,Masculino,Soltero,Primaria,True,4,Penitenciario,2026-09-03
1809,19,Femenino,Soltero,Primaria,False,0,Penitenciario,2026-09-03
1810,48,Masculino,Casado,Secundaria,True,2,Penitenciario,2026-09-03
1811,32,Masculino,Divorciado,Secundaria,False,0,Penitenciario,2026-09-03
1812,39,Femenino,Casado,Primaria,True,4,Penitenciario,2026-09-03
1813,57,Masculino,Casado,Secundaria,True,2,Penitenciario,2026-09-03
1814,48,Masculino,Casado,Secundaria,False,0,Penitenciario,2026-09-03
1815,34,Masculino,Soltero,Secundaria,True,2,Penitenciario,2026-09-03
1816,27,Femenino,Soltero,Técnico,True,2,Penitenciario,2026-09-03
1817,18,Masculino,Soltero,Secundaria,True,4,Penitenciario,2026-09-03
1818,29,Femenino,Soltero,Primaria,True,1,Penitenciario,2026-09-03
1819,35,Femenino,Soltero,Primaria,False,0,Penitenciario,2026-09-03
1820,26,Masculino,Soltero,Secundaria,True,3,Penitenciario,2026-09-03
1821,36,Femenino,Soltero,Secundaria,True,1,Penitenciario,2026-09-03
1822,38,Masculino,Soltero,Sin escolaridad,False,0,Penitenciario,2026-09-03
1823,35,Masculino,Divorciado,Primaria,True,4,Penitenciario,2026-09-03
1824,30,Femenino,Soltero,Secundaria,True,6,Penitenciario,2026-09-03
1825,40,Femenino,Soltero,Secundaria,False,0,Penitenciario,2026-09-03
1826,43,Masculino,Soltero,Secundaria,False,0,Penitenciario,2026-09-03
1827,24,Masculino,Soltero,Secundaria,True,3,Penitenciario,2026-09-03
1828,54,Masculino,Soltero,Secundaria,True,2,Penitenciario,2026-09-03
1829,36,Masculino,Soltero,Secundaria,False,0,Penitenciario,2026-09-03
1830,38,Masculino,Soltero,Secundaria,True,4,Penitenciario,2026-09-03
1831,46,Masculino,Soltero,Superior,False,0,Penitenciario,2026-09-03
1832,40,Masculino,Soltero,Secundaria,False,0,Penitenciario,2026-09-03
1833,49,Masculino,Soltero,Primaria,False,0,Penitenciario,2026-09-03
1834,41,Masculino,Casado,Primaria,True,3,Penitenciario,2026-09-03
1835,30,Femenino,Soltero,Secundaria,False,0,Penitenciario,2026-09-03
1836,42,Femenino,Soltero,Técnico,True,3,Penitenciario,2026-09-03
1837,24,Masculino,Soltero,Primaria,False,0,Penitenciario,2026-09-03
1838,39,Masculino,Casado,Primaria,False,0,Penitenciario,2026-09-03
1839,37,Masculino,Soltero,Técnico,True,3,Penitenciario,2026-09-03
1840,35,Masculino,Casado,Técnico,False,0,Penitenciario,2026-09-03
1841,36,Masculino,Casado,Primaria,False,0,Penitenciario,2026-09-03
1842,18,Femenino,Soltero,Secundaria,True,4,Penitenciario,2026-09-03
1843,31,Masculino,Soltero,Secundaria,True,5,Penitenciario,2026-09-03
1844,39,Masculino,Soltero,Primaria,True,2,Penitenciario,2026-09-03
1845,39,Masculino,Soltero,Técnico,True,2,Penitenciario,2026-09-03
1846,25,Masculino,Soltero,Primaria,False,0,Penitenciario,2026-09-03
1847,53,Masculino,Soltero,Sin escolaridad,False,0,Penitenciario,2026-09-03
1848,27,Femenino,Soltero,Primaria,True,4,Penitenciario,2026-09-03
1849,49,Masculino,Soltero,Primaria,True,1,Penitenciario,2026-09-03
1850,43,Masculino,Casado,Primaria,True,4,Penitenciario,2026-09-03
1851,30,Masculino,Soltero,Primaria,False,0,Penitenciario,2026-09-03
1852,59,Femenino,Divorciado,Secundaria,True,2,Penitenciario,2026-09-03
1853,23,Masculino,Viudo,Primaria,False,0,Penitenciario,2026-09-03
1854,49,Masculino,Viudo,Técnico,False,0,Penitenciario,2026-09-03
1855,50,Femenino,Casado,Secundaria,False,0,Penitenciario,2026-09-03
1856,29,Masculino,Soltero,Secundaria,True,1,Penitenciario,2026-09-03
1857,54,Masculino,Soltero,Primaria,False,0,Penitenciario,2026-09-03
1858,34,Masculino,Soltero,Primaria,True,2,Penitenciario,2026-09-03
1859,41,Masculino,Soltero,Secundaria,False,0,Penitenciario,2026-09-03
1860,41,Masculino,Casado,Secundaria,True,1,Penitenciario,2026-09-03
1861,36,Masculino,Viudo,Secundaria,False,0,Penitenciario,2026-09-03
1862,47,Masculino,Soltero,Secundaria,False,0,Penitenciario,2026-09-03
1863,47,Masculino,Soltero,Secundaria,False,0,Penitenciario,2026-09-03
1864,18,Masculino,Soltero,Secundaria,False,0,Penitenciario,2026-09-03
1865,53,Masculino,Soltero,Técnico,True,1,Penitenciario,2026-09-03
1866,18,Masculino,Soltero,Secundaria,False,0,Penitenciario,2026-09-03
1867,50,Femenino,Soltero,Superior,False,0,Penitenciario,2026-09-03
1868,51,Masculino,Casado,Secundaria,False,0,Penitenciario,2026-09-03
1869,24,Masculino,Soltero,Sin escolaridad,True,3,Penitenciario,2026-09-03
1870,33,Masculino,Divorciado,Primaria,False,0,Penitenciario,2026-09-03
1871,24,Masculino,Casado,Secundaria,True,3,Penitenciario,2026-09-03
1872,35,Masculino,Casado,Secundaria,True,2,Penitenciario,2026-09-03
1873,34,Masculino,Soltero,Secundaria,True,1,Penitenciario,2026-09-03
1874,47,Masculino,Divorciado,Secundaria,False,0,Penitenciario,2026-09-03
1875,53,Masculino,Casado,Primaria,True,5,Penitenciario,2026-09-03
1876,54,Femenino,Soltero,Primaria,True,2,Penitenciario,2026-09-03
1877,31,Masculino,Soltero,Primaria,True,4,Penitenciario,2026-09-03
1878,35,Masculino,Divorciado,Secundaria,True,2,Penitenciario,2026-09-03
1879,18,Masculino,Soltero,Secundaria,True,1,Penitenciario,2026-09-03
1880,28,Masculino,Soltero,Primaria,False,0,Penitenciario,2026-09-03
1881,49,Masculino,Soltero,Secundaria,True,1,Penitenciario,2026-09-03
1882,57,Masculino,Casado,Primaria,False,0,Penitenciario,2026-09-03
1883,23,Masculino,Casado,Primaria,True,2,Penitenciario,2026-09-03
1884,30,Femenino,Soltero,Secundaria,True,3,Penitenciario,2026-09-03
1885,37,Femenino,Soltero,Secundaria,True,2,Penitenciario,2026-09-03
1886,41,Masculino,Viudo,Secundaria,True,3,Penitenciario,2026-09-03
1887,28,Masculino,Casado,Secundaria,True,3,Penitenciario,2026-09-03
1888,43,Femenino,Divorciado,Técnico,True,3,Penitenciario,2026-09-03
1889,32,Masculino,Soltero,Primaria,True,2,Penitenciario,2026-09-03
1890,37,Masculino,Soltero,Secundaria,False,0,Penitenciario,2026-09-03
1891,44,Masculino,Soltero,Secundaria,False,0,Penitenciario,2026-09-03
1892,38,Masculino,Casado,Secundaria,False,0,Penitenciario,2026-09-03
1893,32,Masculino,Soltero,Secundaria,True,4,Penitenciario,2026-09-03
1894,36,Masculino,Soltero,Primaria,True,2,Penitenciario,2026-09-03
1895,36,Masculino,Soltero,Primaria,True,3,Penitenciario,2026-09-03
1896,33,Masculino,Soltero,Secundaria,False,0,Penitenciario,2026-09-03
1897,34,Femenino,Casado,Secundaria,True,1,Penitenciario,2026-09-03
1898,57,Masculino,Soltero,Primaria,True,6,Penitenciario,2026-09-03
1899,44,Masculino,Casado,Primaria,False,0,Penitenciario,2026-09-03
1900,34,Masculino,Divorciado,Secundaria,True,4,Penitenciario,2026-09-03
1901,46,Femenino,Soltero,Primaria,True,7,Penitenciario,2026-09-03
1902,33,Femenino,Casado,Primaria,False,0,Penitenciario,2026-09-03
1903,52,Masculino,Viudo,Primaria,False,0,Penitenciario,2026-09-03
1904,42,Masculino,Viudo,Primaria,True,2,Penitenciario,2026-09-03
1905,36,Femenino,Soltero,Secundaria,True,2,Penitenciario,2026-09-03
1906,43,Masculino,Soltero,Secundaria,True,2,Penitenciario,2026-09-03
1907,19,Masculino,Soltero,Sin escolaridad,True,1,Penitenciario,2026-09-03
1908,24,Masculino,Casado,Primaria,True,5,Penitenciario,2026-09-03
1909,23,Masculino,Casado,Primaria,False,0,Penitenciario,2026-09-03
1910,39,Masculino,Casado,Secundaria,False,0,Penitenciario,2026-09-03
1911,58,Masculino,Soltero,Primaria,True,1,Penitenciario,2026-09-03
1912,64,Masculino,Soltero,Secundaria,False,0,Penitenciario,2026-09-03
1913,45,Femenino,Soltero,Primaria,False,0,Penitenciario,2026-09-03
1914,44,Femenino,Soltero,Primaria,True,3,Penitenciario,2026-09-03
1915,18,Femenino,Casado,Primaria,False,0,Penitenciario,2026-09-03
1916,31,Femenino,Soltero,Primaria,True,5,Penitenciario,2026-09-03
1917,28,Masculino,Soltero,Secundaria,True,4,Penitenciario,2026-09-03
1918,30,Masculino,Soltero,Secundaria,True,3,Penitenciario,2026-09-03
1919,35,Masculino,Soltero,Secundaria,True,2,Penitenciario,2026-09-03
1920,32,Femenino,Soltero,Primaria,False,0,Penitenciario,2026-09-03
1921,18,Masculino,Soltero,Primaria,False,0,Penitenciario,2026-09-03
1922,46,Femenino,Soltero,Primaria,True,3,Penitenciario,2026-09-03
1923,25,Masculino,Soltero,Secundaria,True,3,Penitenciario,2026-09-03
1924,40,Femenino,Soltero,Primaria,True,2,Penitenciario,2026-09-03
1925,62,Masculino,Casado,Secundaria,True,3,Penitenciario,2026-09-03
1926,26,Masculino,Soltero,Primaria,True,3,Penitenciario,2026-09-03
1927,18,Femenino,Casado,Primaria,True,1,Penitenciario,2026-09-03
1928,34,Masculino,Casado,Técnico,True,1,Penitenciario,2026-09-03
1929,51,Femenino,Soltero,Secundaria,False,0,Penitenciario,2026-09-03
1930,61,Masculino,Viudo,Secundaria,True,6,Penitenciario,2026-09-03
1931,23,Masculino,Soltero,Secundaria,True,2,Penitenciario,2026-09-03
1932,43,Masculino,Casado,Secundaria,True,8,Penitenciario,2026-09-03
1933,32,Masculino,Viudo,Primaria,False,0,Penitenciario,2026-09-03
1934,36,Masculino,Divorciado,Secundaria,False,0,Penitenciario,2026-09-03
1935,69,Masculino,Soltero,Primaria,True,2,Penitenciario,2026-09-03
1936,19,Masculino,Soltero,Secundaria,True,5,Penitenciario,2026-09-03
1937,41,Masculino,Soltero,Secundaria,False,0,Penitenciario,2026-09-03
1938,43,Masculino,Casado,Secundaria,True,3,Penitenciario,2026-09-03
1939,51,Masculino,Casado,Secundaria,False,0,Penitenciario,2026-09-03
1940,39,Femenino,Soltero,Secundaria,True,1,Penitenciario,2026-09-03
1941,41,Masculino,Soltero,Primaria,False,0,Penitenciario,2026-09-03
1942,33,Masculino,Casado,Primaria,False,0,Penitenciario,2026-09-03
1943,41,Masculino,Soltero,Sin escolaridad,True,5,Penitenciario,2026-09-03
1944,33,Masculino,Divorciado,Secundaria,False,0,Penitenciario,2026-09-03
1945,45,Masculino,Casado,Superior,True,3,Penitenciario,2026-09-03
1946,33,Femenino,Soltero,Primaria,True,3,Penitenciario,2026-09-03
1947,42,Femenino,Casado,Primaria,False,0,Penitenciario,2026-09-03
1948,37,Masculino,Soltero,Secundaria,True,2,Penitenciario,2026-09-03
1949,51,Masculino,Soltero,Técnico,True,1,Penitenciario,2026-09-03
1950,37,Femenino,Viudo,Secundaria,True,2,Penitenciario,2026-09-03
1951,18,Masculino,Divorciado,Sin escolaridad,False,0,Penitenciario,2026-09-03
1952,53,Masculino,Soltero,Superior,True,4,Penitenciario,2026-09-03
1953,27,Masculino,Soltero,Secundaria,False,0,Penitenciario,2026-09-03
1954,30,Masculino,Soltero,Primaria,True,3,Penitenciario,2026-09-03
1955,30,Femenino,Soltero,Técnico,False,0,Penitenciario,2026-09-03
1956,54,Masculino,Soltero,Secundaria,True,5,Penitenciario,2026-09-03
1957,18,Masculino,Soltero,Secundaria,False,0,Penitenciario,2026-09-03
1958,75,Masculino,Soltero,Secundaria,False,0,Penitenciario,2026-09-03
1959,50,Femenino,Soltero,Secundaria,False,0,Penitenciario,2026-09-03
1960,40,Femenino,Soltero,Secundaria,True,1,Penitenciario,2026-09-03
1961,37,Masculino,Viudo,Primaria,True,1,Penitenciario,2026-09-03
1962,41,Masculino,Casado,Superior,True,4,Penitenciario,2026-09-03
1963,44,Masculino,Soltero,Primaria,True,2,Penitenciario,2026-09-03
1964,45,Femenino,Soltero,Secundaria,True,5,Penitenciario,2026-09-03
1965,44,Femenino,Soltero,Secundaria,True,4,Penitenciario,2026-09-03
1966,39,Masculino,Soltero,Primaria,False,0,Penitenciario,2026-09-03
1967,35,Femenino,Soltero,Primaria,True,4,Penitenciario,2026-09-03
1968,36,Masculino,Casado,Técnico,True,2,Penitenciario,2026-09-03
1969,35,Masculino,Casado,Secundaria,False,0,Penitenciario,2026-09-03
1970,51,Masculino,Casado,Secundaria,False,0,Penitenciario,2026-09-03
1971,45,Masculino,Soltero,Secundaria,True,6,Penitenciario,2026-09-03
1972,18,Masculino,Divorciado,Secundaria,True,2,Penitenciario,2026-09-03
1973,45,Masculino,Divorciado,Secundaria,False,0,Penitenciario,2026-09-03
1974,40,Masculino,Soltero,Primaria,False,0,Penitenciario,2026-09-03
1975,37,Masculino,Soltero,Secundaria,True,2,Penitenciario,2026-09-03
1976,33,Masculino,Soltero,Técnico,False,0,Penitenciario,2026-09-03
1977,51,Masculino,Soltero,Secundaria,False,0,Penitenciario,2026-09-03
1978,49,Masculino,Casado,Primaria,True,3,Penitenciario,2026-09-03
1979,28,Masculino,Soltero,Técnico,False,0,Penitenciario,2026-09-03
1980,42,Masculino,Soltero,Secundaria,True,1,Penitenciario,2026-09-03
1981,26,Femenino,Soltero,Primaria,True,2,Penitenciario,2026-09-03
1982,21,Femenino,Soltero,Superior,True,2,Penitenciario,2026-09-03
1983,30,Femenino,Divorciado,Secundaria,True,1,Penitenciario,2026-09-03
1984,48,Masculino,Soltero,Primaria,False,0,Penitenciario,2026-09-03
1985,49,Masculino,Casado,Primaria,False,0,Penitenciario,2026-09-03
1986,44,Masculino,Soltero,Secundaria,False,0,Penitenciario,2026-09-03
1987,46,Masculino,Soltero,Secundaria,True,6,Penitenciario,2026-09-03
1988,44,Masculino,Soltero,Primaria,True,5,Penitenciario,2026-09-03
1989,30,Masculino,Casado,Primaria,False,0,Penitenciario,2026-09-03
1990,43,Femenino,Soltero,Primaria,True,1,Penitenciario,2026-09-03
1991,47,Masculino,Soltero,Secundaria,False,0,Penitenciario,2026-09-03
1992,47,Femenino,Soltero,Primaria,True,2,Penitenciario,2026-09-03
1993,52,Femenino,Soltero,Primaria,True,3,Penitenciario,2026-09-03
1994,46,Masculino,Viudo,Secundaria,True,4,Penitenciario,2026-09-03
1995,42,Femenino,Soltero,Secundaria,True,4,Penitenciario,2026-09-03
1996,50,Masculino,Soltero,Secundaria,False,0,Penitenciario,2026-09-03
1997,37,Femenino,Soltero,Secundaria,False,0,Penitenciario,2026-09-03
1998,27,Masculino,Divorciado,Secundaria,True,5,Penitenciario,2026-09-03
1999,36,Femenino,Soltero,Secundaria,False,0,Penitenciario,2026-09-03
2000,29,Masculino,Casado,Superior,False,0,Penitenciario,2026-09-03
2001,29,Femenino,Divorciado,Secundaria,True,5,Penitenciario,2026-09-03
2002,36,Masculino,Soltero,Primaria,False,0,Penitenciario,2026-09-03
2003,28,Masculino,Soltero,Secundaria,True,3,Penitenciario,2026-09-03
2004,34,Femenino,Soltero,Secundaria,True,2,Penitenciario,2026-09-03
2005,18,Femenino,Casado,Secundaria,True,6,Penitenciario,2026-09-03
2006,40,Masculino,Soltero,Secundaria,False,0,Penitenciario,2026-09-03
2007,38,Masculino,Soltero,Secundaria,True,2,Penitenciario,2026-09-03
2008,28,Masculino,Casado,Secundaria,False,0,Penitenciario,2026-09-03
2009,45,Femenino,Soltero,Secundaria,False,0,Penitenciario,2026-09-03
2010,49,Femenino,Soltero,Técnico,True,7,Penitenciario,2026-09-03
2011,18,Femenino,Soltero,Secundaria,True,4,Penitenciario,2026-09-03
2012,28,Masculino,Soltero,Secundaria,False,0,Penitenciario,2026-09-03
2013,28,Masculino,Soltero,Superior,True,2,Penitenciario,2026-09-03
2014,26,Masculino,Soltero,Primaria,True,2,Penitenciario,2026-09-03
2015,47,Femenino,Divorciado,Primaria,True,3,Penitenciario,2026-09-03
2016,35,Masculino,Soltero,Técnico,False,0,Penitenciario,2026-09-03
2017,34,Femenino,Divorciado,Secundaria,True,5,Penitenciario,2026-09-03
2018,18,Masculino,Casado,Técnico,True,2,Penitenciario,2026-09-03
2019,45,Masculino,Soltero,Primaria,False,0,Penitenciario,2026-09-03
2020,23,Masculino,Casado,Secundaria,True,2,Penitenciario,2026-09-03
2021,38,Masculino,Soltero,Primaria,True,5,Penitenciario,2026-09-03
2022,41,Masculino,Viudo,Secundaria,True,1,Penitenciario,2026-09-03
2023,54,Masculino,Divorciado,Primaria,True,2,Penitenciario,2026-09-03
2024,22,Masculino,Soltero,Primaria,False,0,Penitenciario,2026-09-03
2025,18,Femenino,Soltero,Sin escolaridad,False,0,Penitenciario,2026-09-03
2026,40,Masculino,Soltero,Secundaria,False,0,Penitenciario,2026-09-03
2027,59,Masculino,Soltero,Secundaria,False,0,Penitenciario,2026-09-03
2028,52,Masculino,Soltero,Primaria,True,4,Penitenciario,2026-09-03
2029,40,Masculino,Soltero,Primaria,True,3,Penitenciario,2026-09-03
2030,32,Femenino,Casado,Primaria,True,1,Penitenciario,2026-09-03
2031,47,Masculino,Soltero,Técnico,False,0,Penitenciario,2026-09-03
2032,26,Femenino,Casado,Primaria,True,2,Penitenciario,2026-09-03
2033,43,Masculino,Casado,Primaria,True,3,Penitenciario,2026-09-03
2034,44,Masculino,Soltero,Secundaria,True,2,Penitenciario,2026-09-03
2035,50,Masculino,Divorciado,Secundaria,True,1,Penitenciario,2026-09-03
2036,71,Masculino,Soltero,Secundaria,True,2,Penitenciario,2026-09-03
2037,42,Masculino,Soltero,Secundaria,True,4,Penitenciario,2026-09-03
2038,31,Femenino,Casado,Técnico,False,0,Penitenciario,2026-09-03
2039,37,Masculino,Soltero,Primaria,True,1,Penitenciario,2026-09-03
2040,18,Masculino,Soltero,Superior,True,4,Penitenciario,2026-09-03
2041,29,Masculino,Divorciado,Secundaria,False,0,Penitenciario,2026-09-03
2042,33,Masculino,Viudo,Secundaria,False,0,Penitenciario,2026-09-03
2043,31,Masculino,Casado,Secundaria,False,0,Penitenciario,2026-09-03
2044,39,Masculino,Casado,Secundaria,False,0,Penitenciario,2026-09-03
2045,28,Masculino,Soltero,Primaria,False,0,Penitenciario,2026-09-03
2046,51,Masculino,Soltero,Primaria,True,4,Penitenciario,2026-09-03
2047,38,Masculino,Casado,Superior,True,3,Penitenciario,2026-09-03
2048,37,Femenino,Soltero,Secundaria,False,0,Penitenciario,2026-09-03
2049,34,Masculino,Soltero,Secundaria,False,0,Penitenciario,2026-09-03
2050,39,Masculino,Soltero,Secundaria,True,2,Penitenciario,2026-09-03
2051,47,Femenino,Casado,Secundaria,True,5,Penitenciario,2026-09-03
2052,27,Masculino,Soltero,Sin escolaridad,True,2,Penitenciario,2026-09-03
2053,30,Masculino,Casado,Secundaria,True,4,Penitenciario,2026-09-03
2054,34,Masculino,Soltero,Secundaria,True,2,Penitenciario,2026-09-03
2055,21,Masculino,Soltero,Primaria,True,4,Penitenciario,2026-09-03
2056,28,Masculino,Soltero,Superior,True,3,Penitenciario,2026-09-03
2057,32,Femenino,Soltero,Primaria,False,0,Penitenciario,2026-09-03
2058,48,Femenino,Divorciado,Secundaria,False,0,Penitenciario,2026-09-03
2059,41,Femenino,Soltero,Primaria,False,0,Penitenciario,2026-09-03
2060,40,Femenino,Soltero,Secundaria,True,3,Penitenciario,2026-09-03
2061,48,Masculino,Soltero,Secundaria,False,0,Penitenciario,2026-09-03
2062,36,Masculino,Soltero,Secundaria,False,0,Penitenciario,2026-09-03
2063,42,Femenino,Soltero,Secundaria,True,4,Penitenciario,2026-09-03
2064,36,Femenino,Soltero,Sin escolaridad,True,1,Penitenciario,2026-09-03
2065,41,Masculino,Viudo,Secundaria,True,3,Penitenciario,2026-09-03
2066,31,Femenino,Casado,Secundaria,True,4,Penitenciario,2026-09-03
2067,18,Masculino,Soltero,Superior,True,3,Penitenciario,2026-09-03
2068,36,Masculino,Soltero,Secundaria,True,5,Penitenciario,2026-09-03
2069,55,Masculino,Soltero,Primaria,True,6,Penitenciario,2026-09-03
2070,49,Masculino,Soltero,Primaria,True,4,Penitenciario,2026-09-03
2071,49,Masculino,Casado,Técnico,False,0,Penitenciario,2026-09-03
2072,52,Masculino,Divorciado,Secundaria,True,1,Penitenciario,2026-09-03
2073,39,Masculino,Soltero,Primaria,True,1,Penitenciario,2026-09-03
2074,40,Masculino,Casado,Secundaria,False,0,Penitenciario,2026-09-03
2075,30,Masculino,Soltero,Secundaria,False,0,Penitenciario,2026-09-03
2076,34,Femenino,Soltero,Superior,True,2,Penitenciario,2026-09-03
2077,45,Masculino,Soltero,Técnico,False,0,Penitenciario,2026-09-03
2078,52,Masculino,Soltero,Superior,False,0,Penitenciario,2026-09-03
2079,36,Masculino,Divorciado,Técnico,True,4,Penitenciario,2026-09-03
2080,32,Masculino,Soltero,Técnico,True,2,Penitenciario,2026-09-03
2081,38,Femenino,Soltero,Primaria,False,0,Penitenciario,2026-09-03
2082,45,Masculino,Viudo,Secundaria,True,2,Penitenciario,2026-09-03
2083,20,Femenino,Divorciado,Secundaria,True,4,Penitenciario,2026-09-03
2084,18,Masculino,Casado,Superior,False,0,Penitenciario,2026-09-03
2085,31,Masculino,Divorciado,Secundaria,False,0,Penitenciario,2026-09-03
2086,23,Masculino,Soltero,Primaria,True,4,Penitenciario,2026-09-03
2087,31,Masculino,Casado,Secundaria,True,1,Penitenciario,2026-09-03
2088,36,Masculino,Casado,Secundaria,True,3,Penitenciario,2026-09-03
2089,32,Masculino,Divorciado,Primaria,False,0,Penitenciario,2026-09-03
2090,55,Masculino,Casado,Secundaria,False,0,Penitenciario,2026-09-03
2091,41,Masculino,Soltero,Secundaria,True,3,Penitenciario,2026-09-03
2092,41,Femenino,Casado,Secundaria,True,4,Penitenciario,2026-09-03
2093,45,Masculino,Soltero,Secundaria,True,2,Penitenciario,2026-09-03
2094,24,Masculino,Soltero,Primaria,False,0,Penitenciario,2026-09-03
2095,50,Masculino,Soltero,Técnico,True,2,Penitenciario,2026-09-03
2096,37,Masculino,Divorciado,Secundaria,True,2,Penitenciario,2026-09-03
2097,46,Masculino,Soltero,Sin escolaridad,True,2,Penitenciario,2026-09-03
2098,25,Femenino,Soltero,Secundaria,True,5,Penitenciario,2026-09-03
2099,19,Femenino,Soltero,Secundaria,True,3,Penitenciario,2026-09-03
2100,47,Masculino,Viudo,Sin escolaridad,False,0,Penitenciario,2026-09-03
2101,42,Masculino,Soltero,Secundaria,True,3,Penitenciario,2026-09-03
2102,27,Masculino,Casado,Secundaria,True,5,Penitenciario,2026-09-03
2103,27,Masculino,Divorciado,Secundaria,True,3,Penitenciario,2026-09-03
2104,51,Masculino,Soltero,Secundaria,False,0,Penitenciario,2026-09-03
2105,23,Masculino,Soltero,Secundaria,False,0,Penitenciario,2026-09-03
2106,57,Masculino,Casado,Primaria,False,0,Penitenciario,2026-09-03
2107,27,Masculino,Divorciado,Superior,False,0,Penitenciario,2026-09-03
2108,45,Masculino,Casado,Primaria,False,0,Penitenciario,2026-09-03
2109,34,Masculino,Soltero,Secundaria,False,0,Penitenciario,2026-09-03
2110,45,Masculino,Divorciado,Primaria,True,2,Penitenciario,2026-09-03
2111,31,Masculino,Soltero,Primaria,False,0,Penitenciario,2026-09-03
2112,36,Femenino,Soltero,Secundaria,True,2,Penitenciario,2026-09-03
2113,38,Masculino,Casado,Primaria,True,9,Penitenciario,2026-09-03
2114,25,Femenino,Soltero,Secundaria,True,1,Penitenciario,2026-09-03
2115,46,Masculino,Casado,Primaria,True,4,Penitenciario,2026-09-03
2116,31,Masculino,Soltero,Secundaria,True,5,Penitenciario,2026-09-03
2117,35,Masculino,Divorciado,Secundaria,False,0,Penitenciario,2026-09-03
2118,26,Masculino,Soltero,Primaria,True,5,Penitenciario,2026-09-03
2119,18,Femenino,Soltero,Técnico,False,0,Penitenciario,2026-09-03
2120,35,Masculino,Casado,Primaria,False,0,Penitenciario,2026-09-03
2121,66,Masculino,Soltero,Primaria,True,3,Penitenciario,2026-09-03
2122,47,Masculino,Soltero,Secundaria,True,3,Penitenciario,2026-09-03
2123,37,Femenino,Viudo,Secundaria,True,3,Penitenciario,2026-09-03
2124,34,Masculino,Soltero,Secundaria,True,5,Penitenciario,2026-09-03
2125,38,Femenino,Viudo,Primaria,False,0,Penitenciario,2026-09-03
2126,44,Femenino,Soltero,Secundaria,True,3,Penitenciario,2026-09-03
2127,23,Masculino,Soltero,Secundaria,True,2,Penitenciario,2026-09-03
2128,51,Femenino,Casado,Primaria,True,3,Penitenciario,2026-09-03
2129,46,Femenino,Casado,Secundaria,True,3,Penitenciario,2026-09-03
2130,46,Masculino,Soltero,Secundaria,True,3,Penitenciario,2026-09-03
2131,43,Masculino,Soltero,Secundaria,True,1,Penitenciario,2026-09-03
2132,38,Masculino,Casado,Primaria,False,0,Penitenciario,2026-09-03
2133,46,Masculino,Soltero,Secundaria,False,0,Penitenciario,2026-09-03
2134,45,Masculino,Soltero,Primaria,True,2,Penitenciario,2026-09-03
2135,33,Masculino,Soltero,Secundaria,False,0,Penitenciario,2026-09-03
2136,31,Masculino,Soltero,Secundaria,False,0,Penitenciario,2026-09-03
2137,39,Masculino,Soltero,Secundaria,False,0,Penitenciario,2026-09-03
2138,56,Masculino,Soltero,Secundaria,False,0,Penitenciario,2026-09-03
2139,23,Femenino,Soltero,Técnico,True,8,Penitenciario,2026-09-03
2140,20,Femenino,Soltero,Secundaria,False,0,Penitenciario,2026-09-03
2141,39,Masculino,Soltero,Secundaria,True,2,Penitenciario,2026-09-03
2142,38,Masculino,Casado,Primaria,False,0,Penitenciario,2026-09-03
2143,40,Masculino,Soltero,Secundaria,False,0,Penitenciario,2026-09-03
2144,40,Femenino,Divorciado,Secundaria,False,0,Penitenciario,2026-09-03
2145,35,Masculino,Casado,Secundaria,True,4,Penitenciario,2026-09-03
2146,55,Masculino,Soltero,Superior,False,0,Penitenciario,2026-09-03
2147,18,Femenino,Casado,Técnico,True,2,Penitenciario,2026-09-03
2148,28,Femenino,Soltero,Secundaria,False,0,Penitenciario,2026-09-03
2149,36,Femenino,Casado,Secundaria,True,4,Penitenciario,2026-09-03
2150,18,Femenino,Viudo,Secundaria,True,6,Penitenciario,2026-09-03
2151,35,Masculino,Soltero,Primaria,True,2,Penitenciario,2026-09-03
2152,57,Masculino,Casado,Primaria,True,2,Penitenciario,2026-09-03
2153,38,Masculino,Soltero,Secundaria,False,0,Penitenciario,2026-09-03
2154,40,Masculino,Soltero,Secundaria,True,4,Penitenciario,2026-09-03
2155,22,Femenino,Divorciado,Técnico,False,0,Penitenciario,2026-09-03
2156,30,Masculino,Soltero,Primaria,True,4,Penitenciario,2026-09-03
2157,33,Masculino,Soltero,Secundaria,False,0,Penitenciario,2026-09-03
2158,34,Femenino,Soltero,Secundaria,True,4,Penitenciario,2026-09-03
2159,53,Masculino,Casado,Secundaria,True,2,Penitenciario,2026-09-03
2160,44,Femenino,Soltero,Técnico,True,3,Penitenciario,2026-09-03
2161,24,Femenino,Divorciado,Superior,False,0,Penitenciario,2026-09-03
2162,40,Masculino,Soltero,Primaria,False,0,Penitenciario,2026-09-03
2163,43,Masculino,Soltero,Primaria,True,5,Penitenciario,2026-09-03
2164,51,Masculino,Casado,Primaria,True,4,Penitenciario,2026-09-03
2165,56,Masculino,Soltero,Secundaria,False,0,Penitenciario,2026-09-03
2166,25,Masculino,Casado,Secundaria,False,0,Penitenciario,2026-09-03
2167,28,Masculino,Soltero,Secundaria,True,5,Penitenciario,2026-09-03
2168,22,Femenino,Soltero,Secundaria,False,0,Penitenciario,2026-09-03
2169,35,Masculino,Soltero,Secundaria,True,5,Penitenciario,2026-09-03
2170,43,Femenino,Divorciado,Secundaria,True,3,Penitenciario,2026-09-03
2171,49,Masculino,Soltero,Secundaria,True,2,Penitenciario,2026-09-03
2172,37,Masculino,Casado,Secundaria,True,3,Penitenciario,2026-09-03
2173,34,Femenino,Soltero,Primaria,True,3,Penitenciario,2026-09-03
2174,39,Masculino,Soltero,Secundaria,False,0,Penitenciario,2026-09-03
2175,27,Masculino,Soltero,Secundaria,True,2,Penitenciario,2026-09-03
2176,63,Masculino,Divorciado,Secundaria,True,3,Penitenciario,2026-09-03
2177,18,Femenino,Casado,Técnico,True,10,Penitenciario,2026-09-03
2178,40,Masculino,Casado,Técnico,True,3,Penitenciario,2026-09-03
2179,62,Masculino,Soltero,Secundaria,True,4,Penitenciario,2026-09-03
2180,38,Masculino,Soltero,Secundaria,True,3,Penitenciario,2026-09-03
2181,35,Femenino,Soltero,Secundaria,True,2,Penitenciario,2026-09-03
2182,33,Femenino,Divorciado,Secundaria,True,2,Penitenciario,2026-09-03
2183,35,Masculino,Soltero,Primaria,True,2,Penitenciario,2026-09-03
2184,54,Femenino,Soltero,Primaria,False,0,Penitenciario,2026-09-03
2185,18,Masculino,Soltero,Primaria,False,0,Penitenciario,2026-09-03
2186,56,Masculino,Soltero,Primaria,False,0,Penitenciario,2026-09-03
2187,20,Masculino,Soltero,Secundaria,False,0,Penitenciario,2026-09-03
2188,34,Masculino,Divorciado,Superior,True,3,Penitenciario,2026-09-03
2189,32,Masculino,Soltero,Primaria,True,3,Penitenciario,2026-09-03
2190,45,Masculino,Divorciado,Técnico,False,0,Penitenciario,2026-09-03
2191,18,Masculino,Casado,Primaria,True,2,Penitenciario,2026-09-03
2192,43,Femenino,Soltero,Primaria,True,5,Penitenciario,2026-09-03
2193,62,Masculino,Soltero,Secundaria,False,0,Penitenciario,2026-09-03
2194,21,Masculino,Soltero,Secundaria,True,1,Penitenciario,2026-09-03
2195,40,Femenino,Divorciado,Sin escolaridad,True,2,Penitenciario,2026-09-03
2196,30,Masculino,Soltero,Primaria,True,5,Penitenciario,2026-09-03
2197,43,Masculino,Soltero,Secundaria,False,0,Penitenciario,2026-09-03
2198,38,Femenino,Soltero,Primaria,False,0,Penitenciario,2026-09-03
2199,30,Masculino,Soltero,Secundaria,True,3,Penitenciario,2026-09-03
2200,43,Masculino,Soltero,Secundaria,False,0,Penitenciario,2026-09-03
2201,59,Masculino,Soltero,Primaria,False,0,Penitenciario,2026-09-03
2202,35,Femenino,Casado,Técnico,False,0,Penitenciario,2026-09-03
2203,46,Masculino,Casado,Primaria,True,3,Penitenciario,2026-09-03
2204,22,Femenino,Soltero,Secundaria,True,3,Penitenciario,2026-09-03
2205,26,Masculino,Soltero,Secundaria,True,5,Penitenciario,2026-09-03
2206,43,Masculino,Divorciado,Superior,True,4,Penitenciario,2026-09-03
2207,55,Femenino,Soltero,Secundaria,True,5,Penitenciario,2026-09-03
2208,42,Masculino,Divorciado,Secundaria,True,4,Penitenciario,2026-09-03
2209,34,Masculino,Soltero,Primaria,True,2,Penitenciario,2026-09-03
2210,37,Masculino,Casado,Secundaria,True,2,Penitenciario,2026-09-03
2211,22,Femenino,Soltero,Secundaria,True,5,Penitenciario,2026-09-03
2212,45,Masculino,Soltero,Secundaria,False,0,Penitenciario,2026-09-03
2213,48,Masculino,Divorciado,Técnico,False,0,Penitenciario,2026-09-03
2214,32,Masculino,Soltero,Primaria,False,0,Penitenciario,2026-09-03
2215,32,Femenino,Soltero,Técnico,False,0,Penitenciario,2026-09-03
2216,41,Masculino,Soltero,Técnico,False,0,Penitenciario,2026-09-03
2217,32,Masculino,Casado,Secundaria,True,2,Penitenciario,2026-09-03
2218,37,Masculino,Soltero,Secundaria,True,1,Penitenciario,2026-09-03
2219,63,Masculino,Casado,Secundaria,False,0,Penitenciario,2026-09-03
2220,35,Masculino,Soltero,Superior,True,1,Penitenciario,2026-09-03
2221,33,Masculino,Soltero,Primaria,False,0,Penitenciario,2026-09-03
2222,30,Masculino,Casado,Secundaria,True,5,Penitenciario,2026-09-03
2223,46,Femenino,Soltero,Secundaria,True,2,Penitenciario,2026-09-03
2224,35,Femenino,Soltero,Técnico,True,2,Penitenciario,2026-09-03
2225,30,Masculino,Soltero,Secundaria,True,3,Penitenciario,2026-09-03
2226,53,Femenino,Soltero,Secundaria,False,0,Penitenciario,2026-09-03
2227,55,Masculino,Casado,Primaria,True,4,Penitenciario,2026-09-03
2228,30,Femenino,Soltero,Secundaria,False,0,Penitenciario,2026-09-03
2229,18,Masculino,Soltero,Primaria,False,0,Penitenciario,2026-09-03
2230,50,Masculino,Soltero,Técnico,False,0,Penitenciario,2026-09-03
2231,29,Femenino,Soltero,Secundaria,False,0,Penitenciario,2026-09-03
2232,47,Femenino,Soltero,Secundaria,True,4,Penitenciario,2026-09-03
2233,18,Masculino,Viudo,Secundaria,False,0,Penitenciario,2026-09-03
2234,48,Masculino,Divorciado,Secundaria,True,3,Penitenciario,2026-09-03
2235,23,Masculino,Soltero,Primaria,True,4,Penitenciario,2026-09-03
2236,46,Masculino,Soltero,Primaria,False,0,Penitenciario,2026-09-03
2237,38,Masculino,Divorciado,Primaria,False,0,Penitenciario,2026-09-03
2238,26,Masculino,Soltero,Secundaria,True,1,Penitenciario,2026-09-03
2239,33,Femenino,Soltero,Primaria,False,0,Penitenciario,2026-09-03
2240,46,Masculino,Casado,Secundaria,False,0,Penitenciario,2026-09-03
2241,39,Masculino,Soltero,Secundaria,True,2,Penitenciario,2026-09-03
2242,45,Masculino,Soltero,Secundaria,False,0,Penitenciario,2026-09-03
2243,61,Masculino,Viudo,Primaria,False,0,Penitenciario,2026-09-03
2244,19,Masculino,Casado,Primaria,True,3,Penitenciario,2026-09-03
2245,57,Masculino,Soltero,Primaria,True,3,Penitenciario,2026-09-03
2246,39,Femenino,Soltero,Secundaria,False,0,Penitenciario,2026-09-03
2247,27,Femenino,Soltero,Primaria,False,0,Penitenciario,2026-09-03
2248,22,Masculino,Casado,Secundaria,False,0,Penitenciario,2026-09-03
2249,35,Masculino,Soltero,Secundaria,False,0,Penitenciario,2026-09-03
2250,49,Masculino,Soltero,Primaria,True,3,Penitenciario,2026-09-03
2251,36,Femenino,Divorciado,Secundaria,True,4,Penitenciario,2026-09-03
2252,56,Femenino,Soltero,Secundaria,False,0,Penitenciario,2026-09-03
2253,20,Masculino,Soltero,Secundaria,False,0,Penitenciario,2026-09-03
2254,37,Masculino,Soltero,Primaria,True,5,Penitenciario,2026-09-03
2255,22,Femenino,Soltero,Primaria,True,2,Penitenciario,2026-09-03
2256,42,Masculino,Soltero,Primaria,False,0,Penitenciario,2026-09-03
2257,48,Masculino,Divorciado,Secundaria,True,3,Penitenciario,2026-09-03
2258,32,Femenino,Divorciado,Secundaria,True,2,Penitenciario,2026-09-03
2259,18,Femenino,Soltero,Secundaria,True,6,Penitenciario,2026-09-03
2260,40,Masculino,Soltero,Técnico,True,2,Penitenciario,2026-09-03
2261,43,Masculino,Soltero,Primaria,True,3,Penitenciario,2026-09-03
2262,42,Masculino,Soltero,Sin escolaridad,False,0,Penitenciario,2026-09-03
2263,52,Masculino,Soltero,Secundaria,False,0,Penitenciario,2026-09-03
2264,25,Masculino,Divorciado,Primaria,False,0,Penitenciario,2026-09-03
2265,46,Masculino,Soltero,Primaria,False,0,Penitenciario,2026-09-03
2266,52,Femenino,Soltero,Secundaria,True,1,Penitenciario,2026-09-03
2267,18,Femenino,Soltero,Primaria,True,3,Penitenciario,2026-09-03
2268,41,Masculino,Soltero,Secundaria,True,1,Penitenciario,2026-09-03
2269,31,Masculino,Soltero,Primaria,False,0,Penitenciario,2026-09-03
2270,37,Masculino,Soltero,Secundaria,False,0,Penitenciario,2026-09-03
2271,42,Masculino,Soltero,Secundaria,True,4,Penitenciario,2026-09-03
2272,32,Masculino,Casado,Primaria,False,0,Penitenciario,2026-09-03
2273,29,Masculino,Soltero,Técnico,False,0,Penitenciario,2026-09-03
2274,38,Femenino,Soltero,Secundaria,True,4,Penitenciario,2026-09-03
2275,24,Masculino,Soltero,Técnico,False,0,Penitenciario,2026-09-03
2276,24,Femenino,Divorciado,Primaria,True,2,Penitenciario,2026-09-03
2277,46,Femenino,Soltero,Secundaria,True,5,Penitenciario,2026-09-03
2278,24,Masculino,Soltero,Secundaria,False,0,Penitenciario,2026-09-03
2279,45,Masculino,Soltero,Secundaria,True,4,Penitenciario,2026-09-03
2280,43,Femenino,Casado,Secundaria,False,0,Penitenciario,2026-09-03
2281,18,Femenino,Soltero,Secundaria,True,2,Penitenciario,2026-09-03
2282,29,Masculino,Soltero,Técnico,False,0,Penitenciario,2026-09-03
2283,52,Masculino,Soltero,Secundaria,True,2,Penitenciario,2026-09-03
2284,26,Masculino,Soltero,Primaria,False,0,Penitenciario,2026-09-03
2285,32,Femenino,Soltero,Secundaria,False,0,Penitenciario,2026-09-03
2286,43,Masculino,Soltero,Secundaria,True,3,Penitenciario,2026-09-03
2287,47,Masculino,Casado,Secundaria,False,0,Penitenciario,2026-09-03
2288,34,Femenino,Casado,Secundaria,True,4,Penitenciario,2026-09-03
2289,30,Masculino,Soltero,Superior,False,0,Penitenciario,2026-09-03
2290,55,Masculino,Soltero,Secundaria,True,5,Penitenciario,2026-09-03
2291,58,Masculino,Soltero,Primaria,False,0,Penitenciario,2026-09-03
2292,49,Femenino,Soltero,Primaria,False,0,Penitenciario,2026-09-03
2293,39,Masculino,Divorciado,Superior,False,0,Penitenciario,2026-09-03
2294,28,Masculino,Viudo,Secundaria,True,5,Penitenciario,2026-09-03
2295,28,Masculino,Soltero,Técnico,False,0,Penitenciario,2026-09-03
2296,44,Masculino,Soltero,Primaria,True,7,Penitenciario,2026-09-03
2297,43,Masculino,Soltero,Secundaria,True,4,Penitenciario,2026-09-03
2298,54,Masculino,Casado,Secundaria,True,2,Penitenciario,2026-09-03
2299,45,Masculino,Casado,Primaria,True,2,Penitenciario,2026-09-03
2300,19,Femenino,Casado,Secundaria,True,4,Penitenciario,2026-09-03
2301,50,Femenino,Casado,Secundaria,False,0,Penitenciario,2026-09-03
2302,26,Masculino,Soltero,Secundaria,True,3,Penitenciario,2026-09-03
2303,33,Masculino,Casado,Secundaria,False,0,Penitenciario,2026-09-03
2304,41,Masculino,Casado,Secundaria,True,4,Penitenciario,2026-09-03
2305,61,Femenino,Soltero,Técnico,True,2,Penitenciario,2026-09-03
2306,75,Masculino,Soltero,Secundaria,False,0,Penitenciario,2026-09-03
2307,45,Masculino,Casado,Secundaria,False,0,Penitenciario,2026-09-03
2308,35,Masculino,Soltero,Secundaria,True,4,Penitenciario,2026-09-03
2309,44,Masculino,Casado,Secundaria,False,0,Penitenciario,2026-09-03
2310,48,Masculino,Casado,Secundaria,True,2,Penitenciario,2026-09-03
2311,34,Masculino,Casado,Primaria,False,0,Penitenciario,2026-09-03
2312,59,Masculino,Casado,Secundaria,False,0,Penitenciario,2026-09-03
2313,40,Femenino,Soltero,Primaria,True,2,Penitenciario,2026-09-03
2314,43,Masculino,Casado,Secundaria,True,5,Penitenciario,2026-09-03
2315,45,Masculino,Soltero,Primaria,False,0,Penitenciario,2026-09-03
2316,43,Masculino,Soltero,Primaria,False,0,Penitenciario,2026-09-03
2317,48,Masculino,Soltero,Superior,False,0,Penitenciario,2026-09-03
2318,30,Masculino,Soltero,Secundaria,False,0,Penitenciario,2026-09-03
2319,31,Masculino,Soltero,Secundaria,False,0,Penitenciario,2026-09-03
2320,24,Masculino,Viudo,Secundaria,False,0,Penitenciario,2026-09-03
2321,43,Masculino,Soltero,Secundaria,True,3,Penitenciario,2026-09-03
2322,47,Masculino,Soltero,Secundaria,False,0,Penitenciario,2026-09-03
2323,43,Masculino,Soltero,Secundaria,True,1,Penitenciario,2026-09-03
2324,58,Femenino,Soltero,Superior,True,1,Penitenciario,2026-09-03
2325,37,Masculino,Casado,Primaria,False,0,Penitenciario,2026-09-03
2326,46,Masculino,Soltero,Técnico,True,4,Penitenciario,2026-09-03
2327,24,Masculino,Casado,Secundaria,False,0,Penitenciario,2026-09-03
2328,33,Masculino,Casado,Secundaria,False,0,Penitenciario,2026-09-03
2329,46,Masculino,Soltero,Primaria,False,0,Penitenciario,2026-09-03
2330,48,Masculino,Divorciado,Secundaria,True,1,Penitenciario,2026-09-03
2331,34,Femenino,Soltero,Secundaria,True,2,Penitenciario,2026-09-03
2332,37,Masculino,Soltero,Superior,False,0,Penitenciario,2026-09-03
2333,19,Masculino,Divorciado,Superior,True,2,Penitenciario,2026-09-03
2334,33,Femenino,Divorciado,Superior,True,5,Penitenciario,2026-09-03
2335,48,Femenino,Soltero,Primaria,True,5,Penitenciario,2026-09-03
2336,44,Masculino,Soltero,Superior,True,5,Penitenciario,2026-09-03
2337,44,Masculino,Soltero,Secundaria,False,0,Penitenciario,2026-09-03
2338,38,Masculino,Soltero,Técnico,True,2,Penitenciario,2026-09-03
2339,38,Masculino,Viudo,Primaria,False,0,Penitenciario,2026-09-03
2340,30,Masculino,Soltero,Secundaria,False,0,Penitenciario,2026-09-03
2341,46,Masculino,Soltero,Superior,False,0,Penitenciario,2026-09-03
2342,43,Femenino,Divorciado,Técnico,True,3,Penitenciario,2026-09-03
2343,43,Masculino,Soltero,Secundaria,False,0,Penitenciario,2026-09-03
2344,31,Masculino,Soltero,Secundaria,True,3,Penitenciario,2026-09-03
2345,18,Masculino,Divorciado,Primaria,False,0,Penitenciario,2026-09-03
2346,51,Femenino,Casado,Secundaria,False,0,Penitenciario,2026-09-03
2347,32,Masculino,Casado,Secundaria,True,1,Penitenciario,2026-09-03
2348,27,Masculino,Soltero,Primaria,False,0,Penitenciario,2026-09-03
2349,46,Masculino,Casado,Primaria,False,0,Penitenciario,2026-09-03
2350,33,Masculino,Soltero,Primaria,True,3,Penitenciario,2026-09-03
2351,50,Masculino,Soltero,Secundaria,True,4,Penitenciario,2026-09-03
2352,45,Masculino,Viudo,Primaria,False,0,Penitenciario,2026-09-03
2353,46,Masculino,Soltero,Secundaria,True,2,Penitenciario,2026-09-03
2354,21,Masculino,Casado,Secundaria,True,4,Penitenciario,2026-09-03
2355,52,Masculino,Soltero,Secundaria,True,1,Penitenciario,2026-09-03
2356,41,Masculino,Soltero,Secundaria,True,2,Penitenciario,2026-09-03
2357,33,Masculino,Casado,Secundaria,True,3,Penitenciario,2026-09-03
2358,39,Masculino,Soltero,Secundaria,True,2,Penitenciario,2026-09-03
2359,18,Masculino,Casado,Secundaria,False,0,Penitenciario,2026-09-03
2360,42,Masculino,Soltero,Secundaria,True,4,Penitenciario,2026-09-03
2361,25,Femenino,Divorciado,Técnico,False,0,Penitenciario,2026-09-03
2362,21,Masculino,Soltero,Primaria,False,0,Penitenciario,2026-09-03
2363,19,Masculino,Soltero,Primaria,False,0,Penitenciario,2026-09-03
2364,51,Masculino,Soltero,Secundaria,False,0,Penitenciario,2026-09-03
2365,30,Femenino,Divorciado,Secundaria,False,0,Penitenciario,2026-09-03
2366,56,Femenino,Casado,Secundaria,True,2,Penitenciario,2026-09-03
2367,31,Masculino,Casado,Primaria,False,0,Penitenciario,2026-09-03
2368,18,Masculino,Soltero,Secundaria,True,6,Penitenciario,2026-09-03
2369,24,Masculino,Soltero,Sin escolaridad,True,2,Penitenciario,2026-09-03
2370,52,Masculino,Soltero,Secundaria,False,0,Penitenciario,2026-09-03
2371,36,Femenino,Soltero,Primaria,True,1,Penitenciario,2026-09-03
2372,31,Masculino,Soltero,Secundaria,False,0,Penitenciario,2026-09-03
2373,39,Masculino,Viudo,Superior,False,0,Penitenciario,2026-09-03
2374,44,Femenino,Casado,Secundaria,True,1,Penitenciario,2026-09-03
2375,51,Femenino,Soltero,Secundaria,True,4,Penitenciario,2026-09-03
2376,55,Masculino,Soltero,Secundaria,True,1,Penitenciario,2026-09-03
2377,33,Masculino,Casado,Superior,False,0,Penitenciario,2026-09-03
2378,22,Masculino,Soltero,Secundaria,True,6,Penitenciario,2026-09-03
2379,33,Femenino,Soltero,Primaria,True,1,Penitenciario,2026-09-03
2380,41,Femenino,Soltero,Secundaria,False,0,Penitenciario,2026-09-03
2381,26,Masculino,Soltero,Secundaria,False,0,Penitenciario,2026-09-03
2382,26,Masculino,Casado,Sin escolaridad,False,0,Penitenciario,2026-09-03
2383,42,Femenino,Soltero,Primaria,True,1,Penitenciario,2026-09-03
2384,37,Masculino,Soltero,Técnico,True,2,Penitenciario,2026-09-03
2385,38,Masculino,Soltero,Técnico,True,3,Penitenciario,2026-09-03
2386,28,Femenino,Casado,Secundaria,True,5,Penitenciario,2026-09-03
2387,35,Masculino,Soltero,Superior,True,2,Penitenciario,2026-09-03
2388,26,Masculino,Soltero,Secundaria,False,0,Penitenciario,2026-09-03
2389,48,Femenino,Divorciado,Sin escolaridad,True,4,Penitenciario,2026-09-03
2390,50,Femenino,Viudo,Primaria,True,4,Penitenciario,2026-09-03
2391,18,Masculino,Viudo,Sin escolaridad,False,0,Penitenciario,2026-09-03
2392,26,Masculino,Casado,Primaria,True,2,Penitenciario,2026-09-03
2393,20,Masculino,Soltero,Primaria,True,1,Penitenciario,2026-09-03
2394,30,Masculino,Soltero,Secundaria,False,0,Penitenciario,2026-09-03
2395,36,Masculino,Soltero,Secundaria,False,0,Penitenciario,2026-09-03
2396,20,Femenino,Soltero,Técnico,True,2,Penitenciario,2026-09-03
2397,26,Masculino,Viudo,Secundaria,True,4,Penitenciario,2026-09-03
2398,25,Masculino,Casado,Técnico,True,1,Penitenciario,2026-09-03
2399,40,Masculino,Casado,Secundaria,True,1,Penitenciario,2026-09-03
2400,38,Femenino,Soltero,Técnico,False,0,Penitenciario,2026-09-03
2401,29,Masculino,Divorciado,Secundaria,False,0,Penitenciario,2026-09-03
2402,40,Masculino,Casado,Primaria,False,0,Penitenciario,2026-09-03
2403,31,Masculino,Soltero,Técnico,True,2,Penitenciario,2026-09-03
2404,34,Masculino,Divorciado,Secundaria,False,0,Penitenciario,2026-09-03
2405,58,Masculino,Soltero,Secundaria,True,4,Penitenciario,2026-09-03
2406,54,Masculino,Soltero,Primaria,False,0,Penitenciario,2026-09-03
2407,22,Masculino,Casado,Secundaria,False,0,Penitenciario,2026-09-03
2408,47,Masculino,Casado,Superior,False,0,Penitenciario,2026-09-03
2409,47,Masculino,Soltero,Sin escolaridad,True,3,Penitenciario,2026-09-03
2410,24,Masculino,Soltero,Técnico,True,2,Penitenciario,2026-09-03
2411,47,Masculino,Viudo,Sin escolaridad,False,0,Penitenciario,2026-09-03
2412,56,Masculino,Casado,Secundaria,True,1,Penitenciario,2026-09-03
2413,24,Masculino,Casado,Primaria,True,1,Penitenciario,2026-09-03
2414,26,Masculino,Soltero,Secundaria,True,3,Penitenciario,2026-09-03
2415,50,Masculino,Soltero,Primaria,False,0,Penitenciario,2026-09-03
2416,41,Masculino,Soltero,Secundaria,True,3,Penitenciario,2026-09-03
2417,44,Masculino,Soltero,Primaria,False,0,Penitenciario,2026-09-03
2418,42,Masculino,Soltero,Primaria,True,2,Penitenciario,2026-09-03
2419,42,Femenino,Soltero,Secundaria,True,2,Penitenciario,2026-09-03
2420,22,Femenino,Soltero,Primaria,True,1,Penitenciario,2026-09-03
2421,50,Masculino,Soltero,Primaria,True,3,Penitenciario,2026-09-03
2422,52,Masculino,Casado,Primaria,True,2,Penitenciario,2026-09-03
2423,35,Masculino,Soltero,Secundaria,True,1,Penitenciario,2026-09-03
2424,37,Masculino,Soltero,Secundaria,True,2,Penitenciario,2026-09-03
2425,19,Masculino,Soltero,Sin escolaridad,False,0,Penitenciario,2026-09-03
2426,44,Masculino,Soltero,Primaria,True,4,Penitenciario,2026-09-03
2427,44,Masculino,Soltero,Secundaria,False,0,Penitenciario,2026-09-03
2428,37,Femenino,Viudo,Primaria,True,4,Penitenciario,2026-09-03
2429,51,Masculino,Casado,Técnico,True,5,Penitenciario,2026-09-03
2430,33,Femenino,Soltero,Secundaria,True,1,Penitenciario,2026-09-03
2431,44,Femenino,Soltero,Secundaria,False,0,Penitenciario,2026-09-03
2432,25,Masculino,Soltero,Primaria,True,2,Penitenciario,2026-09-03
2433,37,Masculino,Casado,Secundaria,False,0,Penitenciario,2026-09-03
2434,35,Masculino,Soltero,Secundaria,True,3,Penitenciario,2026-09-03
2435,40,Masculino,Soltero,Secundaria,False,0,Penitenciario,2026-09-03
2436,33,Masculino,Casado,Secundaria,True,4,Penitenciario,2026-09-03
2437,36,Masculino,Casado,Secundaria,True,5,Penitenciario,2026-09-03
2438,47,Masculino,Casado,Secundaria,True,4,Penitenciario,2026-09-03
2439,32,Femenino,Divorciado,Primaria,True,3,Penitenciario,2026-09-03
2440,18,Masculino,Divorciado,Secundaria,False,0,Penitenciario,2026-09-03
2441,58,Femenino,Soltero,Primaria,False,0,Penitenciario,2026-09-03
2442,54,Masculino,Soltero,Secundaria,True,7,Penitenciario,2026-09-03
2443,22,Femenino,Casado,Secundaria,True,3,Penitenciario,2026-09-03
2444,46,Masculino,Casado,Secundaria,False,0,Penitenciario,2026-09-03
2445,31,Masculino,Viudo,Secundaria,False,0,Penitenciario,2026-09-03
2446,41,Femenino,Soltero,Primaria,True,4,Penitenciario,2026-09-03
2447,41,Masculino,Soltero,Primaria,False,0,Penitenciario,2026-09-03
2448,35,Masculino,Soltero,Secundaria,False,0,Penitenciario,2026-09-03
2449,28,Masculino,Soltero,Técnico,True,2,Penitenciario,2026-09-03
2450,29,Masculino,Soltero,Secundaria,True,2,Penitenciario,2026-09-03
2451,27,Masculino,Casado,Primaria,False,0,Penitenciario,2026-09-03
2452,28,Femenino,Soltero,Técnico,True,4,Penitenciario,2026-09-03
2453,37,Masculino,Casado,Superior,False,0,Penitenciario,2026-09-03
2454,29,Masculino,Casado,Secundaria,False,0,Penitenciario,2026-09-03
2455,46,Femenino,Soltero,Secundaria,True,2,Penitenciario,2026-09-03
2456,55,Masculino,Soltero,Secundaria,False,0,Penitenciario,2026-09-03
2457,31,Masculino,Casado,Secundaria,False,0,Penitenciario,2026-09-03
2458,40,Femenino,Casado,Superior,False,0,Penitenciario,2026-09-03
2459,43,Masculino,Divorciado,Primaria,False,0,Penitenciario,2026-09-03
2460,43,Masculino,Divorciado,Secundaria,True,3,Penitenciario,2026-09-03
2461,38,Masculino,Viudo,Secundaria,True,3,Penitenciario,2026-09-03
2462,46,Masculino,Soltero,Técnico,False,0,Penitenciario,2026-09-03
2463,43,Masculino,Divorciado,Técnico,True,3,Penitenciario,2026-09-03
2464,23,Masculino,Casado,Superior,True,6,Penitenciario,2026-09-03
2465,48,Femenino,Divorciado,Secundaria,True,2,Penitenciario,2026-09-03
2466,48,Masculino,Soltero,Secundaria,True,1,Penitenciario,2026-09-03
2467,28,Masculino,Viudo,Secundaria,False,0,Penitenciario,2026-09-03
2468,38,Femenino,Soltero,Secundaria,True,3,Penitenciario,2026-09-03
2469,46,Masculino,Casado,Primaria,False,0,Penitenciario,2026-09-03
2470,35,Femenino,Soltero,Secundaria,False,0,Penitenciario,2026-09-03
2471,50,Masculino,Soltero,Superior,False,0,Penitenciario,2026-09-03
2472,66,Femenino,Soltero,Primaria,True,3,Penitenciario,2026-09-03
2473,28,Masculino,Soltero,Primaria,False,0,Penitenciario,2026-09-03
2474,21,Masculino,Soltero,Secundaria,False,0,Penitenciario,2026-09-03
2475,41,Masculino,Casado,Secundaria,False,0,Penitenciario,2026-09-03
2476,46,Masculino,Soltero,Superior,True,2,Penitenciario,2026-09-03
2477,35,Femenino,Soltero,Primaria,True,7,Penitenciario,2026-09-03
2478,55,Masculino,Soltero,Primaria,False,0,Penitenciario,2026-09-03
2479,21,Masculino,Soltero,Secundaria,False,0,Penitenciario,2026-09-03
2480,46,Femenino,Soltero,Primaria,False,0,Penitenciario,2026-09-03
2481,30,Masculino,Soltero,Primaria,True,4,Penitenciario,2026-09-03
2482,58,Masculino,Soltero,Primaria,False,0,Penitenciario,2026-09-03
2483,61,Masculino,Casado,Primaria,True,3,Penitenciario,2026-09-03
2484,28,Masculino,Soltero,Primaria,True,4,Penitenciario,2026-09-03
2485,31,Masculino,Soltero,Superior,True,2,Penitenciario,2026-09-03
2486,48,Femenino,Soltero,Primaria,False,0,Penitenciario,2026-09-03
2487,33,Masculino,Viudo,Secundaria,True,3,Penitenciario,2026-09-03
2488,37,Masculino,Soltero,Técnico,False,0,Penitenciario,2026-09-03
2489,38,Femenino,Soltero,Secundaria,True,4,Penitenciario,2026-09-03
2490,18,Masculino,Soltero,Secundaria,False,0,Penitenciario,2026-09-03
2491,37,Masculino,Soltero,Secundaria,False,0,Penitenciario,2026-09-03
2492,29,Masculino,Soltero,Secundaria,False,0,Penitenciario,2026-09-03
2493,32,Masculino,Soltero,Técnico,True,4,Penitenciario,2026-09-03
2494,55,Masculino,Soltero,Secundaria,True,4,Penitenciario,2026-09-03
2495,22,Masculino,Soltero,Técnico,False,0,Penitenciario,2026-09-03
2496,47,Masculino,Soltero,Secundaria,True,1,Penitenciario,2026-09-03
2497,34,Femenino,Casado,Primaria,True,3,Penitenciario,2026-09-03
2498,34,Masculino,Viudo,Técnico,False,0,Penitenciario,2026-09-03
2499,47,Femenino,Soltero,Secundaria,True,4,Penitenciario,2026-09-03
2500,42,Masculino,Casado,Técnico,True,2,Penitenciario,2026-09-03
2501,44,Masculino,Viudo,Sin escolaridad,True,3,Penitenciario,2026-09-03
2502,49,Masculino,Casado,Secundaria,False,0,Penitenciario,2026-09-03
2503,34,Femenino,Soltero,Técnico,False,0,Penitenciario,2026-09-03
2504,30,Masculino,Casado,Primaria,True,2,Penitenciario,2026-09-03
2505,24,Masculino,Soltero,Técnico,True,3,Penitenciario,2026-09-03
2506,28,Femenino,Soltero,Superior,True,3,Penitenciario,2026-09-03
2507,73,Masculino,Soltero,Técnico,True,4,Penitenciario,2026-09-03
2508,52,Femenino,Soltero,Secundaria,False,0,Penitenciario,2026-09-03
2509,21,Masculino,Soltero,Secundaria,False,0,Penitenciario,2026-09-03
2510,22,Femenino,Soltero,Técnico,True,2,Penitenciario,2026-09-03
2511,43,Femenino,Casado,Secundaria,True,2,Penitenciario,2026-09-03
2512,44,Masculino,Soltero,Secundaria,True,1,Penitenciario,2026-09-03
2513,44,Masculino,Soltero,Superior,True,3,Penitenciario,2026-09-03
2514,34,Masculino,Soltero,Secundaria,False,0,Penitenciario,2026-09-03
2515,36,Femenino,Soltero,Superior,True,3,Penitenciario,2026-09-03
2516,41,Masculino,Soltero,Primaria,True,1,Penitenciario,2026-09-03
2517,39,Masculino,Viudo,Primaria,True,1,Penitenciario,2026-09-03
2518,18,Masculino,Soltero,Secundaria,True,1,Penitenciario,2026-09-03
2519,35,Masculino,Soltero,Secundaria,True,4,Penitenciario,2026-09-03
2520,27,Masculino,Divorciado,Secundaria,False,0,Penitenciario,2026-09-03
2521,40,Masculino,Soltero,Primaria,False,0,Penitenciario,2026-09-03
2522,73,Masculino,Divorciado,Superior,True,6,Penitenciario,2026-09-03
2523,42,Masculino,Soltero,Primaria,True,3,Penitenciario,2026-09-03
2524,34,Masculino,Soltero,Secundaria,True,5,Penitenciario,2026-09-03
2525,49,Masculino,Soltero,Primaria,True,3,Penitenciario,2026-09-03
2526,43,Femenino,Soltero,Secundaria,False,0,Penitenciario,2026-09-03
2527,43,Femenino,Soltero,Primaria,True,2,Penitenciario,2026-09-03
2528,45,Masculino,Divorciado,Primaria,True,2,Penitenciario,2026-09-03
2529,62,Masculino,Casado,Secundaria,False,0,Penitenciario,2026-09-03
2530,24,Masculino,Casado,Primaria,False,0,Penitenciario,2026-09-03
2531,43,Masculino,Casado,Primaria,True,3,Penitenciario,2026-09-03
2532,26,Masculino,Soltero,Secundaria,False,0,Penitenciario,2026-09-03
2533,44,Masculino,Casado,Primaria,False,0,Penitenciario,2026-09-03
2534,26,Masculino,Soltero,Secundaria,False,0,Penitenciario,2026-09-03
2535,32,Femenino,Casado,Sin escolaridad,True,2,Penitenciario,2026-09-03
2536,34,Masculino,Soltero,Primaria,False,0,Penitenciario,2026-09-03
2537,49,Masculino,Casado,Secundaria,False,0,Penitenciario,2026-09-03
2538,49,Masculino,Divorciado,Primaria,True,2,Penitenciario,2026-09-03
2539,23,Femenino,Soltero,Técnico,False,0,Penitenciario,2026-09-03
2540,38,Masculino,Soltero,Técnico,False,0,Penitenciario,2026-09-03
2541,29,Masculino,Soltero,Primaria,False,0,Penitenciario,2026-09-03
2542,22,Masculino,Soltero,Superior,False,0,Penitenciario,2026-09-03
2543,35,Masculino,Casado,Primaria,True,3,Penitenciario,2026-09-03
2544,34,Masculino,Viudo,Primaria,False,0,Penitenciario,2026-09-03
2545,67,Masculino,Soltero,Sin escolaridad,True,4,Penitenciario,2026-09-03
2546,43,Masculino,Soltero,Secundaria,False,0,Penitenciario,2026-09-03
2547,21,Masculino,Casado,Secundaria,False,0,Penitenciario,2026-09-03
2548,31,Masculino,Soltero,Primaria,False,0,Penitenciario,2026-09-03
2549,50,Femenino,Soltero,Secundaria,True,3,Penitenciario,2026-09-03
2550,63,Masculino,Divorciado,Secundaria,True,3,Penitenciario,2026-09-03
2551,18,Femenino,Casado,Secundaria,True,2,Penitenciario,2026-09-03
2552,18,Masculino,Soltero,Secundaria,True,3,Penitenciario,2026-09-03
2553,60,Masculino,Soltero,Técnico,False,0,Penitenciario,2026-09-03
2554,42,Masculino,Casado,Primaria,True,1,Penitenciario,2026-09-03
2555,27,Masculino,Casado,Primaria,True,3,Penitenciario,2026-09-03
2556,44,Femenino,Casado,Secundaria,True,7,Penitenciario,2026-09-03
2557,18,Femenino,Soltero,Secundaria,True,1,Penitenciario,2026-09-03
2558,38,Masculino,Divorciado,Secundaria,True,2,Penitenciario,2026-09-03
2559,41,Masculino,Soltero,Primaria,False,0,Penitenciario,2026-09-03
2560,49,Masculino,Casado,Secundaria,False,0,Penitenciario,2026-09-03
2561,25,Masculino,Soltero,Secundaria,True,3,Penitenciario,2026-09-03
2562,39,Masculino,Soltero,Secundaria,False,0,Penitenciario,2026-09-03
2563,26,Masculino,Viudo,Primaria,True,3,Penitenciario,2026-09-03
2564,41,Femenino,Soltero,Secundaria,False,0,Penitenciario,2026-09-03
2565,27,Masculino,Soltero,Secundaria,True,2,Penitenciario,2026-09-03
2566,33,Femenino,Casado,Secundaria,False,0,Penitenciario,2026-09-03
2567,26,Femenino,Casado,Técnico,True,7,Penitenciario,2026-09-03
2568,45,Femenino,Casado,Secundaria,True,1,Penitenciario,2026-09-03
2569,48,Masculino,Soltero,Sin escolaridad,False,0,Penitenciario,2026-09-03
2570,35,Masculino,Soltero,Secundaria,False,0,Penitenciario,2026-09-03
2571,38,Masculino,Divorciado,Secundaria,False,0,Penitenciario,2026-09-03
2572,20,Masculino,Soltero,Secundaria,False,0,Penitenciario,2026-09-03
2573,34,Masculino,Divorciado,Secundaria,False,0,Penitenciario,2026-09-03
2574,37,Femenino,Soltero,Primaria,False,0,Penitenciario,2026-09-03
2575,69,Femenino,Casado,Secundaria,False,0,Penitenciario,2026-09-03
2576,24,Femenino,Soltero,Secundaria,False,0,Penitenciario,2026-09-03
2577,55,Femenino,Soltero,Superior,True,2,Penitenciario,2026-09-03
2578,49,Masculino,Divorciado,Secundaria,False,0,Penitenciario,2026-09-03
2579,41,Masculino,Soltero,Secundaria,True,2,Penitenciario,2026-09-03
2580,59,Masculino,Casado,Secundaria,True,4,Penitenciario,2026-09-03
2581,42,Masculino,Casado,Secundaria,True,2,Penitenciario,2026-09-03
2582,42,Femenino,Casado,Secundaria,True,5,Penitenciario,2026-09-03
2583,37,Masculino,Divorciado,Secundaria,True,2,Penitenciario,2026-09-03
2584,52,Masculino,Soltero,Superior,False,0,Penitenciario,2026-09-03
2585,51,Masculino,Soltero,Secundaria,True,3,Penitenciario,2026-09-03
2586,30,Masculino,Soltero,Primaria,False,0,Penitenciario,2026-09-03
2587,22,Masculino,Soltero,Secundaria,False,0,Penitenciario,2026-09-03
2588,35,Femenino,Soltero,Sin escolaridad,False,0,Penitenciario,2026-09-03
2589,28,Masculino,Soltero,Primaria,False,0,Penitenciario,2026-09-03
2590,37,Masculino,Soltero,Secundaria,False,0,Penitenciario,2026-09-03
2591,52,Masculino,Soltero,Secundaria,True,2,Penitenciario,2026-09-03
2592,32,Masculino,Soltero,Secundaria,True,1,Penitenciario,2026-09-03
2593,37,Masculino,Casado,Sin escolaridad,False,0,Penitenciario,2026-09-03
2594,38,Femenino,Soltero,Secundaria,False,0,Penitenciario,2026-09-03
2595,48,Masculino,Soltero,Secundaria,True,4,Penitenciario,2026-09-03
2596,18,Masculino,Divorciado,Técnico,True,2,Penitenciario,2026-09-03
2597,30,Masculino,Soltero,Secundaria,False,0,Penitenciario,2026-09-03
2598,40,Masculino,Viudo,Secundaria,True,4,Penitenciario,2026-09-03
2599,52,Masculino,Casado,Primaria,False,0,Penitenciario,2026-09-03
2600,32,Masculino,Soltero,Secundaria,False,0,Penitenciario,2026-09-03
2601,18,Masculino,Casado,Secundaria,True,3,Penitenciario,2026-09-03
2602,45,Femenino,Casado,Técnico,True,4,Penitenciario,2026-09-03
2603,30,Masculino,Soltero,Sin escolaridad,False,0,Penitenciario,2026-09-03
2604,23,Masculino,Divorciado,Secundaria,True,3,Penitenciario,2026-09-03
2605,30,Masculino,Soltero,Secundaria,True,3,Penitenciario,2026-09-03
2606,35,Masculino,Soltero,Primaria,True,1,Penitenciario,2026-09-03
2607,30,Femenino,Soltero,Secundaria,True,3,Penitenciario,2026-09-03
2608,18,Femenino,Soltero,Técnico,True,5,Penitenciario,2026-09-03
2609,48,Masculino,Soltero,Secundaria,True,3,Penitenciario,2026-09-03
2610,53,Femenino,Divorciado,Superior,False,0,Penitenciario,2026-09-03
2611,45,Femenino,Soltero,Primaria,True,2,Penitenciario,2026-09-03
2612,24,Femenino,Soltero,Secundaria,False,0,Penitenciario,2026-09-03
2613,35,Masculino,Soltero,Secundaria,True,4,Penitenciario,2026-09-03
2614,37,Masculino,Divorciado,Secundaria,False,0,Penitenciario,2026-09-03
2615,45,Masculino,Viudo,Superior,False,0,Penitenciario,2026-09-03
2616,46,Femenino,Casado,Primaria,False,0,Penitenciario,2026-09-03
2617,29,Masculino,Viudo,Técnico,True,4,Penitenciario,2026-09-03
2618,38,Masculino,Casado,Secundaria,False,0,Penitenciario,2026-09-03
2619,43,Masculino,Viudo,Primaria,False,0,Penitenciario,2026-09-03
2620,55,Masculino,Casado,Técnico,True,3,Penitenciario,2026-09-03
2621,46,Masculino,Soltero,Secundaria,False,0,Penitenciario,2026-09-03
2622,47,Femenino,Soltero,Secundaria,True,3,Penitenciario,2026-09-03
2623,39,Masculino,Casado,Secundaria,True,3,Penitenciario,2026-09-03
2624,54,Femenino,Soltero,Técnico,True,4,Penitenciario,2026-09-03
2625,42,Masculino,Soltero,Secundaria,False,0,Penitenciario,2026-09-03
2626,27,Masculino,Soltero,Primaria,False,0,Penitenciario,2026-09-03
2627,54,Masculino,Divorciado,Secundaria,False,0,Penitenciario,2026-09-03
2628,46,Masculino,Soltero,Primaria,False,0,Penitenciario,2026-09-03
2629,32,Masculino,Casado,Secundaria,True,3,Penitenciario,2026-09-03
2630,32,Masculino,Casado,Primaria,False,0,Penitenciario,2026-09-03
2631,41,Masculino,Viudo,Sin escolaridad,False,0,Penitenciario,2026-09-03
2632,43,Femenino,Divorciado,Primaria,True,2,Penitenciario,2026-09-03
2633,40,Masculino,Casado,Secundaria,True,2,Penitenciario,2026-09-03
2634,41,Masculino,Soltero,Secundaria,False,0,Penitenciario,2026-09-03
2635,58,Masculino,Soltero,Secundaria,True,3,Penitenciario,2026-09-03
2636,50,Masculino,Soltero,Primaria,False,0,Penitenciario,2026-09-03
2637,40,Masculino,Casado,Secundaria,False,0,Penitenciario,2026-09-03
2638,49,Masculino,Divorciado,Secundaria,False,0,Penitenciario,2026-09-03
2639,25,Masculino,Casado,Secundaria,True,4,Penitenciario,2026-09-03
2640,42,Masculino,Soltero,Técnico,True,2,Penitenciario,2026-09-03
2641,59,Masculino,Soltero,Secundaria,True,3,Penitenciario,2026-09-03
2642,35,Femenino,Soltero,Secundaria,False,0,Penitenciario,2026-09-03
2643,27,Masculino,Soltero,Primaria,False,0,Penitenciario,2026-09-03
2644,30,Masculino,Soltero,Sin escolaridad,False,0,Penitenciario,2026-09-03
2645,24,Femenino,Soltero,Técnico,True,4,Penitenciario,2026-09-03
2646,28,Masculino,Casado,Secundaria,True,1,Penitenciario,2026-09-03
2647,33,Masculino,Soltero,Primaria,True,5,Penitenciario,2026-09-03
2648,21,Masculino,Soltero,Secundaria,True,2,Penitenciario,2026-09-03
2649,38,Masculino,Viudo,Secundaria,False,0,Penitenciario,2026-09-03
2650,48,Masculino,Soltero,Secundaria,False,0,Penitenciario,2026-09-03
2651,27,Masculino,Soltero,Técnico,False,0,Penitenciario,2026-09-03
2652,56,Femenino,Soltero,Primaria,True,2,Penitenciario,2026-09-03
2653,44,Femenino,Soltero,Secundaria,True,2,Penitenciario,2026-09-03
2654,50,Masculino,Soltero,Primaria,True,3,Penitenciario,2026-09-03
2655,30,Masculino,Soltero,Secundaria,False,0,Penitenciario,2026-09-03
2656,48,Masculino,Soltero,Sin escolaridad,False,0,Penitenciario,2026-09-03
2657,24,Masculino,Soltero,Técnico,True,1,Penitenciario,2026-09-03
2658,48,Masculino,Soltero,Secundaria,True,1,Penitenciario,2026-09-03
2659,40,Masculino,Divorciado,Secundaria,False,0,Penitenciario,2026-09-03
2660,44,Masculino,Soltero,Primaria,False,0,Penitenciario,2026-09-03
2661,23,Masculino,Divorciado,Primaria,True,3,Penitenciario,2026-09-03
2662,27,Femenino,Soltero,Primaria,True,3,Penitenciario,2026-09-03
2663,45,Masculino,Soltero,Secundaria,True,3,Penitenciario,2026-09-03
2664,26,Femenino,Casado,Secundaria,True,3,Penitenciario,2026-09-03
2665,43,Femenino,Soltero,Secundaria,True,3,Penitenciario,2026-09-03
2666,21,Masculino,Soltero,Primaria,True,2,Penitenciario,2026-09-03
2667,48,Femenino,Casado,Primaria,True,3,Penitenciario,2026-09-03
2668,23,Masculino,Soltero,Primaria,True,4,Penitenciario,2026-09-03
2669,44,Masculino,Casado,Secundaria,False,0,Penitenciario,2026-09-03
2670,45,Masculino,Divorciado,Secundaria,False,0,Penitenciario,2026-09-03
2671,29,Masculino,Soltero,Secundaria,True,3,Penitenciario,2026-09-03
2672,44,Masculino,Soltero,Secundaria,False,0,Penitenciario,2026-09-03
2673,41,Masculino,Soltero,Primaria,True,6,Penitenciario,2026-09-03
2674,31,Masculino,Viudo,Primaria,True,3,Penitenciario,2026-09-03
2675,25,Masculino,Casado,Secundaria,False,0,Penitenciario,2026-09-03
2676,18,Masculino,Divorciado,Secundaria,False,0,Penitenciario,2026-09-03
2677,42,Masculino,Soltero,Secundaria,True,2,Penitenciario,2026-09-03
2678,19,Masculino,Casado,Primaria,True,5,Penitenciario,2026-09-03
2679,39,Masculino,Soltero,Sin escolaridad,False,0,Penitenciario,2026-09-03
2680,34,Masculino,Soltero,Primaria,True,5,Penitenciario,2026-09-03
2681,46,Masculino,Divorciado,Sin escolaridad,False,0,Penitenciario,2026-09-03
2682,34,Femenino,Soltero,Primaria,False,0,Penitenciario,2026-09-03
2683,34,Masculino,Viudo,Secundaria,True,3,Penitenciario,2026-09-03
2684,46,Masculino,Soltero,Primaria,True,2,Penitenciario,2026-09-03
2685,42,Masculino,Casado,Primaria,False,0,Penitenciario,2026-09-03
2686,41,Femenino,Soltero,Técnico,True,4,Penitenciario,2026-09-03
2687,43,Masculino,Soltero,Secundaria,True,4,Penitenciario,2026-09-03
2688,19,Masculino,Soltero,Técnico,False,0,Penitenciario,2026-09-03
2689,47,Masculino,Soltero,Primaria,False,0,Penitenciario,2026-09-03
2690,45,Masculino,Soltero,Secundaria,True,1,Penitenciario,2026-09-03
2691,25,Masculino,Casado,Primaria,False,0,Penitenciario,2026-09-03
2692,35,Masculino,Soltero,Secundaria,False,0,Penitenciario,2026-09-03
2693,37,Femenino,Soltero,Primaria,True,4,Penitenciario,2026-09-03
2694,36,Masculino,Soltero,Sin escolaridad,True,2,Penitenciario,2026-09-03
2695,42,Masculino,Soltero,Técnico,False,0,Penitenciario,2026-09-03
2696,55,Femenino,Casado,Secundaria,True,4,Penitenciario,2026-09-03
2697,50,Masculino,Divorciado,Técnico,True,2,Penitenciario,2026-09-03
2698,22,Femenino,Soltero,Primaria,True,4,Penitenciario,2026-09-03
2699,45,Masculino,Soltero,Primaria,False,0,Penitenciario,2026-09-03
2700,53,Femenino,Casado,Secundaria,True,3,Penitenciario,2026-09-03
2701,42,Masculino,Soltero,Secundaria,False,0,Penitenciario,2026-09-03
2702,51,Femenino,Soltero,Secundaria,True,2,Penitenciario,2026-09-03
2703,62,Femenino,Soltero,Técnico,True,5,Penitenciario,2026-09-03
2704,50,Masculino,Soltero,Sin escolaridad,False,0,Penitenciario,2026-09-03
2705,40,Masculino,Soltero,Secundaria,False,0,Penitenciario,2026-09-03
2706,50,Masculino,Soltero,Primaria,False,0,Penitenciario,2026-09-03
2707,39,Femenino,Casado,Primaria,False,0,Penitenciario,2026-09-03
2708,38,Masculino,Soltero,Secundaria,False,0,Penitenciario,2026-09-03
2709,33,Masculino,Soltero,Secundaria,True,2,Penitenciario,2026-09-03
2710,56,Masculino,Soltero,Primaria,True,1,Penitenciario,2026-09-03
2711,28,Masculino,Soltero,Primaria,True,3,Penitenciario,2026-09-03
2712,56,Masculino,Soltero,Secundaria,True,1,Penitenciario,2026-09-03
2713,43,Femenino,Divorciado,Secundaria,True,2,Penitenciario,2026-09-03
2714,21,Masculino,Soltero,Primaria,True,2,Penitenciario,2026-09-03
2715,42,Femenino,Casado,Primaria,True,1,Penitenciario,2026-09-03
2716,18,Masculino,Soltero,Sin escolaridad,True,5,Penitenciario,2026-09-03
2717,45,Masculino,Casado,Superior,False,0,Penitenciario,2026-09-03
2718,48,Masculino,Soltero,Técnico,False,0,Penitenciario,2026-09-03
2719,30,Masculino,Soltero,Secundaria,False,0,Penitenciario,2026-09-03
2720,39,Femenino,Casado,Superior,False,0,Penitenciario,2026-09-03
2721,61,Femenino,Soltero,Secundaria,True,4,Penitenciario,2026-09-03
2722,31,Masculino,Casado,Primaria,True,2,Penitenciario,2026-09-03
2723,25,Masculino,Soltero,Primaria,True,2,Penitenciario,2026-09-03
2724,55,Masculino,Viudo,Técnico,False,0,Penitenciario,2026-09-03
2725,61,Femenino,Casado,Secundaria,False,0,Penitenciario,2026-09-03
2726,38,Femenino,Viudo,Secundaria,False,0,Penitenciario,2026-09-03
2727,50,Femenino,Soltero,Técnico,True,3,Penitenciario,2026-09-03
2728,54,Masculino,Soltero,Secundaria,True,2,Penitenciario,2026-09-03
2729,29,Masculino,Casado,Sin escolaridad,True,4,Penitenciario,2026-09-03
2730,32,Masculino,Divorciado,Primaria,True,4,Penitenciario,2026-09-03
2731,52,Masculino,Viudo,Primaria,True,4,Penitenciario,2026-09-03
2732,58,Masculino,Soltero,Primaria,False,0,Penitenciario,2026-09-03
2733,44,Masculino,Casado,Secundaria,False,0,Penitenciario,2026-09-03
2734,27,Masculino,Soltero,Primaria,False,0,Penitenciario,2026-09-03
2735,61,Femenino,Soltero,Primaria,False,0,Penitenciario,2026-09-03
2736,31,Femenino,Soltero,Secundaria,True,2,Penitenciario,2026-09-03
2737,33,Masculino,Soltero,Primaria,True,5,Penitenciario,2026-09-03
2738,42,Masculino,Divorciado,Secundaria,True,2,Penitenciario,2026-09-03
2739,56,Masculino,Soltero,Secundaria,False,0,Penitenciario,2026-09-03
2740,48,Femenino,Casado,Secundaria,True,10,Penitenciario,2026-09-03
2741,42,Femenino,Soltero,Técnico,True,1,Penitenciario,2026-09-03
2742,43,Femenino,Soltero,Primaria,True,3,Penitenciario,2026-09-03
2743,38,Femenino,Soltero,Primaria,False,0,Penitenciario,2026-09-03
2744,44,Masculino,Soltero,Técnico,False,0,Penitenciario,2026-09-03
2745,18,Masculino,Soltero,Secundaria,True,3,Penitenciario,2026-09-03
2746,34,Masculino,Casado,Secundaria,False,0,Penitenciario,2026-09-03
2747,40,Masculino,Viudo,Primaria,False,0,Penitenciario,2026-09-03
2748,24,Femenino,Soltero,Secundaria,True,4,Penitenciario,2026-09-03
2749,42,Masculino,Soltero,Técnico,True,3,Penitenciario,2026-09-03
2750,35,Masculino,Soltero,Secundaria,True,6,Penitenciario,2026-09-03
2751,59,Masculino,Casado,Primaria,False,0,Penitenciario,2026-09-03
2752,56,Femenino,Soltero,Técnico,False,0,Penitenciario,2026-09-03
2753,32,Masculino,Soltero,Secundaria,True,3,Penitenciario,2026-09-03
2754,36,Masculino,Soltero,Secundaria,True,5,Penitenciario,2026-09-03
2755,37,Masculino,Viudo,Sin escolaridad,False,0,Penitenciario,2026-09-03
2756,32,Masculino,Soltero,Secundaria,False,0,Penitenciario,2026-09-03
2757,40,Masculino,Soltero,Primaria,True,1,Penitenciario,2026-09-03
2758,28,Femenino,Viudo,Primaria,True,4,Penitenciario,2026-09-03
2759,24,Masculino,Casado,Secundaria,True,2,Penitenciario,2026-09-03
2760,45,Femenino,Casado,Primaria,False,0,Penitenciario,2026-09-03
2761,45,Masculino,Soltero,Secundaria,False,0,Penitenciario,2026-09-03
2762,28,Masculino,Viudo,Secundaria,False,0,Penitenciario,2026-09-03
2763,48,Femenino,Casado,Primaria,True,2,Penitenciario,2026-09-03
2764,30,Masculino,Divorciado,Secundaria,True,3,Penitenciario,2026-09-03
2765,41,Masculino,Casado,Técnico,False,0,Penitenciario,2026-09-03
2766,47,Femenino,Casado,Primaria,True,2,Penitenciario,2026-09-03
2767,37,Masculino,Soltero,Secundaria,False,0,Penitenciario,2026-09-03
2768,43,Femenino,Soltero,Primaria,True,1,Penitenciario,2026-09-03
2769,31,Masculino,Casado,Secundaria,False,0,Penitenciario,2026-09-03
2770,35,Masculino,Soltero,Primaria,False,0,Penitenciario,2026-09-03
2771,35,Masculino,Soltero,Secundaria,False,0,Penitenciario,2026-09-03
2772,29,Femenino,Soltero,Sin escolaridad,True,2,Penitenciario,2026-09-03
2773,35,Masculino,Casado,Superior,True,1,Penitenciario,2026-09-03
2774,19,Femenino,Soltero,Secundaria,True,4,Penitenciario,2026-09-03
2775,32,Femenino,Casado,Secundaria,False,0,Penitenciario,2026-09-03
2776,34,Masculino,Casado,Secundaria,False,0,Penitenciario,2026-09-03
2777,34,Masculino,Soltero,Secundaria,True,2,Penitenciario,2026-09-03
2778,35,Masculino,Soltero,Secundaria,True,3,Penitenciario,2026-09-03
2779,37,Masculino,Soltero,Secundaria,True,1,Penitenciario,2026-09-03
2780,43,Masculino,Soltero,Secundaria,True,2,Penitenciario,2026-09-03
2781,48,Masculino,Soltero,Primaria,False,0,Penitenciario,2026-09-03
2782,30,Femenino,Soltero,Primaria,True,1,Penitenciario,2026-09-03
2783,23,Femenino,Viudo,Secundaria,False,0,Penitenciario,2026-09-03
2784,25,Femenino,Soltero,Secundaria,True,2,Penitenciario,2026-09-03
2785,32,Femenino,Casado,Primaria,True,2,Penitenciario,2026-09-03
2786,33,Masculino,Soltero,Sin escolaridad,True,3,Penitenciario,2026-09-03
2787,28,Masculino,Casado,Primaria,True,4,Penitenciario,2026-09-03
2788,22,Femenino,Soltero,Superior,True,1,Penitenciario,2026-09-03
2789,32,Masculino,Casado,Secundaria,True,3,Penitenciario,2026-09-03
2790,40,Femenino,Casado,Secundaria,True,4,Penitenciario,2026-09-03
2791,45,Masculino,Casado,Técnico,True,3,Penitenciario,2026-09-03
2792,31,Masculino,Soltero,Secundaria,True,3,Penitenciario,2026-09-03
2793,33,Femenino,Casado,Superior,True,2,Penitenciario,2026-09-03
2794,26,Femenino,Soltero,Primaria,False,0,Penitenciario,2026-09-03
2795,37,Masculino,Soltero,Primaria,False,0,Penitenciario,2026-09-03
2796,27,Femenino,Soltero,Secundaria,False,0,Penitenciario,2026-09-03
2797,44,Masculino,Soltero,Secundaria,False,0,Penitenciario,2026-09-03
2798,18,Masculino,Soltero,Secundaria,False,0,Penitenciario,2026-09-03
2799,33,Femenino,Casado,Primaria,True,1,Penitenciario,2026-09-03
2800,41,Masculino,Soltero,Secundaria,False,0,Penitenciario,2026-09-03
2801,40,Masculino,Soltero,Primaria,False,0,Penitenciario,2026-09-03
2802,70,Masculino,Soltero,Primaria,True,2,Penitenciario,2026-09-03
2803,42,Masculino,Casado,Técnico,True,1,Penitenciario,2026-09-03
2804,25,Masculino,Soltero,Técnico,False,0,Penitenciario,2026-09-03
2805,36,Masculino,Soltero,Superior,False,0,Penitenciario,2026-09-03
2806,18,Masculino,Casado,Secundaria,False,0,Penitenciario,2026-09-03
2807,37,Femenino,Soltero,Secundaria,True,5,Penitenciario,2026-09-03
2808,28,Masculino,Soltero,Secundaria,True,1,Penitenciario,2026-09-03
2809,48,Femenino,Soltero,Primaria,True,4,Penitenciario,2026-09-03
2810,31,Masculino,Casado,Primaria,False,0,Penitenciario,2026-09-03
2811,36,Masculino,Casado,Primaria,True,2,Penitenciario,2026-09-03
2812,30,Masculino,Soltero,Técnico,False,0,Penitenciario,2026-09-03
2813,58,Masculino,Soltero,Primaria,False,0,Penitenciario,2026-09-03
2814,34,Masculino,Soltero,Técnico,False,0,Penitenciario,2026-09-03
2815,59,Masculino,Casado,Secundaria,False,0,Penitenciario,2026-09-03
2816,47,Masculino,Divorciado,Secundaria,True,3,Penitenciario,2026-09-03
2817,43,Masculino,Soltero,Primaria,True,5,Penitenciario,2026-09-03
2818,42,Masculino,Soltero,Primaria,False,0,Penitenciario,2026-09-03
2819,42,Masculino,Casado,Superior,True,4,Penitenciario,2026-09-03
2820,18,Masculino,Casado,Primaria,True,2,Penitenciario,2026-09-03
2821,34,Femenino,Divorciado,Primaria,True,1,Penitenciario,2026-09-03
2822,48,Masculino,Casado,Primaria,False,0,Penitenciario,2026-09-03
2823,37,Masculino,Divorciado,Primaria,True,6,Penitenciario,2026-09-03
2824,21,Masculino,Soltero,Primaria,True,5,Penitenciario,2026-09-03
2825,37,Femenino,Soltero,Secundaria,False,0,Penitenciario,2026-09-03
2826,58,Masculino,Soltero,Secundaria,False,0,Penitenciario,2026-09-03
2827,52,Femenino,Casado,Secundaria,False,0,Penitenciario,2026-09-03
2828,37,Masculino,Soltero,Primaria,False,0,Penitenciario,2026-09-03
2829,49,Femenino,Soltero,Secundaria,True,6,Penitenciario,2026-09-03
2830,33,Femenino,Soltero,Secundaria,True,2,Penitenciario,2026-09-03
2831,18,Femenino,Soltero,Sin escolaridad,False,0,Penitenciario,2026-09-03
2832,26,Masculino,Divorciado,Secundaria,False,0,Penitenciario,2026-09-03
2833,56,Masculino,Soltero,Primaria,True,3,Penitenciario,2026-09-03
2834,34,Masculino,Soltero,Secundaria,False,0,Penitenciario,2026-09-03
2835,35,Masculino,Casado,Secundaria,True,3,Penitenciario,2026-09-03
2836,34,Femenino,Soltero,Técnico,True,4,Penitenciario,2026-09-03
2837,60,Masculino,Casado,Primaria,False,0,Penitenciario,2026-09-03
2838,57,Masculino,Casado,Secundaria,False,0,Penitenciario,2026-09-03
2839,64,Masculino,Divorciado,Primaria,True,4,Penitenciario,2026-09-03
2840,36,Masculino,Divorciado,Secundaria,True,5,Penitenciario,2026-09-03
2841,41,Masculino,Soltero,Secundaria,True,4,Penitenciario,2026-09-03
2842,19,Femenino,Soltero,Primaria,False,0,Penitenciario,2026-09-03
2843,55,Masculino,Soltero,Secundaria,False,0,Penitenciario,2026-09-03
2844,23,Masculino,Soltero,Secundaria,True,2,Penitenciario,2026-09-03
2845,40,Masculino,Soltero,Secundaria,True,2,Penitenciario,2026-09-03
2846,24,Masculino,Soltero,Primaria,False,0,Penitenciario,2026-09-03
2847,30,Masculino,Divorciado,Técnico,False,0,Penitenciario,2026-09-03
2848,27,Masculino,Soltero,Superior,True,5,Penitenciario,2026-09-03
2849,30,Femenino,Soltero,Técnico,True,4,Penitenciario,2026-09-03
2850,31,Femenino,Soltero,Secundaria,False,0,Penitenciario,2026-09-03
2851,31,Femenino,Soltero,Secundaria,True,4,Penitenciario,2026-09-03
2852,48,Masculino,Viudo,Secundaria,False,0,Penitenciario,2026-09-03
2853,24,Femenino,Soltero,Primaria,False,0,Penitenciario,2026-09-03
2854,40,Femenino,Casado,Secundaria,True,2,Penitenciario,2026-09-03
2855,52,Femenino,Soltero,Secundaria,True,4,Penitenciario,2026-09-03
2856,31,Masculino,Soltero,Superior,True,1,Penitenciario,2026-09-03
2857,29,Femenino,Soltero,Secundaria,True,2,Penitenciario,2026-09-03
2858,35,Femenino,Casado,Primaria,True,2,Penitenciario,2026-09-03
2859,52,Femenino,Soltero,Secundaria,False,0,Penitenciario,2026-09-03
2860,40,Masculino,Soltero,Superior,True,5,Penitenciario,2026-09-03
2861,31,Femenino,Soltero,Primaria,True,3,Penitenciario,2026-09-03
2862,43,Femenino,Casado,Primaria,True,5,Penitenciario,2026-09-03
2863,24,Masculino,Casado,Secundaria,True,3,Penitenciario,2026-09-03
2864,46,Masculino,Soltero,Primaria,False,0,Penitenciario,2026-09-03
2865,42,Femenino,Soltero,Sin escolaridad,False,0,Penitenciario,2026-09-03
2866,34,Masculino,Divorciado,Primaria,False,0,Penitenciario,2026-09-03
2867,27,Masculino,Casado,Técnico,True,4,Penitenciario,2026-09-03
2868,27,Masculino,Casado,Sin escolaridad,True,2,Penitenciario,2026-09-03
2869,44,Femenino,Casado,Secundaria,True,2,Penitenciario,2026-09-03
2870,52,Masculino,Casado,Secundaria,False,0,Penitenciario,2026-09-03
2871,30,Masculino,Soltero,Superior,True,4,Penitenciario,2026-09-03
2872,43,Masculino,Divorciado,Superior,False,0,Penitenciario,2026-09-03
2873,18,Femenino,Divorciado,Secundaria,True,2,Penitenciario,2026-09-03
2874,30,Masculino,Soltero,Superior,True,2,Penitenciario,2026-09-03
2875,37,Femenino,Soltero,Sin escolaridad,True,4,Penitenciario,2026-09-03
2876,27,Femenino,Viudo,Secundaria,False,0,Penitenciario,2026-09-03
2877,26,Masculino,Soltero,Secundaria,False,0,Penitenciario,2026-09-03
2878,29,Masculino,Divorciado,Primaria,False,0,Penitenciario,2026-09-03
2879,41,Masculino,Soltero,Secundaria,True,1,Penitenciario,2026-09-03
2880,35,Masculino,Soltero,Primaria,True,2,Penitenciario,2026-09-03
2881,18,Masculino,Soltero,Técnico,True,1,Penitenciario,2026-09-03
2882,18,Femenino,Soltero,Secundaria,True,5,Penitenciario,2026-09-03
2883,30,Femenino,Soltero,Secundaria,False,0,Penitenciario,2026-09-03
2884,43,Masculino,Soltero,Primaria,True,1,Penitenciario,2026-09-03
2885,18,Masculino,Casado,Primaria,True,1,Penitenciario,2026-09-03
2886,32,Masculino,Viudo,Superior,True,3,Penitenciario,2026-09-03
2887,31,Masculino,Soltero,Secundaria,True,3,Penitenciario,2026-09-03
2888,54,Masculino,Soltero,Superior,True,4,Penitenciario,2026-09-03
2889,33,Femenino,Soltero,Primaria,True,3,Penitenciario,2026-09-03
2890,42,Femenino,Soltero,Primaria,True,2,Penitenciario,2026-09-03
2891,39,Masculino,Soltero,Secundaria,False,0,Penitenciario,2026-09-03
2892,18,Femenino,Soltero,Secundaria,True,5,Penitenciario,2026-09-03
2893,47,Masculino,Soltero,Primaria,True,4,Penitenciario,2026-09-03
2894,40,Femenino,Soltero,Secundaria,True,3,Penitenciario,2026-09-03
2895,44,Masculino,Soltero,Secundaria,True,5,Penitenciario,2026-09-03
2896,85,Masculino,Casado,Primaria,True,1,Penitenciario,2026-09-03
2897,18,Femenino,Soltero,Primaria,True,2,Penitenciario,2026-09-03
2898,58,Masculino,Divorciado,Secundaria,False,0,Penitenciario,2026-09-03
2899,34,Femenino,Divorciado,Secundaria,True,5,Penitenciario,2026-09-03
2900,41,Masculino,Viudo,Secundaria,True,5,Penitenciario,2026-09-03
2901,37,Masculino,Divorciado,Secundaria,False,0,Penitenciario,2026-09-03
2902,32,Masculino,Soltero,Primaria,True,2,Penitenciario,2026-09-03
2903,31,Masculino,Soltero,Técnico,True,2,Penitenciario,2026-09-03
2904,41,Masculino,Soltero,Técnico,True,4,Penitenciario,2026-09-03
2905,19,Masculino,Casado,Secundaria,False,0,Penitenciario,2026-09-03
2906,47,Masculino,Divorciado,Sin escolaridad,True,4,Penitenciario,2026-09-03
2907,33,Masculino,Divorciado,Secundaria,False,0,Penitenciario,2026-09-03
2908,24,Femenino,Soltero,Secundaria,True,3,Penitenciario,2026-09-03
2909,32,Masculino,Casado,Superior,True,2,Penitenciario,2026-09-03
2910,53,Femenino,Soltero,Superior,True,3,Penitenciario,2026-09-03
2911,31,Masculino,Soltero,Técnico,False,0,Penitenciario,2026-09-03
2912,42,Masculino,Casado,Primaria,True,5,Penitenciario,2026-09-03
2913,29,Masculino,Soltero,Superior,True,3,Penitenciario,2026-09-03
2914,47,Masculino,Viudo,Secundaria,False,0,Penitenciario,2026-09-03
2915,46,Masculino,Soltero,Secundaria,True,3,Penitenciario,2026-09-03
2916,60,Masculino,Divorciado,Secundaria,False,0,Penitenciario,2026-09-03
2917,35,Masculino,Soltero,Primaria,True,4,Penitenciario,2026-09-03
2918,46,Masculino,Casado,Secundaria,True,3,Penitenciario,2026-09-03
2919,39,Femenino,Casado,Primaria,False,0,Penitenciario,2026-09-03
2920,53,Masculino,Divorciado,Secundaria,False,0,Penitenciario,2026-09-03
2921,29,Masculino,Soltero,Técnico,True,5,Penitenciario,2026-09-03
2922,46,Masculino,Divorciado,Sin escolaridad,False,0,Penitenciario,2026-09-03
2923,35,Femenino,Soltero,Primaria,False,0,Penitenciario,2026-09-03
2924,37,Masculino,Soltero,Primaria,False,0,Penitenciario,2026-09-03
2925,39,Masculino,Soltero,Secundaria,False,0,Penitenciario,2026-09-03
2926,41,Masculino,Casado,Superior,True,8,Penitenciario,2026-09-03
2927,36,Masculino,Soltero,Primaria,True,3,Penitenciario,2026-09-03
2928,40,Masculino,Casado,Primaria,True,2,Penitenciario,2026-09-03
2929,56,Femenino,Casado,Técnico,False,0,Penitenciario,2026-09-03
2930,49,Masculino,Soltero,Técnico,True,3,Penitenciario,2026-09-03
2931,48,Masculino,Divorciado,Sin escolaridad,False,0,Penitenciario,2026-09-03
2932,32,Masculino,Soltero,Secundaria,True,2,Penitenciario,2026-09-03
2933,27,Masculino,Divorciado,Secundaria,True,4,Penitenciario,2026-09-03
2934,49,Masculino,Soltero,Secundaria,False,0,Penitenciario,2026-09-03
2935,48,Masculino,Soltero,Secundaria,True,3,Penitenciario,2026-09-03
2936,55,Masculino,Soltero,Superior,True,2,Penitenciario,2026-09-03
2937,30,Masculino,Soltero,Sin escolaridad,True,3,Penitenciario,2026-09-03
2938,35,Masculino,Soltero,Primaria,False,0,Penitenciario,2026-09-03
2939,18,Femenino,Soltero,Secundaria,True,5,Penitenciario,2026-09-03
2940,33,Masculino,Soltero,Secundaria,False,0,Penitenciario,2026-09-03
2941,49,Masculino,Soltero,Técnico,True,6,Penitenciario,2026-09-03
2942,32,Masculino,Soltero,Secundaria,False,0,Penitenciario,2026-09-03
2943,45,Masculino,Casado,Sin escolaridad,False,0,Penitenciario,2026-09-03
2944,35,Masculino,Soltero,Secundaria,False,0,Penitenciario,2026-09-03
2945,41,Masculino,Divorciado,Secundaria,True,6,Penitenciario,2026-09-03
2946,24,Femenino,Casado,Superior,True,3,Penitenciario,2026-09-03
2947,39,Femenino,Casado,Secundaria,True,1,Penitenciario,2026-09-03
2948,18,Masculino,Casado,Secundaria,True,4,Penitenciario,2026-09-03
2949,35,Femenino,Soltero,Secundaria,True,3,Penitenciario,2026-09-03
2950,18,Femenino,Casado,Secundaria,True,6,Penitenciario,2026-09-03
2951,52,Masculino,Soltero,Secundaria,False,0,Penitenciario,2026-09-03
2952,47,Femenino,Divorciado,Primaria,True,2,Penitenciario,2026-09-03
2953,43,Masculino,Casado,Técnico,False,0,Penitenciario,2026-09-03
2954,56,Masculino,Soltero,Secundaria,False,0,Penitenciario,2026-09-03
2955,26,Masculino,Casado,Secundaria,True,5,Penitenciario,2026-09-03
2956,58,Masculino,Soltero,Superior,False,0,Penitenciario,2026-09-03
2957,49,Masculino,Soltero,Secundaria,False,0,Penitenciario,2026-09-03
2958,35,Masculino,Soltero,Secundaria,False,0,Penitenciario,2026-09-03
2959,51,Femenino,Casado,Superior,True,4,Penitenciario,2026-09-03
2960,24,Femenino,Casado,Primaria,False,0,Penitenciario,2026-09-03
2961,28,Femenino,Casado,Secundaria,True,3,Penitenciario,2026-09-03
2962,30,Femenino,Soltero,Secundaria,True,5,Penitenciario,2026-09-03
2963,31,Femenino,Soltero,Primaria,True,2,Penitenciario,2026-09-03
2964,25,Masculino,Casado,Secundaria,True,5,Penitenciario,2026-09-03
2965,52,Masculino,Soltero,Secundaria,True,4,Penitenciario,2026-09-03
2966,34,Masculino,Casado,Secundaria,True,1,Penitenciario,2026-09-03
2967,42,Femenino,Soltero,Superior,False,0,Penitenciario,2026-09-03
2968,31,Masculino,Soltero,Primaria,True,3,Penitenciario,2026-09-03
2969,18,Femenino,Soltero,Secundaria,True,2,Penitenciario,2026-09-03
2970,41,Masculino,Casado,Secundaria,False,0,Penitenciario,2026-09-03
2971,18,Masculino,Soltero,Primaria,True,1,Penitenciario,2026-09-03
2972,37,Femenino,Soltero,Primaria,True,4,Penitenciario,2026-09-03
2973,21,Masculino,Soltero,Técnico,False,0,Penitenciario,2026-09-03
2974,61,Masculino,Soltero,Secundaria,True,3,Penitenciario,2026-09-03
2975,48,Masculino,Soltero,Secundaria,False,0,Penitenciario,2026-09-03
2976,39,Masculino,Soltero,Secundaria,False,0,Penitenciario,2026-09-03
2977,53,Femenino,Casado,Primaria,True,2,Penitenciario,2026-09-03
2978,27,Masculino,Soltero,Primaria,True,2,Penitenciario,2026-09-03
2979,44,Masculino,Casado,Secundaria,False,0,Penitenciario,2026-09-03
2980,40,Masculino,Casado,Superior,True,4,Penitenciario,2026-09-03
2981,41,Femenino,Soltero,Sin escolaridad,True,2,Penitenciario,2026-09-03
2982,53,Masculino,Soltero,Superior,False,0,Penitenciario,2026-09-03
2983,46,Masculino,Divorciado,Superior,True,3,Penitenciario,2026-09-03
2984,41,Femenino,Soltero,Superior,True,2,Penitenciario,2026-09-03
2985,18,Masculino,Soltero,Secundaria,False,0,Penitenciario,2026-09-03
2986,26,Femenino,Soltero,Superior,True,2,Penitenciario,2026-09-03
2987,36,Masculino,Casado,Secundaria,True,2,Penitenciario,2026-09-03
2988,39,Masculino,Soltero,Sin escolaridad,False,0,Penitenciario,2026-09-03
2989,24,Masculino,Viudo,Primaria,False,0,Penitenciario,2026-09-03
2990,66,Femenino,Divorciado,Técnico,False,0,Penitenciario,2026-09-03
2991,56,Femenino,Soltero,Sin escolaridad,False,0,Penitenciario,2026-09-03
2992,45,Masculino,Soltero,Secundaria,False,0,Penitenciario,2026-09-03
2993,38,Masculino,Soltero,Primaria,False,0,Penitenciario,2026-09-03
2994,35,Femenino,Soltero,Primaria,True,5,Penitenciario,2026-09-03
2995,26,Masculino,Soltero,Primaria,False,0,Penitenciario,2026-09-03
2996,38,Femenino,Soltero,Técnico,True,2,Penitenciario,2026-09-03
2997,41,Masculino,Soltero,Secundaria,True,2,Penitenciario,2026-09-03
2998,23,Femenino,Soltero,Técnico,True,4,Penitenciario,2026-09-03
2999,42,Masculino,Soltero,Secundaria,False,0,Penitenciario,2026-09-03
3000,36,Masculino,Viudo,Superior,True,4,Penitenciario,2026-09-03
3001,18,Masculino,Soltero,Secundaria,True,5,Penitenciario,2026-09-03
3002,27,Femenino,Viudo,Secundaria,True,3,Penitenciario,2026-09-03
3003,33,Masculino,Soltero,Secundaria,False,0,Penitenciario,2026-09-03
3004,60,Masculino,Soltero,Secundaria,False,0,Penitenciario,2026-09-03
3005,44,Masculino,Soltero,Secundaria,True,1,Penitenciario,2026-09-03
3006,21,Masculino,Soltero,Secundaria,False,0,Penitenciario,2026-09-03
3007,43,Femenino,Soltero,Secundaria,False,0,Penitenciario,2026-09-03
3008,19,Femenino,Divorciado,Secundaria,True,3,Penitenciario,2026-09-03
3009,50,Masculino,Viudo,Primaria,True,3,Penitenciario,2026-09-03
3010,32,Femenino,Soltero,Secundaria,True,1,Penitenciario,2026-09-03
3011,36,Femenino,Soltero,Primaria,False,0,Penitenciario,2026-09-03
3012,53,Femenino,Soltero,Secundaria,True,2,Penitenciario,2026-09-03
3013,22,Masculino,Soltero,Secundaria,False,0,Penitenciario,2026-09-03
3014,21,Femenino,Soltero,Superior,True,3,Penitenciario,2026-09-03
3015,30,Masculino,Soltero,Sin escolaridad,False,0,Penitenciario,2026-09-03
3016,50,Masculino,Soltero,Primaria,False,0,Penitenciario,2026-09-03
3017,19,Femenino,Soltero,Primaria,False,0,Penitenciario,2026-09-03
3018,18,Masculino,Soltero,Secundaria,False,0,Penitenciario,2026-09-03
3019,32,Masculino,Soltero,Secundaria,False,0,Penitenciario,2026-09-03
3020,44,Femenino,Soltero,Secundaria,False,0,Penitenciario,2026-09-03
3021,52,Femenino,Viudo,Secundaria,False,0,Penitenciario,2026-09-03
3022,32,Masculino,Soltero,Técnico,True,2,Penitenciario,2026-09-03
3023,33,Femenino,Divorciado,Primaria,True,2,Penitenciario,2026-09-03
3024,51,Masculino,Casado,Primaria,False,0,Penitenciario,2026-09-03
3025,18,Masculino,Viudo,Primaria,True,5,Penitenciario,2026-09-03
3026,33,Femenino,Casado,Técnico,False,0,Penitenciario,2026-09-03
3027,40,Masculino,Casado,Secundaria,True,3,Penitenciario,2026-09-03
3028,43,Masculino,Divorciado,Secundaria,False,0,Penitenciario,2026-09-03
3029,31,Masculino,Soltero,Primaria,True,4,Penitenciario,2026-09-03
3030,38,Masculino,Soltero,Secundaria,True,3,Penitenciario,2026-09-03
3031,18,Masculino,Viudo,Superior,True,2,Penitenciario,2026-09-03
3032,30,Femenino,Casado,Primaria,False,0,Penitenciario,2026-09-03
3033,43,Femenino,Viudo,Secundaria,True,2,Penitenciario,2026-09-03
3034,26,Masculino,Casado,Primaria,False,0,Penitenciario,2026-09-03
3035,38,Femenino,Divorciado,Sin escolaridad,False,0,Penitenciario,2026-09-03
3036,43,Masculino,Casado,Secundaria,True,6,Penitenciario,2026-09-03
3037,33,Masculino,Casado,Primaria,False,0,Penitenciario,2026-09-03
3038,40,Femenino,Soltero,Secundaria,False,0,Penitenciario,2026-09-03
3039,26,Masculino,Divorciado,Secundaria,True,2,Penitenciario,2026-09-03
3040,35,Masculino,Casado,Secundaria,True,2,Penitenciario,2026-09-03
3041,45,Masculino,Casado,Secundaria,True,3,Penitenciario,2026-09-03
3042,39,Masculino,Casado,Secundaria,False,0,Penitenciario,2026-09-03
3043,30,Femenino,Soltero,Primaria,True,1,Penitenciario,2026-09-03
3044,40,Masculino,Soltero,Secundaria,False,0,Penitenciario,2026-09-03
3045,46,Masculino,Divorciado,Secundaria,False,0,Penitenciario,2026-09-03
3046,18,Masculino,Soltero,Sin escolaridad,False,0,Penitenciario,2026-09-03
3047,51,Masculino,Soltero,Técnico,False,0,Penitenciario,2026-09-03
3048,33,Masculino,Soltero,Secundaria,False,0,Penitenciario,2026-09-03
3049,43,Masculino,Casado,Técnico,False,0,Penitenciario,2026-09-03
3050,52,Femenino,Casado,Técnico,False,0,Penitenciario,2026-09-03
3051,21,Femenino,Casado,Secundaria,True,2,Penitenciario,2026-09-03
3052,29,Masculino,Casado,Secundaria,False,0,Penitenciario,2026-09-03
3053,34,Masculino,Soltero,Secundaria,False,0,Penitenciario,2026-09-03
3054,28,Masculino,Soltero,Secundaria,False,0,Penitenciario,2026-09-03
3055,58,Femenino,Soltero,Técnico,False,0,Penitenciario,2026-09-03
3056,27,Femenino,Casado,Secundaria,False,0,Penitenciario,2026-09-03
3057,31,Masculino,Soltero,Primaria,True,2,Penitenciario,2026-09-03
3058,40,Femenino,Casado,Secundaria,True,3,Penitenciario,2026-09-03
3059,23,Masculino,Soltero,Superior,True,5,Penitenciario,2026-09-03
3060,33,Masculino,Soltero,Secundaria,True,2,Penitenciario,2026-09-03
3061,41,Masculino,Divorciado,Secundaria,True,3,Penitenciario,2026-09-03
3062,34,Masculino,Soltero,Secundaria,True,1,Penitenciario,2026-09-03
3063,36,Masculino,Casado,Secundaria,True,2,Penitenciario,2026-09-03
3064,31,Masculino,Soltero,Secundaria,False,0,Penitenciario,2026-09-03
3065,19,Masculino,Soltero,Secundaria,True,3,Penitenciario,2026-09-03
3066,41,Masculino,Soltero,Secundaria,False,0,Penitenciario,2026-09-03
3067,59,Masculino,Soltero,Secundaria,False,0,Penitenciario,2026-09-03
3068,38,Masculino,Casado,Secundaria,False,0,Penitenciario,2026-09-03
3069,40,Masculino,Soltero,Secundaria,False,0,Penitenciario,2026-09-03
3070,46,Masculino,Soltero,Primaria,False,0,Penitenciario,2026-09-03
3071,22,Masculino,Soltero,Primaria,True,4,Penitenciario,2026-09-03
3072,58,Masculino,Casado,Primaria,False,0,Penitenciario,2026-09-03
3073,40,Masculino,Casado,Secundaria,True,2,Penitenciario,2026-09-03
3074,57,Masculino,Soltero,Primaria,True,2,Penitenciario,2026-09-03
3075,29,Masculino,Soltero,Secundaria,True,1,Penitenciario,2026-09-03
3076,59,Masculino,Casado,Primaria,True,2,Penitenciario,2026-09-03
3077,47,Femenino,Casado,Secundaria,False,0,Penitenciario,2026-09-03
3078,44,Masculino,Soltero,Secundaria,False,0,Penitenciario,2026-09-03
3079,40,Masculino,Casado,Secundaria,False,0,Penitenciario,2026-09-03
3080,35,Masculino,Casado,Secundaria,False,0,Penitenciario,2026-09-03
3081,52,Masculino,Casado,Primaria,True,4,Penitenciario,2026-09-03
3082,39,Masculino,Casado,Técnico,False,0,Penitenciario,2026-09-03
3083,18,Masculino,Viudo,Primaria,True,3,Penitenciario,2026-09-03
3084,24,Masculino,Soltero,Secundaria,True,3,Penitenciario,2026-09-03
3085,35,Femenino,Viudo,Técnico,False,0,Penitenciario,2026-09-03
3086,41,Masculino,Soltero,Secundaria,False,0,Penitenciario,2026-09-03
3087,37,Masculino,Casado,Técnico,True,6,Penitenciario,2026-09-03
3088,52,Masculino,Soltero,Primaria,False,0,Penitenciario,2026-09-03
3089,18,Femenino,Soltero,Secundaria,True,3,Penitenciario,2026-09-03
3090,39,Femenino,Casado,Secundaria,True,2,Penitenciario,2026-09-03
3091,18,Masculino,Casado,Sin escolaridad,True,1,Penitenciario,2026-09-03
3092,47,Femenino,Soltero,Secundaria,False,0,Penitenciario,2026-09-03
3093,36,Masculino,Soltero,Secundaria,True,1,Penitenciario,2026-09-03
3094,43,Femenino,Soltero,Secundaria,True,2,Penitenciario,2026-09-03
3095,27,Femenino,Viudo,Técnico,True,5,Penitenciario,2026-09-03
3096,53,Masculino,Divorciado,Primaria,False,0,Penitenciario,2026-09-03
3097,50,Femenino,Soltero,Primaria,True,4,Penitenciario,2026-09-03
3098,45,Masculino,Divorciado,Secundaria,False,0,Penitenciario,2026-09-03
3099,36,Masculino,Divorciado,Secundaria,True,4,Penitenciario,2026-09-03
3100,44,Masculino,Soltero,Secundaria,False,0,Penitenciario,2026-09-03
3101,29,Femenino,Casado,Secundaria,True,3,Penitenciario,2026-09-03
3102,48,Masculino,Soltero,Sin escolaridad,True,2,Penitenciario,2026-09-03
3103,57,Masculino,Casado,Secundaria,False,0,Penitenciario,2026-09-03
3104,50,Femenino,Soltero,Técnico,True,2,Penitenciario,2026-09-03
3105,29,Masculino,Soltero,Secundaria,True,2,Penitenciario,2026-09-03
3106,42,Masculino,Soltero,Secundaria,True,2,Penitenciario,2026-09-03
3107,22,Masculino,Soltero,Primaria,True,4,Penitenciario,2026-09-03
3108,44,Masculino,Casado,Primaria,False,0,Penitenciario,2026-09-03
3109,43,Masculino,Soltero,Primaria,False,0,Penitenciario,2026-09-03
3110,18,Masculino,Soltero,Secundaria,True,4,Penitenciario,2026-09-03
3111,24,Femenino,Divorciado,Técnico,True,4,Penitenciario,2026-09-03
3112,34,Femenino,Soltero,Secundaria,True,4,Penitenciario,2026-09-03
3113,34,Masculino,Soltero,Primaria,True,2,Penitenciario,2026-09-03
3114,23,Masculino,Viudo,Primaria,True,4,Penitenciario,2026-09-03
3115,42,Masculino,Divorciado,Secundaria,True,4,Penitenciario,2026-09-03
3116,41,Masculino,Soltero,Secundaria,False,0,Penitenciario,2026-09-03
3117,35,Masculino,Soltero,Secundaria,True,2,Penitenciario,2026-09-03
3118,28,Masculino,Viudo,Secundaria,True,3,Penitenciario,2026-09-03
3119,50,Femenino,Soltero,Secundaria,True,4,Penitenciario,2026-09-03
3120,57,Masculino,Soltero,Primaria,False,0,Penitenciario,2026-09-03
3121,32,Masculino,Soltero,Primaria,True,1,Penitenciario,2026-09-03
3122,30,Femenino,Soltero,Sin escolaridad,True,2,Penitenciario,2026-09-03
3123,43,Masculino,Casado,Primaria,False,0,Penitenciario,2026-09-03
3124,33,Masculino,Casado,Primaria,True,3,Penitenciario,2026-09-03
3125,36,Masculino,Viudo,Primaria,False,0,Penitenciario,2026-09-03
3126,46,Masculino,Casado,Secundaria,True,3,Penitenciario,2026-09-03
3127,18,Femenino,Soltero,Secundaria,True,2,Penitenciario,2026-09-03
3128,53,Masculino,Soltero,Secundaria,True,5,Penitenciario,2026-09-03
3129,38,Femenino,Viudo,Técnico,True,1,Penitenciario,2026-09-03
3130,33,Femenino,Soltero,Primaria,False,0,Penitenciario,2026-09-03
3131,36,Femenino,Soltero,Técnico,True,2,Penitenciario,2026-09-03
3132,37,Femenino,Divorciado,Secundaria,True,3,Penitenciario,2026-09-03
3133,18,Masculino,Soltero,Secundaria,False,0,Penitenciario,2026-09-03
3134,55,Masculino,Soltero,Secundaria,True,2,Penitenciario,2026-09-03
3135,38,Masculino,Divorciado,Primaria,True,1,Penitenciario,2026-09-03
3136,43,Masculino,Viudo,Superior,False,0,Penitenciario,2026-09-03
3137,49,Femenino,Soltero,Primaria,False,0,Penitenciario,2026-09-03
3138,25,Masculino,Divorciado,Primaria,True,4,Penitenciario,2026-09-03
3139,43,Femenino,Soltero,Primaria,False,0,Penitenciario,2026-09-03
3140,34,Femenino,Soltero,Primaria,True,1,Penitenciario,2026-09-03
3141,48,Femenino,Divorciado,Primaria,False,0,Penitenciario,2026-09-03
3142,18,Femenino,Viudo,Sin escolaridad,False,0,Penitenciario,2026-09-03
3143,36,Masculino,Soltero,Primaria,True,4,Penitenciario,2026-09-03
3144,30,Masculino,Soltero,Técnico,False,0,Penitenciario,2026-09-03
3145,43,Masculino,Soltero,Primaria,True,2,Penitenciario,2026-09-03
3146,43,Masculino,Soltero,Primaria,True,1,Penitenciario,2026-09-03
3147,29,Masculino,Soltero,Secundaria,False,0,Penitenciario,2026-09-03
3148,29,Femenino,Soltero,Superior,True,2,Penitenciario,2026-09-03
3149,36,Femenino,Soltero,Primaria,False,0,Penitenciario,2026-09-03
3150,27,Masculino,Soltero,Primaria,True,2,Penitenciario,2026-09-03
3151,48,Masculino,Soltero,Superior,False,0,Penitenciario,2026-09-03
3152,33,Masculino,Casado,Primaria,False,0,Penitenciario,2026-09-03
3153,18,Masculino,Soltero,Secundaria,False,0,Penitenciario,2026-09-03
3154,33,Masculino,Soltero,Primaria,True,1,Penitenciario,2026-09-03
3155,25,Masculino,Divorciado,Técnico,False,0,Penitenciario,2026-09-03
3156,18,Masculino,Casado,Superior,False,0,Penitenciario,2026-09-03
3157,23,Masculino,Soltero,Secundaria,False,0,Penitenciario,2026-09-03
3158,39,Masculino,Soltero,Primaria,True,4,Penitenciario,2026-09-03
3159,53,Masculino,Casado,Secundaria,True,3,Penitenciario,2026-09-03
3160,41,Masculino,Soltero,Primaria,True,3,Penitenciario,2026-09-03
3161,30,Masculino,Casado,Técnico,True,4,Penitenciario,2026-09-03
3162,43,Masculino,Soltero,Técnico,True,3,Penitenciario,2026-09-03
3163,32,Femenino,Soltero,Secundaria,True,3,Penitenciario,2026-09-03
3164,29,Masculino,Soltero,Secundaria,True,2,Penitenciario,2026-09-03
3165,24,Masculino,Casado,Primaria,False,0,Penitenciario,2026-09-03
3166,18,Femenino,Divorciado,Secundaria,False,0,Penitenciario,2026-09-03
3167,33,Masculino,Soltero,Secundaria,True,5,Penitenciario,2026-09-03
3168,39,Femenino,Soltero,Secundaria,False,0,Penitenciario,2026-09-03
3169,36,Masculino,Soltero,Secundaria,True,3,Penitenciario,2026-09-03
3170,33,Masculino,Soltero,Sin escolaridad,True,3,Penitenciario,2026-09-03
3171,26,Masculino,Divorciado,Secundaria,True,3,Penitenciario,2026-09-03
3172,45,Masculino,Soltero,Técnico,False,0,Penitenciario,2026-09-03
3173,22,Masculino,Divorciado,Superior,False,0,Penitenciario,2026-09-03
3174,47,Masculino,Casado,Secundaria,False,0,Penitenciario,2026-09-03
3175,25,Masculino,Divorciado,Secundaria,False,0,Penitenciario,2026-09-03
3176,28,Masculino,Casado,Primaria,True,5,Penitenciario,2026-09-03
3177,20,Masculino,Soltero,Superior,False,0,Penitenciario,2026-09-03
3178,31,Masculino,Soltero,Secundaria,False,0,Penitenciario,2026-09-03
3179,49,Masculino,Soltero,Secundaria,False,0,Penitenciario,2026-09-03
3180,44,Masculino,Soltero,Secundaria,False,0,Penitenciario,2026-09-03
3181,49,Masculino,Soltero,Secundaria,False,0,Penitenciario,2026-09-03
3182,44,Femenino,Soltero,Sin escolaridad,False,0,Penitenciario,2026-09-03
3183,24,Masculino,Viudo,Primaria,False,0,Penitenciario,2026-09-03
3184,34,Masculino,Soltero,Secundaria,False,0,Penitenciario,2026-09-03
3185,28,Masculino,Casado,Técnico,False,0,Penitenciario,2026-09-03
3186,53,Masculino,Divorciado,Secundaria,False,0,Penitenciario,2026-09-03
3187,23,Femenino,Divorciado,Secundaria,False,0,Penitenciario,2026-09-03
3188,48,Masculino,Soltero,Secundaria,False,0,Penitenciario,2026-09-03
3189,48,Masculino,Soltero,Secundaria,True,4,Penitenciario,2026-09-03
3190,59,Masculino,Soltero,Secundaria,True,3,Penitenciario,2026-09-03
3191,33,Femenino,Soltero,Secundaria,True,3,Penitenciario,2026-09-03
3192,46,Masculino,Soltero,Primaria,False,0,Penitenciario,2026-09-03
3193,65,Femenino,Casado,Técnico,True,2,Penitenciario,2026-09-03
3194,30,Femenino,Soltero,Secundaria,False,0,Penitenciario,2026-09-03
3195,19,Masculino,Soltero,Secundaria,False,0,Penitenciario,2026-09-03
3196,18,Femenino,Viudo,Primaria,False,0,Penitenciario,2026-09-03
3197,46,Masculino,Soltero,Primaria,True,5,Penitenciario,2026-09-03
3198,18,Femenino,Soltero,Técnico,True,4,Penitenciario,2026-09-03
3199,33,Masculino,Casado,Primaria,True,1,Penitenciario,2026-09-03
3200,43,Masculino,Soltero,Secundaria,False,0,Penitenciario,2026-09-03
3201,40,Masculino,Casado,Secundaria,False,0,Penitenciario,2026-09-03
3202,43,Femenino,Soltero,Secundaria,True,3,Penitenciario,2026-09-03
3203,40,Masculino,Divorciado,Primaria,False,0,Penitenciario,2026-09-03
3204,53,Masculino,Soltero,Primaria,True,1,Penitenciario,2026-09-03
3205,26,Masculino,Soltero,Técnico,True,4,Penitenciario,2026-09-03
3206,29,Masculino,Soltero,Secundaria,True,5,Penitenciario,2026-09-03
3207,28,Masculino,Soltero,Primaria,False,0,Penitenciario,2026-09-03
3208,47,Masculino,Soltero,Primaria,True,5,Penitenciario,2026-09-03
3209,48,Masculino,Soltero,Superior,True,2,Penitenciario,2026-09-03
3210,43,Masculino,Soltero,Primaria,True,3,Penitenciario,2026-09-03
3211,52,Masculino,Soltero,Secundaria,True,5,Penitenciario,2026-09-03
3212,23,Masculino,Soltero,Secundaria,False,0,Penitenciario,2026-09-03
3213,58,Masculino,Soltero,Técnico,True,8,Penitenciario,2026-09-03
3214,56,Femenino,Casado,Secundaria,True,2,Penitenciario,2026-09-03
3215,46,Masculino,Soltero,Secundaria,True,2,Penitenciario,2026-09-03
3216,59,Femenino,Soltero,Sin escolaridad,False,0,Penitenciario,2026-09-03
3217,18,Femenino,Casado,Técnico,True,2,Penitenciario,2026-09-03
3218,31,Masculino,Divorciado,Secundaria,False,0,Penitenciario,2026-09-03
3219,29,Masculino,Soltero,Técnico,True,5,Penitenciario,2026-09-03
3220,46,Femenino,Soltero,Secundaria,True,3,Penitenciario,2026-09-03
3221,25,Masculino,Soltero,Secundaria,False,0,Penitenciario,2026-09-03
3222,47,Masculino,Soltero,Primaria,False,0,Penitenciario,2026-09-03
3223,54,Masculino,Casado,Secundaria,False,0,Penitenciario,2026-09-03
3224,46,Masculino,Soltero,Primaria,True,2,Penitenciario,2026-09-03
3225,41,Femenino,Casado,Secundaria,True,3,Penitenciario,2026-09-03
3226,26,Masculino,Soltero,Primaria,True,3,Penitenciario,2026-09-03
3227,27,Masculino,Soltero,Primaria,False,0,Penitenciario,2026-09-03
3228,52,Masculino,Casado,Primaria,False,0,Penitenciario,2026-09-03
3229,47,Masculino,Soltero,Primaria,False,0,Penitenciario,2026-09-03
3230,37,Masculino,Soltero,Técnico,True,1,Penitenciario,2026-09-03
3231,32,Masculino,Viudo,Secundaria,True,3,Penitenciario,2026-09-03
3232,18,Femenino,Divorciado,Secundaria,False,0,Penitenciario,2026-09-03
3233,25,Masculino,Casado,Primaria,True,2,Penitenciario,2026-09-03
3234,60,Femenino,Soltero,Secundaria,True,4,Penitenciario,2026-09-03
3235,22,Masculino,Soltero,Secundaria,True,1,Penitenciario,2026-09-03
3236,40,Masculino,Divorciado,Superior,False,0,Penitenciario,2026-09-03
3237,50,Masculino,Soltero,Secundaria,False,0,Penitenciario,2026-09-03
3238,22,Masculino,Divorciado,Secundaria,False,0,Penitenciario,2026-09-03
3239,40,Masculino,Soltero,Secundaria,True,4,Penitenciario,2026-09-03
3240,49,Masculino,Soltero,Primaria,False,0,Penitenciario,2026-09-03
3241,38,Femenino,Viudo,Secundaria,True,2,Penitenciario,2026-09-03
3242,72,Femenino,Soltero,Primaria,False,0,Penitenciario,2026-09-03
3243,18,Masculino,Soltero,Primaria,True,2,Penitenciario,2026-09-03
3244,50,Masculino,Soltero,Primaria,True,2,Penitenciario,2026-09-03
3245,35,Masculino,Soltero,Secundaria,False,0,Penitenciario,2026-09-03
3246,47,Masculino,Soltero,Secundaria,True,4,Penitenciario,2026-09-03
3247,43,Masculino,Soltero,Secundaria,False,0,Penitenciario,2026-09-03
3248,29,Masculino,Soltero,Secundaria,True,4,Penitenciario,2026-09-03
3249,40,Femenino,Casado,Primaria,True,1,Penitenciario,2026-09-03
3250,18,Femenino,Soltero,Secundaria,False,0,Penitenciario,2026-09-03
3251,45,Masculino,Viudo,Secundaria,True,1,Penitenciario,2026-09-03
3252,41,Masculino,Soltero,Técnico,True,2,Penitenciario,2026-09-03
3253,45,Masculino,Soltero,Secundaria,True,1,Penitenciario,2026-09-03
3254,50,Femenino,Soltero,Secundaria,False,0,Penitenciario,2026-09-03
3255,42,Masculino,Casado,Secundaria,True,2,Penitenciario,2026-09-03
3256,39,Masculino,Viudo,Primaria,False,0,Penitenciario,2026-09-03
3257,27,Femenino,Casado,Primaria,False,0,Penitenciario,2026-09-03
3258,29,Masculino,Soltero,Primaria,False,0,Penitenciario,2026-09-03
3259,52,Masculino,Soltero,Primaria,False,0,Penitenciario,2026-09-03
3260,55,Masculino,Casado,Secundaria,True,3,Penitenciario,2026-09-03
3261,35,Masculino,Divorciado,Superior,True,1,Penitenciario,2026-09-03
3262,38,Masculino,Viudo,Secundaria,True,2,Penitenciario,2026-09-03
3263,27,Masculino,Soltero,Secundaria,False,0,Penitenciario,2026-09-03
3264,52,Masculino,Viudo,Secundaria,True,2,Penitenciario,2026-09-03
3265,45,Masculino,Soltero,Primaria,True,4,Penitenciario,2026-09-03
3266,61,Femenino,Soltero,Primaria,True,3,Penitenciario,2026-09-03
3267,27,Masculino,Soltero,Secundaria,True,5,Penitenciario,2026-09-03
3268,33,Masculino,Soltero,Secundaria,True,3,Penitenciario,2026-09-03
3269,40,Masculino,Casado,Superior,False,0,Penitenciario,2026-09-03
3270,45,Femenino,Divorciado,Secundaria,True,1,Penitenciario,2026-09-03
3271,35,Femenino,Casado,Técnico,True,6,Penitenciario,2026-09-03
3272,27,Masculino,Casado,Secundaria,False,0,Penitenciario,2026-09-03
3273,48,Masculino,Soltero,Secundaria,False,0,Penitenciario,2026-09-03
3274,46,Femenino,Casado,Secundaria,False,0,Penitenciario,2026-09-03
3275,27,Masculino,Soltero,Primaria,False,0,Penitenciario,2026-09-03
3276,54,Masculino,Casado,Primaria,False,0,Penitenciario,2026-09-03
3277,52,Femenino,Casado,Sin escolaridad,True,4,Penitenciario,2026-09-03
3278,39,Masculino,Casado,Secundaria,False,0,Penitenciario,2026-09-03
3279,38,Femenino,Soltero,Secundaria,True,1,Penitenciario,2026-09-03
3280,44,Femenino,Divorciado,Primaria,True,4,Penitenciario,2026-09-03
3281,27,Masculino,Soltero,Secundaria,True,2,Penitenciario,2026-09-03
3282,38,Femenino,Soltero,Primaria,True,3,Penitenciario,2026-09-03
3283,18,Femenino,Casado,Secundaria,True,3,Penitenciario,2026-09-03
3284,48,Masculino,Soltero,Secundaria,False,0,Penitenciario,2026-09-03
3285,19,Masculino,Divorciado,Secundaria,True,2,Penitenciario,2026-09-03
3286,56,Masculino,Soltero,Secundaria,False,0,Penitenciario,2026-09-03
3287,34,Masculino,Soltero,Primaria,True,2,Penitenciario,2026-09-03
3288,35,Femenino,Divorciado,Secundaria,False,0,Penitenciario,2026-09-03
3289,30,Masculino,Soltero,Primaria,False,0,Penitenciario,2026-09-03
3290,34,Masculino,Soltero,Primaria,True,3,Penitenciario,2026-09-03
3291,55,Masculino,Soltero,Primaria,True,2,Penitenciario,2026-09-03
3292,18,Femenino,Soltero,Secundaria,True,2,Penitenciario,2026-09-03
3293,53,Masculino,Casado,Secundaria,True,3,Penitenciario,2026-09-03
3294,42,Masculino,Soltero,Secundaria,False,0,Penitenciario,2026-09-03
3295,23,Masculino,Divorciado,Secundaria,False,0,Penitenciario,2026-09-03
3296,25,Masculino,Casado,Primaria,False,0,Penitenciario,2026-09-03
3297,58,Masculino,Soltero,Técnico,False,0,Penitenciario,2026-09-03
3298,26,Masculino,Casado,Secundaria,False,0,Penitenciario,2026-09-03
3299,24,Masculino,Casado,Secundaria,False,0,Penitenciario,2026-09-03
3300,51,Masculino,Soltero,Secundaria,False,0,Penitenciario,2026-09-03
3301,42,Femenino,Soltero,Primaria,True,1,Penitenciario,2026-09-03
3302,26,Masculino,Soltero,Primaria,True,2,Penitenciario,2026-09-03
3303,40,Masculino,Casado,Secundaria,True,1,Penitenciario,2026-09-03
3304,25,Masculino,Casado,Primaria,False,0,Penitenciario,2026-09-03
3305,51,Masculino,Soltero,Primaria,True,3,Penitenciario,2026-09-03
3306,50,Masculino,Casado,Técnico,False,0,Penitenciario,2026-09-03
3307,44,Masculino,Casado,Secundaria,True,4,Penitenciario,2026-09-03
3308,42,Masculino,Casado,Secundaria,False,0,Penitenciario,2026-09-03
3309,59,Masculino,Casado,Secundaria,True,5,Penitenciario,2026-09-03
3310,37,Masculino,Soltero,Superior,True,2,Penitenciario,2026-09-03
3311,23,Femenino,Divorciado,Primaria,False,0,Penitenciario,2026-09-03
3312,43,Masculino,Casado,Secundaria,True,3,Penitenciario,2026-09-03
3313,63,Masculino,Casado,Secundaria,True,1,Penitenciario,2026-09-03
3314,25,Masculino,Soltero,Primaria,False,0,Penitenciario,2026-09-03
3315,33,Masculino,Soltero,Primaria,True,2,Penitenciario,2026-09-03
3316,42,Masculino,Soltero,Secundaria,False,0,Penitenciario,2026-09-03
3317,37,Masculino,Soltero,Secundaria,True,4,Penitenciario,2026-09-03
3318,26,Masculino,Casado,Primaria,True,1,Penitenciario,2026-09-03
3319,51,Masculino,Soltero,Secundaria,False,0,Penitenciario,2026-09-03
3320,65,Masculino,Casado,Secundaria,True,2,Penitenciario,2026-09-03
3321,40,Femenino,Casado,Secundaria,False,0,Penitenciario,2026-09-03
3322,27,Masculino,Casado,Técnico,False,0,Penitenciario,2026-09-03
3323,19,Masculino,Soltero,Técnico,True,4,Penitenciario,2026-09-03
3324,41,Femenino,Viudo,Secundaria,True,1,Penitenciario,2026-09-03
3325,51,Masculino,Casado,Superior,True,1,Penitenciario,2026-09-03
3326,43,Masculino,Casado,Primaria,False,0,Penitenciario,2026-09-03
3327,37,Masculino,Soltero,Sin escolaridad,False,0,Penitenciario,2026-09-03
3328,30,Masculino,Soltero,Secundaria,False,0,Penitenciario,2026-09-03
3329,24,Masculino,Soltero,Secundaria,True,1,Penitenciario,2026-09-03
3330,48,Femenino,Soltero,Secundaria,True,3,Penitenciario,2026-09-03
3331,48,Masculino,Soltero,Secundaria,False,0,Penitenciario,2026-09-03
3332,19,Masculino,Soltero,Primaria,False,0,Penitenciario,2026-09-03
3333,57,Femenino,Casado,Primaria,True,3,Penitenciario,2026-09-03
3334,44,Femenino,Soltero,Técnico,False,0,Penitenciario,2026-09-03
3335,54,Masculino,Soltero,Técnico,False,0,Penitenciario,2026-09-03
3336,21,Masculino,Divorciado,Secundaria,False,0,Penitenciario,2026-09-03
3337,21,Masculino,Soltero,Secundaria,True,4,Penitenciario,2026-09-03
3338,36,Masculino,Casado,Secundaria,False,0,Penitenciario,2026-09-03
3339,44,Masculino,Soltero,Primaria,True,4,Penitenciario,2026-09-03
3340,59,Masculino,Soltero,Secundaria,True,2,Penitenciario,2026-09-03
3341,46,Femenino,Soltero,Secundaria,True,2,Penitenciario,2026-09-03
3342,35,Masculino,Casado,Secundaria,False,0,Penitenciario,2026-09-03
3343,25,Masculino,Soltero,Sin escolaridad,False,0,Penitenciario,2026-09-03
3344,52,Masculino,Divorciado,Superior,False,0,Penitenciario,2026-09-03
3345,26,Masculino,Soltero,Secundaria,True,2,Penitenciario,2026-09-03
3346,57,Masculino,Soltero,Primaria,True,3,Penitenciario,2026-09-03
3347,34,Masculino,Casado,Secundaria,False,0,Penitenciario,2026-09-03
3348,57,Femenino,Soltero,Técnico,True,1,Penitenciario,2026-09-03
3349,46,Masculino,Casado,Primaria,False,0,Penitenciario,2026-09-03
3350,36,Masculino,Soltero,Secundaria,True,3,Penitenciario,2026-09-03
3351,31,Masculino,Soltero,Secundaria,False,0,Penitenciario,2026-09-03
3352,33,Masculino,Casado,Secundaria,False,0,Penitenciario,2026-09-03
3353,43,Masculino,Viudo,Secundaria,False,0,Penitenciario,2026-09-03
3354,38,Femenino,Soltero,Secundaria,False,0,Penitenciario,2026-09-03
3355,30,Femenino,Casado,Primaria,True,4,Penitenciario,2026-09-03
3356,36,Masculino,Soltero,Primaria,False,0,Penitenciario,2026-09-03
3357,38,Masculino,Casado,Sin escolaridad,False,0,Penitenciario,2026-09-03
3358,18,Femenino,Casado,Secundaria,True,2,Penitenciario,2026-09-03
3359,43,Masculino,Soltero,Secundaria,True,8,Penitenciario,2026-09-03
3360,26,Masculino,Soltero,Primaria,False,0,Penitenciario,2026-09-03
3361,24,Masculino,Soltero,Secundaria,False,0,Penitenciario,2026-09-03
3362,18,Femenino,Soltero,Secundaria,True,3,Penitenciario,2026-09-03
3363,18,Masculino,Soltero,Primaria,False,0,Penitenciario,2026-09-03
3364,21,Femenino,Casado,Secundaria,True,3,Penitenciario,2026-09-03
3365,29,Femenino,Viudo,Secundaria,False,0,Penitenciario,2026-09-03
3366,61,Masculino,Soltero,Secundaria,False,0,Penitenciario,2026-09-03
3367,31,Femenino,Soltero,Primaria,False,0,Penitenciario,2026-09-03
3368,40,Femenino,Soltero,Secundaria,False,0,Penitenciario,2026-09-03
3369,42,Masculino,Divorciado,Superior,True,6,Penitenciario,2026-09-03
3370,39,Masculino,Soltero,Secundaria,False,0,Penitenciario,2026-09-03
3371,37,Masculino,Soltero,Secundaria,False,0,Penitenciario,2026-09-03
3372,23,Masculino,Soltero,Secundaria,False,0,Penitenciario,2026-09-03
3373,55,Masculino,Soltero,Primaria,False,0,Penitenciario,2026-09-03
3374,59,Masculino,Soltero,Secundaria,True,2,Penitenciario,2026-09-03
3375,18,Masculino,Soltero,Primaria,False,0,Penitenciario,2026-09-03
3376,25,Femenino,Soltero,Primaria,True,3,Penitenciario,2026-09-03
3377,34,Masculino,Soltero,Secundaria,False,0,Penitenciario,2026-09-03
3378,26,Masculino,Soltero,Sin escolaridad,False,0,Penitenciario,2026-09-03
3379,44,Masculino,Soltero,Secundaria,False,0,Penitenciario,2026-09-03
3380,29,Masculino,Soltero,Primaria,False,0,Penitenciario,2026-09-03
3381,63,Masculino,Divorciado,Sin escolaridad,True,2,Penitenciario,2026-09-03
3382,52,Masculino,Divorciado,Secundaria,True,1,Penitenciario,2026-09-03
3383,40,Masculino,Soltero,Técnico,False,0,Penitenciario,2026-09-03
3384,50,Femenino,Soltero,Primaria,True,2,Penitenciario,2026-09-03
3385,51,Femenino,Casado,Secundaria,True,2,Penitenciario,2026-09-03
3386,31,Masculino,Soltero,Primaria,True,3,Penitenciario,2026-09-03
3387,28,Femenino,Soltero,Secundaria,True,4,Penitenciario,2026-09-03
3388,38,Femenino,Soltero,Secundaria,True,2,Penitenciario,2026-09-03
3389,48,Masculino,Divorciado,Primaria,False,0,Penitenciario,2026-09-03
3390,39,Femenino,Divorciado,Secundaria,True,1,Penitenciario,2026-09-03
3391,19,Femenino,Soltero,Primaria,True,2,Penitenciario,2026-09-03
3392,28,Masculino,Soltero,Primaria,True,3,Penitenciario,2026-09-03
3393,37,Masculino,Divorciado,Secundaria,True,2,Penitenciario,2026-09-03
3394,37,Masculino,Divorciado,Secundaria,False,0,Penitenciario,2026-09-03
3395,61,Masculino,Viudo,Secundaria,False,0,Penitenciario,2026-09-03
3396,21,Femenino,Soltero,Secundaria,True,5,Penitenciario,2026-09-03
3397,44,Masculino,Soltero,Secundaria,True,4,Penitenciario,2026-09-03
3398,55,Femenino,Casado,Secundaria,True,2,Penitenciario,2026-09-03
3399,65,Femenino,Soltero,Secundaria,False,0,Penitenciario,2026-09-03
3400,33,Masculino,Soltero,Secundaria,False,0,Penitenciario,2026-09-03
3401,43,Masculino,Soltero,Secundaria,True,5,Penitenciario,2026-09-03
3402,44,Masculino,Divorciado,Secundaria,True,4,Penitenciario,2026-09-03
3403,40,Masculino,Divorciado,Secundaria,False,0,Penitenciario,2026-09-03
3404,36,Masculino,Soltero,Secundaria,True,5,Penitenciario,2026-09-03
3405,43,Masculino,Divorciado,Secundaria,False,0,Penitenciario,2026-09-03
3406,18,Masculino,Soltero,Secundaria,False,0,Penitenciario,2026-09-03
3407,46,Femenino,Casado,Secundaria,True,3,Penitenciario,2026-09-03
3408,39,Masculino,Soltero,Secundaria,False,0,Penitenciario,2026-09-03
3409,35,Masculino,Soltero,Técnico,False,0,Penitenciario,2026-09-03
3410,62,Masculino,Soltero,Secundaria,False,0,Penitenciario,2026-09-03
3411,29,Femenino,Soltero,Técnico,True,3,Penitenciario,2026-09-03
3412,33,Masculino,Soltero,Secundaria,True,3,Penitenciario,2026-09-03
3413,61,Masculino,Soltero,Superior,False,0,Penitenciario,2026-09-03
3414,28,Femenino,Viudo,Secundaria,False,0,Penitenciario,2026-09-03
3415,31,Masculino,Soltero,Superior,False,0,Penitenciario,2026-09-03
3416,36,Masculino,Soltero,Primaria,True,2,Penitenciario,2026-09-03
3417,48,Masculino,Soltero,Primaria,False,0,Penitenciario,2026-09-03
3418,40,Femenino,Soltero,Secundaria,True,4,Penitenciario,2026-09-03
3419,22,Masculino,Soltero,Superior,False,0,Penitenciario,2026-09-03
3420,31,Masculino,Casado,Secundaria,True,5,Penitenciario,2026-09-03
3421,30,Masculino,Soltero,Primaria,False,0,Penitenciario,2026-09-03
3422,37,Femenino,Casado,Secundaria,True,2,Penitenciario,2026-09-03
3423,43,Masculino,Casado,Secundaria,True,4,Penitenciario,2026-09-03
3424,43,Masculino,Soltero,Primaria,True,4,Penitenciario,2026-09-03
3425,18,Femenino,Soltero,Secundaria,True,3,Penitenciario,2026-09-03
3426,50,Masculino,Divorciado,Superior,True,2,Penitenciario,2026-09-03
3427,41,Femenino,Soltero,Técnico,True,1,Penitenciario,2026-09-03
3428,54,Femenino,Soltero,Primaria,True,1,Penitenciario,2026-09-03
3429,43,Femenino,Divorciado,Primaria,False,0,Penitenciario,2026-09-03
3430,51,Masculino,Soltero,Secundaria,False,0,Penitenciario,2026-09-03
3431,43,Masculino,Soltero,Secundaria,False,0,Penitenciario,2026-09-03
3432,54,Femenino,Viudo,Primaria,True,2,Penitenciario,2026-09-03
3433,44,Femenino,Soltero,Secundaria,True,1,Penitenciario,2026-09-03
3434,36,Masculino,Soltero,Secundaria,True,6,Penitenciario,2026-09-03
3435,65,Femenino,Divorciado,Técnico,True,1,Penitenciario,2026-09-03
3436,48,Masculino,Divorciado,Técnico,True,3,Penitenciario,2026-09-03
3437,44,Masculino,Soltero,Sin escolaridad,True,3,Penitenciario,2026-09-03
3438,22,Masculino,Soltero,Superior,True,2,Penitenciario,2026-09-03
3439,22,Femenino,Casado,Secundaria,True,6,Penitenciario,2026-09-03
3440,41,Masculino,Casado,Secundaria,False,0,Penitenciario,2026-09-03
3441,39,Masculino,Soltero,Secundaria,True,2,Penitenciario,2026-09-03
3442,30,Femenino,Soltero,Secundaria,True,7,Penitenciario,2026-09-03
3443,39,Masculino,Soltero,Primaria,False,0,Penitenciario,2026-09-03
3444,57,Masculino,Divorciado,Secundaria,True,3,Penitenciario,2026-09-03
3445,46,Masculino,Divorciado,Primaria,False,0,Penitenciario,2026-09-03
3446,24,Masculino,Viudo,Secundaria,False,0,Penitenciario,2026-09-03
3447,36,Masculino,Divorciado,Primaria,True,2,Penitenciario,2026-09-03
3448,28,Femenino,Soltero,Sin escolaridad,True,3,Penitenciario,2026-09-03
3449,33,Masculino,Soltero,Secundaria,True,3,Penitenciario,2026-09-03
3450,33,Femenino,Casado,Secundaria,True,3,Penitenciario,2026-09-03
3451,32,Masculino,Casado,Secundaria,False,0,Penitenciario,2026-09-03
3452,22,Masculino,Soltero,Primaria,False,0,Penitenciario,2026-09-03
3453,36,Masculino,Soltero,Técnico,False,0,Penitenciario,2026-09-03
3454,31,Masculino,Divorciado,Secundaria,True,3,Penitenciario,2026-09-03
3455,18,Masculino,Soltero,Primaria,False,0,Penitenciario,2026-09-03
3456,62,Masculino,Soltero,Secundaria,True,2,Penitenciario,2026-09-03
3457,51,Masculino,Casado,Secundaria,False,0,Penitenciario,2026-09-03
3458,33,Masculino,Casado,Primaria,True,3,Penitenciario,2026-09-03
3459,38,Masculino,Soltero,Secundaria,False,0,Penitenciario,2026-09-03
3460,23,Masculino,Casado,Secundaria,False,0,Penitenciario,2026-09-03
3461,58,Femenino,Soltero,Secundaria,False,0,Penitenciario,2026-09-03
3462,60,Masculino,Soltero,Primaria,True,2,Penitenciario,2026-09-03
3463,39,Masculino,Soltero,Técnico,False,0,Penitenciario,2026-09-03
3464,50,Femenino,Casado,Primaria,False,0,Penitenciario,2026-09-03
3465,40,Femenino,Viudo,Técnico,True,4,Penitenciario,2026-09-03
3466,21,Masculino,Casado,Primaria,False,0,Penitenciario,2026-09-03
3467,33,Masculino,Divorciado,Secundaria,True,4,Penitenciario,2026-09-03
3468,39,Masculino,Soltero,Secundaria,True,3,Penitenciario,2026-09-03
3469,32,Masculino,Soltero,Primaria,True,3,Penitenciario,2026-09-03
3470,35,Femenino,Soltero,Secundaria,False,0,Penitenciario,2026-09-03
3471,36,Femenino,Soltero,Secundaria,True,5,Penitenciario,2026-09-03
3472,37,Masculino,Casado,Sin escolaridad,True,4,Penitenciario,2026-09-03
3473,38,Femenino,Casado,Secundaria,True,2,Penitenciario,2026-09-03
3474,25,Masculino,Viudo,Secundaria,True,1,Penitenciario,2026-09-03
3475,29,Masculino,Soltero,Primaria,True,2,Penitenciario,2026-09-03
3476,22,Femenino,Soltero,Superior,True,2,Penitenciario,2026-09-03
3477,49,Masculino,Soltero,Técnico,False,0,Penitenciario,2026-09-03
3478,18,Femenino,Soltero,Primaria,True,5,Penitenciario,2026-09-03
3479,51,Femenino,Soltero,Secundaria,False,0,Penitenciario,2026-09-03
3480,54,Masculino,Soltero,Primaria,False,0,Penitenciario,2026-09-03
3481,34,Masculino,Soltero,Secundaria,True,2,Penitenciario,2026-09-03
3482,18,Masculino,Soltero,Técnico,True,6,Penitenciario,2026-09-03
3483,33,Masculino,Soltero,Secundaria,True,2,Penitenciario,2026-09-03
3484,37,Masculino,Soltero,Secundaria,True,1,Penitenciario,2026-09-03
3485,25,Masculino,Soltero,Secundaria,False,0,Penitenciario,2026-09-03
3486,31,Femenino,Soltero,Secundaria,True,2,Penitenciario,2026-09-03
3487,56,Masculino,Soltero,Técnico,True,1,Penitenciario,2026-09-03
3488,45,Masculino,Soltero,Secundaria,True,7,Penitenciario,2026-09-03
3489,26,Masculino,Soltero,Secundaria,True,2,Penitenciario,2026-09-03
3490,18,Femenino,Soltero,Secundaria,True,7,Penitenciario,2026-09-03
3491,34,Masculino,Soltero,Primaria,False,0,Penitenciario,2026-09-03
3492,35,Masculino,Casado,Primaria,True,2,Penitenciario,2026-09-03
3493,43,Femenino,Casado,Técnico,False,0,Penitenciario,2026-09-03
3494,31,Masculino,Casado,Secundaria,True,1,Penitenciario,2026-09-03
3495,44,Masculino,Soltero,Secundaria,True,3,Penitenciario,2026-09-03
3496,61,Femenino,Soltero,Primaria,True,4,Penitenciario,2026-09-03
3497,47,Masculino,Casado,Secundaria,True,4,Penitenciario,2026-09-03
3498,37,Femenino,Soltero,Superior,False,0,Penitenciario,2026-09-03
3499,35,Masculino,Casado,Primaria,True,3,Penitenciario,2026-09-03
3500,33,Masculino,Soltero,Primaria,True,3,Penitenciario,2026-09-03
3501,52,Femenino,Soltero,Secundaria,True,1,Penitenciario,2026-09-03
3502,30,Masculino,Casado,Secundaria,True,1,Penitenciario,2026-09-03
3503,38,Femenino,Soltero,Primaria,True,2,Penitenciario,2026-09-03
3504,38,Femenino,Soltero,Técnico,False,0,Penitenciario,2026-09-03
3505,31,Femenino,Soltero,Superior,True,3,Penitenciario,2026-09-03
3506,21,Femenino,Soltero,Secundaria,True,4,Penitenciario,2026-09-03
3507,41,Masculino,Soltero,Secundaria,False,0,Penitenciario,2026-09-03
3508,37,Femenino,Soltero,Técnico,True,4,Penitenciario,2026-09-03
3509,44,Masculino,Casado,Secundaria,True,3,Penitenciario,2026-09-03
3510,31,Masculino,Casado,Sin escolaridad,True,1,Penitenciario,2026-09-03
3511,52,Femenino,Soltero,Primaria,False,0,Penitenciario,2026-09-03
3512,27,Masculino,Viudo,Primaria,True,4,Penitenciario,2026-09-03
3513,58,Masculino,Soltero,Sin escolaridad,True,2,Penitenciario,2026-09-03
3514,18,Masculino,Soltero,Primaria,True,3,Penitenciario,2026-09-03
3515,43,Masculino,Casado,Secundaria,True,1,Penitenciario,2026-09-03
3516,43,Femenino,Casado,Primaria,False,0,Penitenciario,2026-09-03
3517,28,Masculino,Casado,Primaria,True,2,Penitenciario,2026-09-03
3518,43,Masculino,Soltero,Secundaria,True,1,Penitenciario,2026-09-03
3519,53,Femenino,Soltero,Primaria,True,4,Penitenciario,2026-09-03
3520,18,Masculino,Divorciado,Secundaria,True,3,Penitenciario,2026-09-03
3521,44,Masculino,Soltero,Sin escolaridad,True,6,Penitenciario,2026-09-03
3522,18,Masculino,Casado,Secundaria,True,2,Penitenciario,2026-09-03
3523,26,Masculino,Soltero,Superior,False,0,Penitenciario,2026-09-03
3524,57,Masculino,Casado,Secundaria,True,1,Penitenciario,2026-09-03
3525,31,Femenino,Soltero,Secundaria,True,5,Penitenciario,2026-09-03
3526,23,Masculino,Soltero,Técnico,True,2,Penitenciario,2026-09-03
3527,35,Femenino,Soltero,Primaria,True,5,Penitenciario,2026-09-03
3528,62,Femenino,Casado,Superior,False,0,Penitenciario,2026-09-03
3529,18,Masculino,Casado,Secundaria,False,0,Penitenciario,2026-09-03
3530,25,Masculino,Soltero,Secundaria,False,0,Penitenciario,2026-09-03
3531,55,Masculino,Casado,Secundaria,True,5,Penitenciario,2026-09-03
3532,60,Masculino,Soltero,Secundaria,False,0,Penitenciario,2026-09-03
3533,36,Femenino,Soltero,Secundaria,True,4,Penitenciario,2026-09-03
3534,23,Masculino,Soltero,Secundaria,True,2,Penitenciario,2026-09-03
3535,63,Masculino,Soltero,Secundaria,False,0,Penitenciario,2026-09-03
3536,57,Masculino,Soltero,Primaria,True,1,Penitenciario,2026-09-03
3537,46,Masculino,Soltero,Secundaria,True,1,Penitenciario,2026-09-03
3538,28,Masculino,Casado,Secundaria,False,0,Penitenciario,2026-09-03
3539,37,Masculino,Casado,Primaria,False,0,Penitenciario,2026-09-03
3540,36,Masculino,Casado,Primaria,False,0,Penitenciario,2026-09-03
3541,41,Masculino,Soltero,Primaria,False,0,Penitenciario,2026-09-03
3542,55,Masculino,Divorciado,Secundaria,False,0,Penitenciario,2026-09-03
3543,48,Femenino,Casado,Secundaria,True,2,Penitenciario,2026-09-03
3544,25,Masculino,Soltero,Primaria,True,3,Penitenciario,2026-09-03
3545,54,Masculino,Casado,Técnico,False,0,Penitenciario,2026-09-03
3546,41,Masculino,Soltero,Secundaria,False,0,Penitenciario,2026-09-03
3547,46,Masculino,Soltero,Secundaria,True,5,Penitenciario,2026-09-03
3548,55,Femenino,Soltero,Primaria,True,2,Penitenciario,2026-09-03
3549,24,Masculino,Soltero,Secundaria,True,4,Penitenciario,2026-09-03
3550,37,Masculino,Divorciado,Secundaria,True,5,Penitenciario,2026-09-03
3551,31,Femenino,Soltero,Superior,True,3,Penitenciario,2026-09-03
3552,19,Femenino,Soltero,Secundaria,True,2,Penitenciario,2026-09-03
3553,42,Masculino,Divorciado,Secundaria,False,0,Penitenciario,2026-09-03
3554,68,Masculino,Divorciado,Técnico,True,3,Penitenciario,2026-09-03
3555,18,Femenino,Casado,Primaria,False,0,Penitenciario,2026-09-03
3556,37,Masculino,Soltero,Sin escolaridad,False,0,Penitenciario,2026-09-03
3557,45,Femenino,Soltero,Secundaria,True,2,Penitenciario,2026-09-03
3558,39,Femenino,Casado,Primaria,True,2,Penitenciario,2026-09-03
3559,36,Femenino,Soltero,Primaria,True,2,Penitenciario,2026-09-03
3560,22,Masculino,Soltero,Secundaria,False,0,Penitenciario,2026-09-03
3561,40,Femenino,Soltero,Primaria,True,1,Penitenciario,2026-09-03
3562,28,Masculino,Soltero,Secundaria,True,3,Penitenciario,2026-09-03
3563,18,Femenino,Soltero,Técnico,True,2,Penitenciario,2026-09-03
3564,52,Masculino,Soltero,Primaria,False,0,Penitenciario,2026-09-03
3565,49,Masculino,Soltero,Primaria,False,0,Penitenciario,2026-09-03
3566,38,Masculino,Soltero,Primaria,False,0,Penitenciario,2026-09-03
3567,40,Masculino,Soltero,Primaria,False,0,Penitenciario,2026-09-03
3568,50,Masculino,Soltero,Primaria,True,1,Penitenciario,2026-09-03
3569,40,Femenino,Casado,Primaria,False,0,Penitenciario,2026-09-03
3570,48,Masculino,Casado,Secundaria,True,3,Penitenciario,2026-09-03
3571,34,Femenino,Soltero,Primaria,False,0,Penitenciario,2026-09-03
3572,53,Masculino,Soltero,Secundaria,True,5,Penitenciario,2026-09-03
3573,41,Masculino,Soltero,Técnico,True,5,Penitenciario,2026-09-03
3574,40,Masculino,Soltero,Secundaria,True,2,Penitenciario,2026-09-03
3575,22,Masculino,Soltero,Secundaria,True,2,Penitenciario,2026-09-03
3576,41,Femenino,Soltero,Primaria,True,2,Penitenciario,2026-09-03
3577,28,Masculino,Casado,Secundaria,False,0,Penitenciario,2026-09-03
3578,30,Masculino,Casado,Secundaria,False,0,Penitenciario,2026-09-03
3579,28,Masculino,Soltero,Primaria,False,0,Penitenciario,2026-09-03
3580,25,Femenino,Soltero,Secundaria,True,4,Penitenciario,2026-09-03
3581,63,Masculino,Casado,Primaria,False,0,Penitenciario,2026-09-03
3582,53,Masculino,Soltero,Primaria,True,5,Penitenciario,2026-09-03
3583,61,Masculino,Casado,Técnico,False,0,Penitenciario,2026-09-03
3584,23,Masculino,Soltero,Técnico,True,3,Penitenciario,2026-09-03
3585,38,Masculino,Casado,Primaria,False,0,Penitenciario,2026-09-03
3586,22,Femenino,Divorciado,Secundaria,True,4,Penitenciario,2026-09-03
3587,29,Masculino,Divorciado,Secundaria,False,0,Penitenciario,2026-09-03
3588,26,Masculino,Soltero,Secundaria,False,0,Penitenciario,2026-09-03
3589,52,Masculino,Soltero,Primaria,False,0,Penitenciario,2026-09-03
3590,33,Masculino,Soltero,Secundaria,True,5,Penitenciario,2026-09-03
3591,50,Masculino,Divorciado,Superior,True,4,Penitenciario,2026-09-03
3592,45,Femenino,Soltero,Primaria,True,6,Penitenciario,2026-09-03
3593,65,Femenino,Soltero,Técnico,True,5,Penitenciario,2026-09-03
3594,20,Femenino,Soltero,Superior,True,3,Penitenciario,2026-09-03
3595,53,Femenino,Soltero,Primaria,True,3,Penitenciario,2026-09-03
3596,51,Masculino,Soltero,Secundaria,False,0,Penitenciario,2026-09-03
3597,26,Masculino,Soltero,Primaria,False,0,Penitenciario,2026-09-03
3598,50,Masculino,Soltero,Secundaria,False,0,Penitenciario,2026-09-03
3599,42,Masculino,Soltero,Secundaria,True,2,Penitenciario,2026-09-03
3600,35,Masculino,Divorciado,Primaria,True,3,Penitenciario,2026-09-03
3601,28,Masculino,Casado,Secundaria,False,0,Penitenciario,2026-09-03
3602,29,Masculino,Casado,Secundaria,False,0,Penitenciario,2026-09-03
3603,62,Femenino,Soltero,Secundaria,True,2,Penitenciario,2026-09-03
3604,38,Femenino,Casado,Primaria,True,1,Penitenciario,2026-09-03
3605,47,Femenino,Soltero,Primaria,True,1,Penitenciario,2026-09-03
3606,28,Masculino,Soltero,Secundaria,False,0,Penitenciario,2026-09-03
3607,28,Masculino,Soltero,Superior,False,0,Penitenciario,2026-09-03
3608,50,Masculino,Soltero,Secundaria,False,0,Penitenciario,2026-09-03
3609,21,Masculino,Soltero,Secundaria,False,0,Penitenciario,2026-09-03
3610,33,Masculino,Viudo,Secundaria,True,4,Penitenciario,2026-09-03
3611,38,Masculino,Soltero,Primaria,True,2,Penitenciario,2026-09-03
3612,39,Masculino,Soltero,Primaria,True,5,Penitenciario,2026-09-03
3613,35,Masculino,Soltero,Secundaria,False,0,Penitenciario,2026-09-03
3614,42,Masculino,Soltero,Secundaria,True,7,Penitenciario,2026-09-03
3615,46,Masculino,Soltero,Secundaria,True,2,Penitenciario,2026-09-03
3616,46,Masculino,Soltero,Superior,True,2,Penitenciario,2026-09-03
3617,26,Masculino,Casado,Secundaria,True,4,Penitenciario,2026-09-03
3618,34,Masculino,Soltero,Secundaria,False,0,Penitenciario,2026-09-03
3619,52,Masculino,Soltero,Primaria,False,0,Penitenciario,2026-09-03
3620,48,Masculino,Casado,Superior,False,0,Penitenciario,2026-09-03
3621,21,Femenino,Divorciado,Secundaria,True,4,Penitenciario,2026-09-03
3622,42,Femenino,Casado,Técnico,False,0,Penitenciario,2026-09-03
3623,18,Masculino,Casado,Secundaria,True,4,Penitenciario,2026-09-03
3624,38,Masculino,Soltero,Secundaria,False,0,Penitenciario,2026-09-03
3625,60,Masculino,Soltero,Secundaria,True,3,Penitenciario,2026-09-03
3626,26,Masculino,Casado,Primaria,True,4,Penitenciario,2026-09-03
3627,27,Masculino,Divorciado,Secundaria,True,3,Penitenciario,2026-09-03
3628,47,Masculino,Soltero,Técnico,False,0,Penitenciario,2026-09-03
3629,19,Masculino,Soltero,Primaria,False,0,Penitenciario,2026-09-03
3630,30,Masculino,Casado,Primaria,True,2,Penitenciario,2026-09-03
3631,45,Femenino,Soltero,Secundaria,True,2,Penitenciario,2026-09-03
3632,30,Masculino,Soltero,Primaria,False,0,Penitenciario,2026-09-03
3633,35,Femenino,Soltero,Secundaria,True,5,Penitenciario,2026-09-03
3634,46,Masculino,Casado,Secundaria,True,4,Penitenciario,2026-09-03
3635,43,Masculino,Viudo,Primaria,True,4,Penitenciario,2026-09-03
3636,41,Femenino,Soltero,Secundaria,True,3,Penitenciario,2026-09-03
3637,33,Femenino,Soltero,Secundaria,False,0,Penitenciario,2026-09-03
3638,42,Masculino,Soltero,Técnico,False,0,Penitenciario,2026-09-03
3639,36,Masculino,Soltero,Secundaria,True,1,Penitenciario,2026-09-03
3640,43,Masculino,Soltero,Técnico,True,3,Penitenciario,2026-09-03
3641,32,Masculino,Soltero,Sin escolaridad,True,1,Penitenciario,2026-09-03
3642,35,Femenino,Soltero,Primaria,True,4,Penitenciario,2026-09-03
3643,26,Femenino,Casado,Primaria,True,6,Penitenciario,2026-09-03
3644,37,Masculino,Casado,Secundaria,False,0,Penitenciario,2026-09-03
3645,28,Masculino,Soltero,Técnico,True,6,Penitenciario,2026-09-03
3646,24,Masculino,Soltero,Secundaria,True,2,Penitenciario,2026-09-03
3647,41,Masculino,Viudo,Secundaria,False,0,Penitenciario,2026-09-03
3648,40,Femenino,Soltero,Primaria,True,3,Penitenciario,2026-09-03
3649,47,Femenino,Casado,Primaria,True,2,Penitenciario,2026-09-03
3650,32,Masculino,Soltero,Técnico,False,0,Penitenciario,2026-09-03
3651,42,Masculino,Casado,Secundaria,False,0,Penitenciario,2026-09-03
3652,44,Masculino,Casado,Secundaria,True,2,Penitenciario,2026-09-03
3653,43,Masculino,Casado,Primaria,True,3,Penitenciario,2026-09-03
3654,28,Femenino,Divorciado,Técnico,False,0,Penitenciario,2026-09-03
3655,39,Masculino,Divorciado,Secundaria,True,6,Penitenciario,2026-09-03
3656,42,Masculino,Soltero,Secundaria,False,0,Penitenciario,2026-09-03
3657,38,Masculino,Soltero,Primaria,True,3,Penitenciario,2026-09-03
3658,18,Femenino,Soltero,Secundaria,True,2,Penitenciario,2026-09-03
3659,39,Masculino,Casado,Técnico,True,1,Penitenciario,2026-09-03
3660,64,Femenino,Casado,Técnico,True,2,Penitenciario,2026-09-03
3661,33,Femenino,Soltero,Sin escolaridad,False,0,Penitenciario,2026-09-03
3662,29,Femenino,Soltero,Primaria,False,0,Penitenciario,2026-09-03
3663,42,Masculino,Casado,Secundaria,True,4,Penitenciario,2026-09-03
3664,41,Masculino,Soltero,Primaria,True,3,Penitenciario,2026-09-03
3665,52,Masculino,Soltero,Secundaria,False,0,Penitenciario,2026-09-03
3666,22,Masculino,Casado,Primaria,True,3,Penitenciario,2026-09-03
3667,46,Masculino,Soltero,Primaria,False,0,Penitenciario,2026-09-03
3668,45,Masculino,Soltero,Secundaria,True,3,Penitenciario,2026-09-03
3669,36,Masculino,Soltero,Secundaria,False,0,Penitenciario,2026-09-03
3670,42,Femenino,Soltero,Secundaria,True,3,Penitenciario,2026-09-03
3671,50,Masculino,Soltero,Superior,False,0,Penitenciario,2026-09-03
3672,48,Masculino,Soltero,Primaria,True,3,Penitenciario,2026-09-03
3673,24,Femenino,Soltero,Secundaria,True,2,Penitenciario,2026-09-03
3674,47,Femenino,Soltero,Primaria,True,1,Penitenciario,2026-09-03
3675,37,Femenino,Soltero,Secundaria,False,0,Penitenciario,2026-09-03
3676,38,Femenino,Soltero,Sin escolaridad,True,5,Penitenciario,2026-09-03
3677,38,Femenino,Viudo,Primaria,True,5,Penitenciario,2026-09-03
3678,36,Masculino,Soltero,Primaria,False,0,Penitenciario,2026-09-03
3679,52,Masculino,Divorciado,Primaria,True,3,Penitenciario,2026-09-03
3680,36,Masculino,Casado,Técnico,False,0,Penitenciario,2026-09-03
3681,24,Masculino,Soltero,Secundaria,True,3,Penitenciario,2026-09-03
3682,33,Masculino,Casado,Superior,True,3,Penitenciario,2026-09-03
3683,40,Masculino,Soltero,Secundaria,False,0,Penitenciario,2026-09-03
3684,52,Masculino,Casado,Primaria,True,1,Penitenciario,2026-09-03
3685,45,Masculino,Soltero,Primaria,False,0,Penitenciario,2026-09-03
3686,27,Masculino,Casado,Primaria,True,3,Penitenciario,2026-09-03
3687,67,Femenino,Soltero,Primaria,True,1,Penitenciario,2026-09-03
3688,41,Masculino,Casado,Secundaria,False,0,Penitenciario,2026-09-03
3689,53,Femenino,Soltero,Secundaria,True,3,Penitenciario,2026-09-03
3690,36,Masculino,Divorciado,Secundaria,True,2,Penitenciario,2026-09-03
3691,44,Femenino,Soltero,Primaria,True,3,Penitenciario,2026-09-03
3692,48,Femenino,Casado,Sin escolaridad,False,0,Penitenciario,2026-09-03
3693,52,Masculino,Soltero,Primaria,True,4,Penitenciario,2026-09-03
3694,50,Masculino,Soltero,Primaria,True,2,Penitenciario,2026-09-03
3695,48,Masculino,Casado,Secundaria,False,0,Penitenciario,2026-09-03
3696,34,Femenino,Divorciado,Primaria,True,4,Penitenciario,2026-09-03
3697,31,Femenino,Soltero,Secundaria,True,3,Penitenciario,2026-09-03
3698,41,Femenino,Divorciado,Secundaria,False,0,Penitenciario,2026-09-03
3699,49,Masculino,Casado,Primaria,False,0,Penitenciario,2026-09-03
3700,35,Masculino,Casado,Secundaria,True,7,Penitenciario,2026-09-03
3701,50,Femenino,Soltero,Secundaria,True,5,Penitenciario,2026-09-03
3702,55,Masculino,Soltero,Primaria,True,3,Penitenciario,2026-09-03
3703,27,Masculino,Divorciado,Técnico,True,2,Penitenciario,2026-09-03
3704,27,Masculino,Soltero,Sin escolaridad,True,3,Penitenciario,2026-09-03
3705,36,Femenino,Soltero,Primaria,False,0,Penitenciario,2026-09-03
3706,41,Masculino,Soltero,Secundaria,True,8,Penitenciario,2026-09-03
3707,31,Masculino,Soltero,Secundaria,False,0,Penitenciario,2026-09-03
3708,54,Masculino,Casado,Primaria,True,4,Penitenciario,2026-09-03
3709,43,Femenino,Casado,Primaria,True,5,Penitenciario,2026-09-03
3710,38,Masculino,Soltero,Técnico,False,0,Penitenciario,2026-09-03
3711,20,Masculino,Soltero,Primaria,True,2,Penitenciario,2026-09-03
3712,22,Masculino,Soltero,Primaria,False,0,Penitenciario,2026-09-03
3713,41,Femenino,Soltero,Secundaria,True,6,Penitenciario,2026-09-03
3714,18,Femenino,Soltero,Técnico,True,3,Penitenciario,2026-09-03
3715,50,Femenino,Divorciado,Sin escolaridad,True,4,Penitenciario,2026-09-03
3716,36,Masculino,Casado,Secundaria,False,0,Penitenciario,2026-09-03
3717,76,Femenino,Soltero,Secundaria,True,3,Penitenciario,2026-09-03
3718,65,Masculino,Divorciado,Secundaria,False,0,Penitenciario,2026-09-03
3719,35,Masculino,Soltero,Secundaria,True,3,Penitenciario,2026-09-03
3720,36,Masculino,Casado,Superior,False,0,Penitenciario,2026-09-03
3721,49,Masculino,Soltero,Primaria,False,0,Penitenciario,2026-09-03
3722,58,Femenino,Casado,Primaria,True,1,Penitenciario,2026-09-03
3723,18,Masculino,Soltero,Técnico,False,0,Penitenciario,2026-09-03
3724,18,Masculino,Soltero,Secundaria,False,0,Penitenciario,2026-09-03
3725,30,Masculino,Soltero,Secundaria,False,0,Penitenciario,2026-09-03
3726,44,Masculino,Soltero,Secundaria,True,5,Penitenciario,2026-09-03
3727,43,Masculino,Soltero,Secundaria,False,0,Penitenciario,2026-09-03
3728,50,Masculino,Soltero,Secundaria,True,2,Penitenciario,2026-09-03
3729,23,Masculino,Soltero,Técnico,False,0,Penitenciario,2026-09-03
3730,18,Masculino,Casado,Secundaria,True,1,Penitenciario,2026-09-03
3731,48,Masculino,Soltero,Primaria,True,4,Penitenciario,2026-09-03
3732,28,Femenino,Casado,Secundaria,False,0,Penitenciario,2026-09-03
3733,18,Masculino,Soltero,Secundaria,False,0,Penitenciario,2026-09-03
3734,39,Femenino,Divorciado,Secundaria,True,2,Penitenciario,2026-09-03
3735,47,Femenino,Divorciado,Secundaria,True,3,Penitenciario,2026-09-03
3736,36,Femenino,Soltero,Primaria,True,1,Penitenciario,2026-09-03
3737,32,Masculino,Casado,Secundaria,True,2,Penitenciario,2026-09-03
3738,36,Masculino,Soltero,Secundaria,False,0,Penitenciario,2026-09-03
3739,33,Femenino,Divorciado,Secundaria,False,0,Penitenciario,2026-09-03
3740,21,Masculino,Soltero,Secundaria,True,2,Penitenciario,2026-09-03
3741,29,Masculino,Soltero,Primaria,False,0,Penitenciario,2026-09-03
3742,44,Masculino,Soltero,Secundaria,True,2,Penitenciario,2026-09-03
3743,41,Masculino,Soltero,Secundaria,True,3,Penitenciario,2026-09-03
3744,40,Femenino,Soltero,Secundaria,True,3,Penitenciario,2026-09-03
3745,26,Masculino,Casado,Secundaria,False,0,Penitenciario,2026-09-03
3746,35,Masculino,Soltero,Secundaria,False,0,Penitenciario,2026-09-03
3747,18,Masculino,Soltero,Primaria,False,0,Penitenciario,2026-09-03
3748,40,Masculino,Soltero,Secundaria,True,4,Penitenciario,2026-09-03
3749,55,Masculino,Soltero,Primaria,False,0,Penitenciario,2026-09-03
3750,20,Masculino,Soltero,Secundaria,True,2,Penitenciario,2026-09-03
3751,30,Femenino,Casado,Primaria,False,0,Penitenciario,2026-09-03
3752,41,Masculino,Soltero,Primaria,False,0,Penitenciario,2026-09-03
3753,53,Femenino,Soltero,Secundaria,True,3,Penitenciario,2026-09-03
3754,32,Masculino,Soltero,Secundaria,True,7,Penitenciario,2026-09-03
3755,29,Masculino,Soltero,Secundaria,False,0,Penitenciario,2026-09-03
3756,18,Masculino,Casado,Secundaria,False,0,Penitenciario,2026-09-03
3757,39,Masculino,Soltero,Secundaria,True,2,Penitenciario,2026-09-03
3758,62,Femenino,Soltero,Secundaria,True,1,Penitenciario,2026-09-03
3759,41,Femenino,Soltero,Secundaria,True,3,Penitenciario,2026-09-03
3760,37,Masculino,Soltero,Secundaria,False,0,Penitenciario,2026-09-03
3761,41,Masculino,Soltero,Secundaria,False,0,Penitenciario,2026-09-03
3762,37,Femenino,Soltero,Secundaria,False,0,Penitenciario,2026-09-03
3763,28,Masculino,Casado,Técnico,False,0,Penitenciario,2026-09-03
3764,47,Masculino,Soltero,Primaria,False,0,Penitenciario,2026-09-03
3765,40,Femenino,Soltero,Técnico,True,3,Penitenciario,2026-09-03
3766,38,Masculino,Soltero,Primaria,True,9,Penitenciario,2026-09-03
3767,26,Femenino,Soltero,Primaria,True,5,Penitenciario,2026-09-03
3768,53,Masculino,Soltero,Primaria,True,2,Penitenciario,2026-09-03
3769,45,Femenino,Divorciado,Secundaria,True,5,Penitenciario,2026-09-03
3770,31,Masculino,Divorciado,Primaria,True,5,Penitenciario,2026-09-03
3771,50,Masculino,Soltero,Técnico,True,3,Penitenciario,2026-09-03
3772,32,Masculino,Soltero,Secundaria,True,4,Penitenciario,2026-09-03
3773,28,Masculino,Soltero,Secundaria,True,2,Penitenciario,2026-09-03
3774,28,Masculino,Soltero,Secundaria,True,2,Penitenciario,2026-09-03
3775,18,Masculino,Casado,Técnico,True,4,Penitenciario,2026-09-03
3776,43,Masculino,Casado,Secundaria,True,3,Penitenciario,2026-09-03
3777,18,Femenino,Divorciado,Secundaria,True,4,Penitenciario,2026-09-03
3778,23,Masculino,Soltero,Secundaria,True,2,Penitenciario,2026-09-03
3779,18,Masculino,Soltero,Secundaria,False,0,Penitenciario,2026-09-03
3780,36,Masculino,Casado,Secundaria,True,4,Penitenciario,2026-09-03
3781,36,Masculino,Casado,Primaria,True,5,Penitenciario,2026-09-03
3782,34,Masculino,Divorciado,Secundaria,True,4,Penitenciario,2026-09-03
3783,25,Masculino,Soltero,Primaria,True,2,Penitenciario,2026-09-03
3784,23,Femenino,Soltero,Secundaria,True,2,Penitenciario,2026-09-03
3785,43,Masculino,Soltero,Secundaria,True,4,Penitenciario,2026-09-03
3786,31,Masculino,Soltero,Superior,True,4,Penitenciario,2026-09-03
3787,41,Femenino,Soltero,Superior,False,0,Penitenciario,2026-09-03
3788,27,Femenino,Casado,Secundaria,False,0,Penitenciario,2026-09-03
3789,40,Masculino,Soltero,Secundaria,False,0,Penitenciario,2026-09-03
3790,53,Femenino,Soltero,Primaria,False,0,Penitenciario,2026-09-03
3791,45,Masculino,Casado,Secundaria,False,0,Penitenciario,2026-09-03
3792,33,Femenino,Soltero,Primaria,True,2,Penitenciario,2026-09-03
3793,41,Masculino,Divorciado,Primaria,False,0,Penitenciario,2026-09-03
3794,35,Masculino,Soltero,Secundaria,True,4,Penitenciario,2026-09-03
3795,38,Femenino,Soltero,Primaria,True,2,Penitenciario,2026-09-03
3796,34,Masculino,Viudo,Sin escolaridad,True,3,Penitenciario,2026-09-03
3797,36,Masculino,Divorciado,Secundaria,False,0,Penitenciario,2026-09-03
3798,40,Masculino,Soltero,Primaria,True,2,Penitenciario,2026-09-03
3799,26,Masculino,Casado,Primaria,False,0,Penitenciario,2026-09-03
3800,25,Masculino,Soltero,Primaria,True,1,Penitenciario,2026-09-03
3801,21,Masculino,Soltero,Primaria,False,0,Penitenciario,2026-09-03
3802,18,Masculino,Soltero,Primaria,False,0,Penitenciario,2026-09-03
3803,23,Masculino,Soltero,Secundaria,False,0,Penitenciario,2026-09-03
3804,39,Masculino,Casado,Primaria,True,4,Penitenciario,2026-09-03
3805,27,Masculino,Casado,Secundaria,False,0,Penitenciario,2026-09-03
3806,44,Masculino,Viudo,Primaria,False,0,Penitenciario,2026-09-03
3807,38,Femenino,Casado,Secundaria,True,3,Penitenciario,2026-09-03
3808,18,Masculino,Soltero,Secundaria,True,7,Penitenciario,2026-09-03
3809,45,Masculino,Casado,Secundaria,False,0,Penitenciario,2026-09-03
3810,47,Femenino,Viudo,Secundaria,True,1,Penitenciario,2026-09-03
3811,26,Femenino,Casado,Técnico,True,4,Penitenciario,2026-09-03
3812,43,Masculino,Casado,Primaria,True,4,Penitenciario,2026-09-03
3813,27,Femenino,Divorciado,Secundaria,True,6,Penitenciario,2026-09-03
3814,39,Masculino,Soltero,Técnico,True,3,Penitenciario,2026-09-03
3815,22,Femenino,Casado,Primaria,True,2,Penitenciario,2026-09-03
3816,18,Masculino,Divorciado,Primaria,True,3,Penitenciario,2026-09-03
3817,33,Masculino,Viudo,Primaria,False,0,Penitenciario,2026-09-03
3818,36,Masculino,Soltero,Secundaria,True,6,Penitenciario,2026-09-03
3819,33,Femenino,Soltero,Primaria,True,3,Penitenciario,2026-09-03
3820,23,Masculino,Casado,Primaria,False,0,Penitenciario,2026-09-03
3821,33,Masculino,Soltero,Secundaria,True,2,Penitenciario,2026-09-03
3822,41,Masculino,Casado,Secundaria,True,5,Penitenciario,2026-09-03
3823,37,Femenino,Soltero,Primaria,False,0,Penitenciario,2026-09-03
3824,40,Femenino,Soltero,Primaria,True,4,Penitenciario,2026-09-03
3825,29,Masculino,Soltero,Secundaria,True,4,Penitenciario,2026-09-03
3826,52,Masculino,Soltero,Técnico,False,0,Penitenciario,2026-09-03
3827,23,Masculino,Soltero,Secundaria,False,0,Penitenciario,2026-09-03
3828,43,Masculino,Soltero,Secundaria,True,2,Penitenciario,2026-09-03
3829,52,Femenino,Soltero,Secundaria,False,0,Penitenciario,2026-09-03
3830,43,Masculino,Soltero,Primaria,False,0,Penitenciario,2026-09-03
3831,35,Masculino,Soltero,Secundaria,False,0,Penitenciario,2026-09-03
3832,31,Masculino,Soltero,Secundaria,False,0,Penitenciario,2026-09-03
3833,50,Masculino,Soltero,Secundaria,False,0,Penitenciario,2026-09-03
3834,20,Masculino,Casado,Secundaria,True,2,Penitenciario,2026-09-03
3835,26,Masculino,Soltero,Superior,False,0,Penitenciario,2026-09-03
3836,33,Masculino,Soltero,Primaria,False,0,Penitenciario,2026-09-03
3837,52,Masculino,Casado,Sin escolaridad,True,1,Penitenciario,2026-09-03
3838,42,Masculino,Soltero,Primaria,True,3,Penitenciario,2026-09-03
3839,26,Masculino,Viudo,Secundaria,True,3,Penitenciario,2026-09-03
3840,34,Masculino,Casado,Primaria,True,3,Penitenciario,2026-09-03
3841,30,Femenino,Soltero,Técnico,False,0,Penitenciario,2026-09-03
3842,29,Masculino,Soltero,Sin escolaridad,False,0,Penitenciario,2026-09-03
3843,49,Masculino,Soltero,Primaria,False,0,Penitenciario,2026-09-03
3844,21,Femenino,Soltero,Primaria,False,0,Penitenciario,2026-09-03
3845,57,Masculino,Soltero,Técnico,True,4,Penitenciario,2026-09-03
3846,47,Masculino,Soltero,Secundaria,False,0,Penitenciario,2026-09-03
3847,51,Masculino,Casado,Técnico,True,5,Penitenciario,2026-09-03
3848,32,Masculino,Soltero,Superior,True,2,Penitenciario,2026-09-03
3849,36,Masculino,Soltero,Secundaria,False,0,Penitenciario,2026-09-03
3850,20,Masculino,Casado,Primaria,True,6,Penitenciario,2026-09-03
3851,31,Femenino,Soltero,Primaria,True,4,Penitenciario,2026-09-03
3852,43,Femenino,Soltero,Primaria,False,0,Penitenciario,2026-09-03
3853,53,Masculino,Soltero,Secundaria,False,0,Penitenciario,2026-09-03
3854,24,Masculino,Soltero,Sin escolaridad,False,0,Penitenciario,2026-09-03
3855,33,Masculino,Viudo,Primaria,True,3,Penitenciario,2026-09-03
3856,36,Masculino,Soltero,Secundaria,True,3,Penitenciario,2026-09-03
3857,21,Masculino,Soltero,Secundaria,False,0,Penitenciario,2026-09-03
3858,45,Femenino,Soltero,Secundaria,True,2,Penitenciario,2026-09-03
3859,29,Masculino,Soltero,Secundaria,False,0,Penitenciario,2026-09-03
3860,35,Femenino,Soltero,Secundaria,True,3,Penitenciario,2026-09-03
3861,32,Femenino,Casado,Secundaria,True,2,Penitenciario,2026-09-03
3862,28,Femenino,Divorciado,Primaria,True,3,Penitenciario,2026-09-03
3863,37,Masculino,Soltero,Secundaria,False,0,Penitenciario,2026-09-03
3864,35,Masculino,Soltero,Superior,False,0,Penitenciario,2026-09-03
3865,33,Masculino,Casado,Primaria,False,0,Penitenciario,2026-09-03
3866,29,Masculino,Soltero,Secundaria,True,3,Penitenciario,2026-09-03
3867,41,Masculino,Soltero,Secundaria,False,0,Penitenciario,2026-09-03
3868,57,Masculino,Soltero,Primaria,False,0,Penitenciario,2026-09-03
3869,39,Masculino,Soltero,Técnico,False,0,Penitenciario,2026-09-03
3870,49,Masculino,Soltero,Primaria,True,3,Penitenciario,2026-09-03
3871,21,Femenino,Casado,Secundaria,True,2,Penitenciario,2026-09-03
3872,39,Masculino,Casado,Secundaria,False,0,Penitenciario,2026-09-03
3873,24,Masculino,Soltero,Secundaria,True,2,Penitenciario,2026-09-03
3874,20,Masculino,Soltero,Primaria,False,0,Penitenciario,2026-09-03
3875,29,Femenino,Divorciado,Primaria,True,4,Penitenciario,2026-09-03
3876,52,Masculino,Soltero,Sin escolaridad,True,2,Penitenciario,2026-09-03
3877,49,Masculino,Divorciado,Primaria,True,3,Penitenciario,2026-09-03
3878,40,Masculino,Soltero,Primaria,False,0,Penitenciario,2026-09-03
3879,19,Femenino,Soltero,Secundaria,True,2,Penitenciario,2026-09-03
3880,35,Femenino,Soltero,Secundaria,True,2,Penitenciario,2026-09-03
3881,41,Masculino,Divorciado,Secundaria,True,4,Penitenciario,2026-09-03
3882,40,Masculino,Soltero,Secundaria,True,5,Penitenciario,2026-09-03
3883,18,Masculino,Soltero,Secundaria,True,2,Penitenciario,2026-09-03
3884,27,Masculino,Soltero,Superior,True,2,Penitenciario,2026-09-03
3885,37,Masculino,Divorciado,Primaria,False,0,Penitenciario,2026-09-03
3886,44,Femenino,Divorciado,Técnico,False,0,Penitenciario,2026-09-03
3887,18,Femenino,Viudo,Secundaria,True,3,Penitenciario,2026-09-03
3888,36,Masculino,Viudo,Secundaria,True,2,Penitenciario,2026-09-03
3889,39,Masculino,Soltero,Secundaria,True,3,Penitenciario,2026-09-03
3890,48,Masculino,Soltero,Secundaria,True,7,Penitenciario,2026-09-03
3891,46,Femenino,Soltero,Primaria,True,2,Penitenciario,2026-09-03
3892,44,Femenino,Soltero,Primaria,False,0,Penitenciario,2026-09-03
3893,28,Masculino,Casado,Secundaria,False,0,Penitenciario,2026-09-03
3894,18,Masculino,Divorciado,Superior,True,1,Penitenciario,2026-09-03
3895,33,Masculino,Soltero,Secundaria,False,0,Penitenciario,2026-09-03
3896,50,Masculino,Casado,Primaria,False,0,Penitenciario,2026-09-03
3897,54,Femenino,Divorciado,Secundaria,True,2,Penitenciario,2026-09-03
3898,46,Masculino,Soltero,Secundaria,False,0,Penitenciario,2026-09-03
3899,43,Femenino,Soltero,Primaria,False,0,Penitenciario,2026-09-03
3900,42,Masculino,Soltero,Sin escolaridad,True,4,Penitenciario,2026-09-03
3901,31,Femenino,Soltero,Primaria,True,2,Penitenciario,2026-09-03
3902,36,Masculino,Soltero,Técnico,True,2,Penitenciario,2026-09-03
3903,58,Femenino,Soltero,Secundaria,True,3,Penitenciario,2026-09-03
3904,26,Masculino,Soltero,Primaria,True,2,Penitenciario,2026-09-03
3905,57,Masculino,Viudo,Primaria,False,0,Penitenciario,2026-09-03
3906,34,Masculino,Soltero,Secundaria,True,3,Penitenciario,2026-09-03
3907,53,Masculino,Soltero,Técnico,False,0,Penitenciario,2026-09-03
3908,21,Masculino,Viudo,Secundaria,False,0,Penitenciario,2026-09-03
3909,45,Masculino,Soltero,Secundaria,False,0,Penitenciario,2026-09-03
3910,29,Femenino,Soltero,Primaria,True,4,Penitenciario,2026-09-03
3911,21,Masculino,Casado,Secundaria,False,0,Penitenciario,2026-09-03
3912,40,Femenino,Soltero,Primaria,True,4,Penitenciario,2026-09-03
3913,50,Femenino,Casado,Secundaria,True,1,Penitenciario,2026-09-03
3914,27,Masculino,Soltero,Secundaria,False,0,Penitenciario,2026-09-03
3915,20,Masculino,Soltero,Secundaria,True,3,Penitenciario,2026-09-03
3916,36,Masculino,Soltero,Secundaria,True,4,Penitenciario,2026-09-03
3917,36,Masculino,Soltero,Secundaria,False,0,Penitenciario,2026-09-03
3918,44,Masculino,Casado,Primaria,False,0,Penitenciario,2026-09-03
3919,49,Femenino,Casado,Secundaria,True,4,Penitenciario,2026-09-03
3920,37,Masculino,Divorciado,Secundaria,False,0,Penitenciario,2026-09-03
3921,60,Masculino,Casado,Primaria,False,0,Penitenciario,2026-09-03
3922,40,Masculino,Soltero,Técnico,True,4,Penitenciario,2026-09-03
3923,33,Femenino,Casado,Secundaria,True,1,Penitenciario,2026-09-03
3924,18,Masculino,Casado,Secundaria,False,0,Penitenciario,2026-09-03
3925,34,Masculino,Casado,Secundaria,True,3,Penitenciario,2026-09-03
3926,33,Masculino,Casado,Técnico,True,6,Penitenciario,2026-09-03
3927,49,Masculino,Soltero,Secundaria,False,0,Penitenciario,2026-09-03
3928,43,Femenino,Soltero,Técnico,True,4,Penitenciario,2026-09-03
3929,23,Femenino,Casado,Primaria,False,0,Penitenciario,2026-09-03
3930,40,Masculino,Soltero,Primaria,True,1,Penitenciario,2026-09-03
3931,46,Masculino,Soltero,Secundaria,True,1,Penitenciario,2026-09-03
3932,56,Masculino,Casado,Secundaria,True,4,Penitenciario,2026-09-03
3933,48,Masculino,Soltero,Secundaria,False,0,Penitenciario,2026-09-03
3934,47,Masculino,Soltero,Primaria,False,0,Penitenciario,2026-09-03
3935,38,Masculino,Soltero,Secundaria,True,2,Penitenciario,2026-09-03
3936,42,Masculino,Casado,Secundaria,True,2,Penitenciario,2026-09-03
3937,52,Femenino,Soltero,Secundaria,True,1,Penitenciario,2026-09-03
3938,22,Masculino,Casado,Superior,False,0,Penitenciario,2026-09-03
3939,33,Femenino,Soltero,Secundaria,True,2,Penitenciario,2026-09-03
3940,28,Masculino,Soltero,Primaria,False,0,Penitenciario,2026-09-03
3941,42,Masculino,Soltero,Primaria,True,3,Penitenciario,2026-09-03
3942,52,Femenino,Casado,Primaria,False,0,Penitenciario,2026-09-03
3943,30,Masculino,Soltero,Secundaria,True,1,Penitenciario,2026-09-03
3944,18,Masculino,Viudo,Sin escolaridad,True,3,Penitenciario,2026-09-03
3945,33,Masculino,Divorciado,Primaria,True,1,Penitenciario,2026-09-03
3946,48,Masculino,Casado,Técnico,False,0,Penitenciario,2026-09-03
3947,44,Femenino,Divorciado,Secundaria,True,3,Penitenciario,2026-09-03
3948,43,Femenino,Soltero,Primaria,True,3,Penitenciario,2026-09-03
3949,34,Masculino,Soltero,Primaria,False,0,Penitenciario,2026-09-03
3950,22,Masculino,Casado,Técnico,True,2,Penitenciario,2026-09-03
3951,44,Masculino,Casado,Técnico,True,1,Penitenciario,2026-09-03
3952,27,Masculino,Divorciado,Primaria,False,0,Penitenciario,2026-09-03
3953,64,Masculino,Casado,Secundaria,True,3,Penitenciario,2026-09-03
3954,44,Masculino,Viudo,Secundaria,False,0,Penitenciario,2026-09-03
3955,31,Masculino,Soltero,Secundaria,True,3,Penitenciario,2026-09-03
3956,30,Masculino,Casado,Secundaria,True,1,Penitenciario,2026-09-03
3957,36,Masculino,Casado,Secundaria,True,4,Penitenciario,2026-09-03
3958,35,Masculino,Casado,Técnico,False,0,Penitenciario,2026-09-03
3959,51,Masculino,Soltero,Primaria,False,0,Penitenciario,2026-09-03
3960,40,Femenino,Casado,Primaria,True,3,Penitenciario,2026-09-03
3961,29,Femenino,Divorciado,Secundaria,False,0,Penitenciario,2026-09-03
3962,60,Masculino,Soltero,Secundaria,False,0,Penitenciario,2026-09-03
3963,38,Masculino,Casado,Técnico,True,2,Penitenciario,2026-09-03
3964,47,Femenino,Soltero,Primaria,True,3,Penitenciario,2026-09-03
3965,30,Femenino,Viudo,Secundaria,True,4,Penitenciario,2026-09-03
3966,42,Femenino,Soltero,Primaria,True,3,Penitenciario,2026-09-03
3967,41,Masculino,Soltero,Secundaria,True,6,Penitenciario,2026-09-03
3968,18,Femenino,Soltero,Sin escolaridad,True,2,Penitenciario,2026-09-03
3969,62,Masculino,Casado,Secundaria,False,0,Penitenciario,2026-09-03
3970,53,Femenino,Soltero,Secundaria,True,2,Penitenciario,2026-09-03
3971,33,Femenino,Casado,Secundaria,True,3,Penitenciario,2026-09-03
3972,24,Masculino,Divorciado,Primaria,False,0,Penitenciario,2026-09-03
3973,42,Femenino,Divorciado,Secundaria,True,3,Penitenciario,2026-09-03
3974,39,Masculino,Soltero,Secundaria,True,4,Penitenciario,2026-09-03
3975,42,Femenino,Viudo,Primaria,False,0,Penitenciario,2026-09-03
3976,40,Masculino,Casado,Primaria,False,0,Penitenciario,2026-09-03
3977,44,Femenino,Soltero,Primaria,False,0,Penitenciario,2026-09-03
3978,55,Masculino,Soltero,Técnico,False,0,Penitenciario,2026-09-03
3979,44,Femenino,Soltero,Secundaria,True,1,Penitenciario,2026-09-03
3980,25,Masculino,Casado,Sin escolaridad,False,0,Penitenciario,2026-09-03
3981,54,Masculino,Soltero,Secundaria,True,2,Penitenciario,2026-09-03
3982,57,Masculino,Soltero,Secundaria,True,3,Penitenciario,2026-09-03
3983,75,Femenino,Casado,Primaria,True,1,Penitenciario,2026-09-03
3984,24,Masculino,Soltero,Superior,False,0,Penitenciario,2026-09-03
3985,40,Masculino,Casado,Secundaria,False,0,Penitenciario,2026-09-03
3986,18,Masculino,Casado,Secundaria,False,0,Penitenciario,2026-09-03
3987,44,Femenino,Soltero,Secundaria,True,4,Penitenciario,2026-09-03
3988,31,Masculino,Divorciado,Técnico,True,5,Penitenciario,2026-09-03
3989,61,Masculino,Soltero,Primaria,True,4,Penitenciario,2026-09-03
3990,28,Masculino,Soltero,Primaria,False,0,Penitenciario,2026-09-03
3991,18,Masculino,Casado,Primaria,False,0,Penitenciario,2026-09-03
3992,32,Masculino,Soltero,Secundaria,False,0,Penitenciario,2026-09-03
3993,18,Masculino,Viudo,Secundaria,True,5,Penitenciario,2026-09-03
3994,47,Femenino,Soltero,Secundaria,True,4,Penitenciario,2026-09-03
3995,18,Femenino,Soltero,Primaria,True,3,Penitenciario,2026-09-03
3996,38,Masculino,Divorciado,Secundaria,True,2,Penitenciario,2026-09-03
3997,18,Masculino,Soltero,Secundaria,True,2,Penitenciario,2026-09-03
3998,34,Masculino,Casado,Secundaria,True,1,Penitenciario,2026-09-03
3999,57,Masculino,Soltero,Secundaria,False,0,Penitenciario,2026-09-03
4000,42,Femenino,Casado,Primaria,True,2,Penitenciario,2026-09-03
4001,27,Masculino,Soltero,Secundaria,True,2,Penitenciario,2026-09-03
4002,37,Masculino,Soltero,Sin escolaridad,False,0,Penitenciario,2026-09-03
4003,38,Masculino,Soltero,Secundaria,True,1,Penitenciario,2026-09-03
4004,43,Femenino,Soltero,Superior,False,0,Penitenciario,2026-09-03
4005,21,Masculino,Casado,Superior,True,3,Penitenciario,2026-09-03
4006,45,Masculino,Soltero,Primaria,False,0,Penitenciario,2026-09-03
4007,18,Masculino,Soltero,Secundaria,False,0,Penitenciario,2026-09-03
4008,30,Femenino,Soltero,Primaria,False,0,Penitenciario,2026-09-03
4009,32,Femenino,Casado,Técnico,True,5,Penitenciario,2026-09-03
4010,45,Masculino,Casado,Secundaria,True,3,Penitenciario,2026-09-03
4011,38,Masculino,Soltero,Secundaria,True,4,Penitenciario,2026-09-03
4012,21,Femenino,Soltero,Primaria,True,4,Penitenciario,2026-09-03
4013,26,Masculino,Soltero,Técnico,False,0,Penitenciario,2026-09-03
4014,40,Masculino,Casado,Secundaria,False,0,Penitenciario,2026-09-03
4015,37,Masculino,Soltero,Primaria,True,2,Penitenciario,2026-09-03
4016,31,Masculino,Soltero,Secundaria,False,0,Penitenciario,2026-09-03
4017,32,Masculino,Casado,Primaria,False,0,Penitenciario,2026-09-03
4018,46,Femenino,Divorciado,Secundaria,False,0,Penitenciario,2026-09-03
4019,31,Masculino,Soltero,Técnico,True,4,Penitenciario,2026-09-03
4020,36,Masculino,Casado,Técnico,False,0,Penitenciario,2026-09-03
4021,64,Femenino,Soltero,Secundaria,True,1,Penitenciario,2026-09-03
4022,20,Masculino,Divorciado,Secundaria,True,3,Penitenciario,2026-09-03
4023,18,Masculino,Soltero,Secundaria,False,0,Penitenciario,2026-09-03
4024,47,Masculino,Soltero,Primaria,True,2,Penitenciario,2026-09-03
4025,29,Femenino,Divorciado,Superior,True,4,Penitenciario,2026-09-03
4026,34,Femenino,Soltero,Primaria,True,3,Penitenciario,2026-09-03
4027,28,Femenino,Soltero,Primaria,True,2,Penitenciario,2026-09-03
4028,34,Femenino,Soltero,Superior,False,0,Penitenciario,2026-09-03
4029,57,Masculino,Casado,Primaria,True,2,Penitenciario,2026-09-03
4030,47,Masculino,Soltero,Secundaria,True,4,Penitenciario,2026-09-03
4031,48,Femenino,Divorciado,Técnico,False,0,Penitenciario,2026-09-03
4032,21,Masculino,Soltero,Secundaria,False,0,Penitenciario,2026-09-03
4033,24,Masculino,Soltero,Sin escolaridad,False,0,Penitenciario,2026-09-03
4034,18,Masculino,Soltero,Secundaria,False,0,Penitenciario,2026-09-03
4035,28,Masculino,Soltero,Primaria,False,0,Penitenciario,2026-09-03
4036,49,Femenino,Casado,Secundaria,False,0,Penitenciario,2026-09-03
4037,44,Masculino,Casado,Secundaria,False,0,Penitenciario,2026-09-03
4038,35,Masculino,Soltero,Secundaria,False,0,Penitenciario,2026-09-03
4039,37,Femenino,Soltero,Secundaria,True,3,Penitenciario,2026-09-03
4040,29,Masculino,Casado,Secundaria,False,0,Penitenciario,2026-09-03
4041,40,Masculino,Casado,Secundaria,True,3,Penitenciario,2026-09-03
4042,47,Masculino,Casado,Técnico,False,0,Penitenciario,2026-09-03
4043,18,Femenino,Casado,Primaria,True,6,Penitenciario,2026-09-03
4044,41,Femenino,Soltero,Secundaria,True,3,Penitenciario,2026-09-03
4045,49,Femenino,Divorciado,Secundaria,True,3,Penitenciario,2026-09-03
4046,33,Femenino,Soltero,Primaria,False,0,Penitenciario,2026-09-03
4047,46,Masculino,Soltero,Primaria,False,0,Penitenciario,2026-09-03
4048,71,Femenino,Casado,Secundaria,True,1,Penitenciario,2026-09-03
4049,36,Femenino,Divorciado,Secundaria,True,3,Penitenciario,2026-09-03
4050,42,Masculino,Casado,Primaria,True,3,Penitenciario,2026-09-03
4051,29,Masculino,Soltero,Técnico,True,2,Penitenciario,2026-09-03
4052,40,Femenino,Soltero,Secundaria,True,1,Penitenciario,2026-09-03
4053,43,Femenino,Soltero,Técnico,True,4,Penitenciario,2026-09-03
4054,40,Femenino,Divorciado,Sin escolaridad,False,0,Penitenciario,2026-09-03
4055,25,Femenino,Soltero,Primaria,True,2,Penitenciario,2026-09-03
4056,40,Masculino,Casado,Sin escolaridad,False,0,Penitenciario,2026-09-03
4057,55,Masculino,Soltero,Primaria,False,0,Penitenciario,2026-09-03
4058,43,Masculino,Casado,Técnico,False,0,Penitenciario,2026-09-03
4059,49,Masculino,Divorciado,Sin escolaridad,False,0,Penitenciario,2026-09-03
4060,35,Femenino,Soltero,Secundaria,True,1,Penitenciario,2026-09-03
4061,46,Masculino,Soltero,Primaria,False,0,Penitenciario,2026-09-03
4062,41,Masculino,Casado,Secundaria,False,0,Penitenciario,2026-09-03
4063,26,Masculino,Soltero,Secundaria,False,0,Penitenciario,2026-09-03
4064,41,Masculino,Casado,Secundaria,False,0,Penitenciario,2026-09-03
4065,26,Masculino,Casado,Secundaria,False,0,Penitenciario,2026-09-03
4066,30,Masculino,Soltero,Primaria,False,0,Penitenciario,2026-09-03
4067,40,Masculino,Casado,Técnico,True,3,Penitenciario,2026-09-03
4068,41,Masculino,Soltero,Secundaria,True,2,Penitenciario,2026-09-03
4069,23,Femenino,Divorciado,Secundaria,False,0,Penitenciario,2026-09-03
4070,50,Masculino,Soltero,Secundaria,True,4,Penitenciario,2026-09-03
4071,44,Masculino,Casado,Técnico,True,5,Penitenciario,2026-09-03
4072,29,Masculino,Soltero,Secundaria,True,6,Penitenciario,2026-09-03
4073,19,Masculino,Soltero,Secundaria,False,0,Penitenciario,2026-09-03
4074,36,Masculino,Soltero,Secundaria,False,0,Penitenciario,2026-09-03
4075,32,Femenino,Casado,Primaria,True,2,Penitenciario,2026-09-03
4076,39,Femenino,Soltero,Secundaria,True,6,Penitenciario,2026-09-03
4077,33,Masculino,Divorciado,Secundaria,False,0,Penitenciario,2026-09-03
4078,18,Masculino,Soltero,Secundaria,False,0,Penitenciario,2026-09-03
4079,33,Femenino,Casado,Secundaria,True,2,Penitenciario,2026-09-03
4080,34,Femenino,Casado,Primaria,True,1,Penitenciario,2026-09-03
4081,45,Masculino,Soltero,Secundaria,False,0,Penitenciario,2026-09-03
4082,29,Masculino,Soltero,Técnico,False,0,Penitenciario,2026-09-03
4083,58,Masculino,Soltero,Técnico,False,0,Penitenciario,2026-09-03
4084,18,Masculino,Soltero,Primaria,False,0,Penitenciario,2026-09-03
4085,53,Masculino,Soltero,Secundaria,False,0,Penitenciario,2026-09-03
4086,35,Masculino,Casado,Secundaria,True,4,Penitenciario,2026-09-03
4087,48,Masculino,Soltero,Secundaria,True,2,Penitenciario,2026-09-03
4088,38,Masculino,Casado,Secundaria,False,0,Penitenciario,2026-09-03
4089,51,Femenino,Divorciado,Técnico,False,0,Penitenciario,2026-09-03
4090,33,Femenino,Soltero,Secundaria,True,2,Penitenciario,2026-09-03
4091,24,Masculino,Casado,Secundaria,False,0,Penitenciario,2026-09-03
4092,55,Femenino,Soltero,Sin escolaridad,True,3,Penitenciario,2026-09-03
4093,36,Masculino,Divorciado,Primaria,False,0,Penitenciario,2026-09-03
4094,40,Femenino,Soltero,Sin escolaridad,True,5,Penitenciario,2026-09-03
4095,52,Masculino,Casado,Técnico,True,1,Penitenciario,2026-09-03
4096,25,Masculino,Viudo,Secundaria,False,0,Penitenciario,2026-09-03
4097,45,Masculino,Soltero,Secundaria,True,1,Penitenciario,2026-09-03
4098,30,Masculino,Casado,Secundaria,True,4,Penitenciario,2026-09-03
4099,36,Femenino,Soltero,Secundaria,False,0,Penitenciario,2026-09-03
4100,38,Masculino,Soltero,Secundaria,False,0,Penitenciario,2026-09-03
4101,19,Masculino,Casado,Primaria,True,2,Penitenciario,2026-09-03
4102,28,Masculino,Soltero,Secundaria,False,0,Penitenciario,2026-09-03
4103,54,Masculino,Casado,Primaria,True,4,Penitenciario,2026-09-03
4104,48,Masculino,Soltero,Primaria,True,3,Penitenciario,2026-09-03
4105,37,Masculino,Divorciado,Primaria,False,0,Penitenciario,2026-09-03
4106,40,Femenino,Soltero,Primaria,True,3,Penitenciario,2026-09-03
4107,34,Femenino,Soltero,Primaria,True,3,Penitenciario,2026-09-03
4108,54,Femenino,Soltero,Secundaria,True,2,Penitenciario,2026-09-03
4109,35,Masculino,Soltero,Primaria,True,8,Penitenciario,2026-09-03
4110,40,Femenino,Soltero,Secundaria,True,1,Penitenciario,2026-09-03
4111,51,Masculino,Soltero,Primaria,False,0,Penitenciario,2026-09-03
4112,28,Masculino,Soltero,Primaria,True,2,Penitenciario,2026-09-03
4113,56,Masculino,Soltero,Secundaria,True,3,Penitenciario,2026-09-03
4114,19,Femenino,Soltero,Técnico,False,0,Penitenciario,2026-09-03
4115,57,Femenino,Soltero,Técnico,False,0,Penitenciario,2026-09-03
4116,33,Femenino,Soltero,Superior,True,4,Penitenciario,2026-09-03
4117,35,Femenino,Viudo,Secundaria,True,5,Penitenciario,2026-09-03
4118,18,Femenino,Soltero,Secundaria,True,3,Penitenciario,2026-09-03
4119,32,Femenino,Soltero,Secundaria,True,1,Penitenciario,2026-09-03
4120,25,Masculino,Soltero,Secundaria,True,2,Penitenciario,2026-09-03
4121,30,Masculino,Divorciado,Primaria,True,1,Penitenciario,2026-09-03
4122,36,Masculino,Soltero,Secundaria,False,0,Penitenciario,2026-09-03
4123,49,Masculino,Casado,Secundaria,False,0,Penitenciario,2026-09-03
4124,40,Masculino,Soltero,Secundaria,False,0,Penitenciario,2026-09-03
4125,41,Masculino,Soltero,Secundaria,False,0,Penitenciario,2026-09-03
4126,24,Masculino,Casado,Primaria,True,6,Penitenciario,2026-09-03
4127,27,Femenino,Soltero,Secundaria,True,2,Penitenciario,2026-09-03
4128,59,Femenino,Soltero,Primaria,True,4,Penitenciario,2026-09-03
4129,29,Masculino,Casado,Superior,False,0,Penitenciario,2026-09-03
4130,57,Masculino,Casado,Primaria,False,0,Penitenciario,2026-09-03
4131,35,Masculino,Divorciado,Primaria,True,2,Penitenciario,2026-09-03
4132,38,Masculino,Casado,Técnico,True,4,Penitenciario,2026-09-03
4133,50,Femenino,Casado,Secundaria,False,0,Penitenciario,2026-09-03
4134,53,Masculino,Casado,Primaria,False,0,Penitenciario,2026-09-03
4135,36,Masculino,Soltero,Secundaria,False,0,Penitenciario,2026-09-03
4136,33,Femenino,Casado,Primaria,True,3,Penitenciario,2026-09-03
4137,37,Femenino,Casado,Primaria,False,0,Penitenciario,2026-09-03
4138,42,Masculino,Soltero,Primaria,True,3,Penitenciario,2026-09-03
4139,48,Femenino,Soltero,Secundaria,True,4,Penitenciario,2026-09-03
4140,38,Masculino,Soltero,Secundaria,False,0,Penitenciario,2026-09-03
4141,45,Masculino,Casado,Secundaria,False,0,Penitenciario,2026-09-03
4142,57,Masculino,Soltero,Secundaria,False,0,Penitenciario,2026-09-03
4143,42,Masculino,Viudo,Primaria,True,4,Penitenciario,2026-09-03
4144,41,Masculino,Soltero,Primaria,False,0,Penitenciario,2026-09-03
4145,19,Masculino,Casado,Secundaria,False,0,Penitenciario,2026-09-03
4146,18,Masculino,Soltero,Primaria,True,4,Penitenciario,2026-09-03
4147,42,Femenino,Casado,Técnico,True,5,Penitenciario,2026-09-03
4148,36,Masculino,Casado,Secundaria,False,0,Penitenciario,2026-09-03
4149,31,Masculino,Casado,Secundaria,True,1,Penitenciario,2026-09-03
4150,40,Femenino,Casado,Primaria,False,0,Penitenciario,2026-09-03
4151,37,Masculino,Divorciado,Primaria,False,0,Penitenciario,2026-09-03
4152,51,Femenino,Soltero,Secundaria,True,4,Penitenciario,2026-09-03
4153,39,Masculino,Soltero,Secundaria,True,4,Penitenciario,2026-09-03
4154,29,Masculino,Casado,Primaria,True,2,Penitenciario,2026-09-03
4155,49,Masculino,Soltero,Superior,True,4,Penitenciario,2026-09-03
4156,35,Masculino,Soltero,Primaria,False,0,Penitenciario,2026-09-03
4157,44,Masculino,Soltero,Primaria,True,1,Penitenciario,2026-09-03
4158,32,Masculino,Soltero,Secundaria,False,0,Penitenciario,2026-09-03
4159,30,Masculino,Soltero,Secundaria,False,0,Penitenciario,2026-09-03
4160,39,Masculino,Casado,Superior,True,4,Penitenciario,2026-09-03
4161,38,Masculino,Soltero,Secundaria,False,0,Penitenciario,2026-09-03
4162,43,Masculino,Soltero,Sin escolaridad,True,1,Penitenciario,2026-09-03
4163,34,Masculino,Soltero,Secundaria,True,1,Penitenciario,2026-09-03
4164,18,Masculino,Divorciado,Primaria,True,2,Penitenciario,2026-09-03
4165,32,Masculino,Viudo,Secundaria,False,0,Penitenciario,2026-09-03
4166,47,Masculino,Casado,Secundaria,False,0,Penitenciario,2026-09-03
4167,34,Femenino,Soltero,Primaria,False,0,Penitenciario,2026-09-03
4168,35,Masculino,Divorciado,Secundaria,False,0,Penitenciario,2026-09-03
4169,49,Femenino,Casado,Secundaria,True,3,Penitenciario,2026-09-03
4170,29,Masculino,Casado,Secundaria,True,2,Penitenciario,2026-09-03
4171,19,Masculino,Casado,Secundaria,True,7,Penitenciario,2026-09-03
4172,36,Masculino,Soltero,Primaria,True,4,Penitenciario,2026-09-03
4173,32,Femenino,Soltero,Primaria,True,6,Penitenciario,2026-09-03
4174,26,Masculino,Soltero,Primaria,False,0,Penitenciario,2026-09-03
4175,35,Masculino,Soltero,Primaria,True,3,Penitenciario,2026-09-03
4176,43,Masculino,Casado,Secundaria,True,4,Penitenciario,2026-09-03
4177,37,Masculino,Divorciado,Superior,True,5,Penitenciario,2026-09-03
4178,41,Masculino,Casado,Secundaria,True,2,Penitenciario,2026-09-03
4179,59,Masculino,Soltero,Secundaria,False,0,Penitenciario,2026-09-03
4180,33,Masculino,Soltero,Secundaria,True,5,Penitenciario,2026-09-03
4181,41,Masculino,Soltero,Primaria,False,0,Penitenciario,2026-09-03
4182,31,Masculino,Soltero,Técnico,False,0,Penitenciario,2026-09-03
4183,27,Femenino,Soltero,Superior,True,1,Penitenciario,2026-09-03
4184,30,Femenino,Casado,Secundaria,False,0,Penitenciario,2026-09-03
4185,32,Masculino,Soltero,Primaria,True,2,Penitenciario,2026-09-03
4186,42,Masculino,Viudo,Secundaria,True,1,Penitenciario,2026-09-03
4187,66,Femenino,Soltero,Primaria,True,4,Penitenciario,2026-09-03
4188,29,Masculino,Casado,Secundaria,False,0,Penitenciario,2026-09-03
4189,33,Masculino,Soltero,Secundaria,True,3,Penitenciario,2026-09-03
4190,37,Femenino,Soltero,Primaria,True,3,Penitenciario,2026-09-03
4191,42,Masculino,Casado,Superior,True,3,Penitenciario,2026-09-03
4192,41,Masculino,Casado,Superior,True,5,Penitenciario,2026-09-03
4193,53,Femenino,Soltero,Técnico,True,2,Penitenciario,2026-09-03
4194,18,Masculino,Soltero,Secundaria,True,4,Penitenciario,2026-09-03
4195,18,Femenino,Soltero,Primaria,True,3,Penitenciario,2026-09-03
4196,32,Femenino,Casado,Secundaria,True,1,Penitenciario,2026-09-03
4197,51,Femenino,Divorciado,Secundaria,True,2,Penitenciario,2026-09-03
4198,19,Masculino,Soltero,Primaria,False,0,Penitenciario,2026-09-03
4199,18,Masculino,Soltero,Secundaria,False,0,Penitenciario,2026-09-03
4200,44,Masculino,Divorciado,Secundaria,True,1,Penitenciario,2026-09-03
4201,40,Masculino,Soltero,Primaria,True,1,Penitenciario,2026-09-03
4202,24,Masculino,Casado,Primaria,True,3,Penitenciario,2026-09-03
4203,26,Masculino,Soltero,Sin escolaridad,False,0,Penitenciario,2026-09-03
4204,26,Masculino,Soltero,Secundaria,True,4,Penitenciario,2026-09-03
4205,39,Masculino,Soltero,Secundaria,False,0,Penitenciario,2026-09-03
4206,30,Masculino,Soltero,Primaria,False,0,Penitenciario,2026-09-03
4207,43,Femenino,Soltero,Superior,True,3,Penitenciario,2026-09-03
4208,18,Femenino,Casado,Sin escolaridad,True,3,Penitenciario,2026-09-03
4209,27,Femenino,Casado,Secundaria,True,9,Penitenciario,2026-09-03
4210,24,Masculino,Casado,Secundaria,True,2,Penitenciario,2026-09-03
4211,34,Femenino,Casado,Secundaria,True,1,Penitenciario,2026-09-03
4212,31,Femenino,Soltero,Sin escolaridad,False,0,Penitenciario,2026-09-03
4213,47,Masculino,Soltero,Técnico,True,3,Penitenciario,2026-09-03
4214,18,Masculino,Casado,Técnico,False,0,Penitenciario,2026-09-03
4215,38,Masculino,Soltero,Secundaria,True,4,Penitenciario,2026-09-03
4216,44,Masculino,Soltero,Secundaria,False,0,Penitenciario,2026-09-03
4217,60,Masculino,Soltero,Sin escolaridad,False,0,Penitenciario,2026-09-03
4218,32,Masculino,Soltero,Secundaria,False,0,Penitenciario,2026-09-03
4219,41,Femenino,Soltero,Secundaria,True,2,Penitenciario,2026-09-03
4220,18,Masculino,Casado,Secundaria,True,1,Penitenciario,2026-09-03
4221,18,Masculino,Divorciado,Secundaria,False,0,Penitenciario,2026-09-03
4222,48,Femenino,Divorciado,Secundaria,True,3,Penitenciario,2026-09-03
4223,37,Masculino,Divorciado,Primaria,True,2,Penitenciario,2026-09-03
4224,52,Femenino,Divorciado,Primaria,True,3,Penitenciario,2026-09-03
4225,21,Masculino,Soltero,Primaria,True,2,Penitenciario,2026-09-03
4226,44,Femenino,Soltero,Sin escolaridad,True,2,Penitenciario,2026-09-03
4227,60,Masculino,Casado,Secundaria,True,3,Penitenciario,2026-09-03
4228,43,Masculino,Soltero,Secundaria,False,0,Penitenciario,2026-09-03
4229,41,Masculino,Soltero,Secundaria,True,4,Penitenciario,2026-09-03
4230,38,Femenino,Soltero,Secundaria,True,2,Penitenciario,2026-09-03
4231,19,Femenino,Soltero,Secundaria,True,3,Penitenciario,2026-09-03
4232,54,Masculino,Soltero,Primaria,True,3,Penitenciario,2026-09-03
4233,30,Femenino,Soltero,Secundaria,True,5,Penitenciario,2026-09-03
4234,44,Masculino,Soltero,Primaria,False,0,Penitenciario,2026-09-03
4235,19,Masculino,Divorciado,Secundaria,False,0,Penitenciario,2026-09-03
4236,23,Femenino,Soltero,Primaria,True,2,Penitenciario,2026-09-03
4237,55,Masculino,Divorciado,Sin escolaridad,False,0,Penitenciario,2026-09-03
4238,33,Masculino,Soltero,Secundaria,True,2,Penitenciario,2026-09-03
4239,55,Femenino,Soltero,Técnico,True,3,Penitenciario,2026-09-03
4240,37,Femenino,Soltero,Secundaria,True,1,Penitenciario,2026-09-03
4241,18,Femenino,Soltero,Secundaria,True,2,Penitenciario,2026-09-03
4242,48,Femenino,Casado,Secundaria,True,2,Penitenciario,2026-09-03
4243,30,Masculino,Casado,Secundaria,False,0,Penitenciario,2026-09-03
4244,46,Femenino,Casado,Secundaria,False,0,Penitenciario,2026-09-03
4245,38,Masculino,Divorciado,Secundaria,True,1,Penitenciario,2026-09-03
4246,19,Femenino,Soltero,Primaria,False,0,Penitenciario,2026-09-03
4247,39,Masculino,Soltero,Primaria,False,0,Penitenciario,2026-09-03
4248,64,Masculino,Soltero,Primaria,False,0,Penitenciario,2026-09-03
4249,43,Masculino,Soltero,Secundaria,False,0,Penitenciario,2026-09-03
4250,37,Masculino,Soltero,Técnico,True,5,Penitenciario,2026-09-03
4251,50,Masculino,Soltero,Primaria,False,0,Penitenciario,2026-09-03
4252,40,Femenino,Soltero,Secundaria,True,2,Penitenciario,2026-09-03
4253,40,Femenino,Soltero,Técnico,True,6,Penitenciario,2026-09-03
4254,24,Masculino,Soltero,Secundaria,False,0,Penitenciario,2026-09-03
4255,40,Femenino,Casado,Secundaria,False,0,Penitenciario,2026-09-03
4256,50,Masculino,Casado,Técnico,True,3,Penitenciario,2026-09-03
4257,27,Masculino,Casado,Secundaria,True,3,Penitenciario,2026-09-03
4258,55,Masculino,Casado,Secundaria,False,0,Penitenciario,2026-09-03
4259,36,Femenino,Soltero,Primaria,False,0,Penitenciario,2026-09-03
4260,27,Femenino,Soltero,Primaria,True,3,Penitenciario,2026-09-03
4261,49,Masculino,Soltero,Secundaria,False,0,Penitenciario,2026-09-03
4262,34,Masculino,Casado,Secundaria,False,0,Penitenciario,2026-09-03
4263,47,Masculino,Casado,Superior,True,5,Penitenciario,2026-09-03
4264,34,Masculino,Soltero,Superior,True,1,Penitenciario,2026-09-03
4265,37,Masculino,Soltero,Técnico,True,1,Penitenciario,2026-09-03
4266,43,Masculino,Viudo,Primaria,False,0,Penitenciario,2026-09-03
4267,41,Masculino,Soltero,Superior,False,0,Penitenciario,2026-09-03
4268,18,Femenino,Casado,Secundaria,True,5,Penitenciario,2026-09-03
4269,24,Masculino,Soltero,Secundaria,True,2,Penitenciario,2026-09-03
4270,49,Masculino,Soltero,Secundaria,False,0,Penitenciario,2026-09-03
4271,36,Masculino,Casado,Sin escolaridad,False,0,Penitenciario,2026-09-03
4272,31,Femenino,Casado,Primaria,True,5,Penitenciario,2026-09-03
4273,21,Femenino,Casado,Secundaria,False,0,Penitenciario,2026-09-03
4274,25,Femenino,Soltero,Secundaria,False,0,Penitenciario,2026-09-03
4275,18,Masculino,Soltero,Secundaria,False,0,Penitenciario,2026-09-03
4276,36,Femenino,Casado,Secundaria,True,3,Penitenciario,2026-09-03
4277,30,Masculino,Soltero,Técnico,True,3,Penitenciario,2026-09-03
4278,26,Masculino,Soltero,Secundaria,False,0,Penitenciario,2026-09-03
4279,37,Masculino,Divorciado,Secundaria,False,0,Penitenciario,2026-09-03
4280,42,Masculino,Soltero,Primaria,False,0,Penitenciario,2026-09-03
4281,63,Femenino,Soltero,Primaria,True,1,Penitenciario,2026-09-03
4282,19,Femenino,Casado,Superior,True,3,Penitenciario,2026-09-03
4283,51,Masculino,Viudo,Secundaria,True,3,Penitenciario,2026-09-03
4284,49,Masculino,Soltero,Secundaria,True,3,Penitenciario,2026-09-03
4285,28,Masculino,Soltero,Secundaria,False,0,Penitenciario,2026-09-03
4286,40,Masculino,Casado,Técnico,True,4,Penitenciario,2026-09-03
4287,32,Masculino,Casado,Secundaria,False,0,Penitenciario,2026-09-03
4288,40,Femenino,Casado,Secundaria,True,4,Penitenciario,2026-09-03
4289,56,Femenino,Soltero,Secundaria,True,4,Penitenciario,2026-09-03
4290,45,Masculino,Soltero,Sin escolaridad,False,0,Penitenciario,2026-09-03
4291,44,Femenino,Casado,Técnico,False,0,Penitenciario,2026-09-03
4292,32,Masculino,Divorciado,Técnico,True,5,Penitenciario,2026-09-03
4293,20,Masculino,Divorciado,Técnico,False,0,Penitenciario,2026-09-03
4294,35,Masculino,Soltero,Técnico,True,3,Penitenciario,2026-09-03
4295,52,Masculino,Soltero,Secundaria,False,0,Penitenciario,2026-09-03
4296,19,Femenino,Soltero,Secundaria,True,4,Penitenciario,2026-09-03
4297,25,Masculino,Viudo,Secundaria,True,3,Penitenciario,2026-09-03
4298,39,Masculino,Casado,Secundaria,False,0,Penitenciario,2026-09-03
4299,26,Masculino,Soltero,Primaria,False,0,Penitenciario,2026-09-03
4300,28,Femenino,Soltero,Secundaria,False,0,Penitenciario,2026-09-03
4301,32,Masculino,Soltero,Superior,False,0,Penitenciario,2026-09-03
4302,21,Femenino,Soltero,Secundaria,False,0,Penitenciario,2026-09-03
4303,26,Femenino,Casado,Técnico,True,2,Penitenciario,2026-09-03
4304,46,Masculino,Casado,Primaria,True,5,Penitenciario,2026-09-03
4305,22,Masculino,Soltero,Primaria,False,0,Penitenciario,2026-09-03
4306,18,Femenino,Soltero,Secundaria,True,5,Penitenciario,2026-09-03
4307,30,Masculino,Divorciado,Primaria,False,0,Penitenciario,2026-09-03
4308,46,Femenino,Soltero,Primaria,True,6,Penitenciario,2026-09-03
4309,35,Masculino,Soltero,Primaria,False,0,Penitenciario,2026-09-03
4310,32,Masculino,Divorciado,Secundaria,True,4,Penitenciario,2026-09-03
4311,38,Femenino,Casado,Primaria,False,0,Penitenciario,2026-09-03
4312,18,Femenino,Casado,Primaria,True,5,Penitenciario,2026-09-03
4313,43,Femenino,Soltero,Sin escolaridad,False,0,Penitenciario,2026-09-03
4314,42,Masculino,Soltero,Secundaria,True,2,Penitenciario,2026-09-03
4315,33,Femenino,Soltero,Secundaria,True,3,Penitenciario,2026-09-03
4316,50,Femenino,Soltero,Secundaria,False,0,Penitenciario,2026-09-03
4317,24,Femenino,Casado,Secundaria,True,4,Penitenciario,2026-09-03
4318,51,Masculino,Soltero,Primaria,True,2,Penitenciario,2026-09-03
4319,39,Masculino,Casado,Secundaria,True,2,Penitenciario,2026-09-03
4320,33,Femenino,Soltero,Secundaria,False,0,Penitenciario,2026-09-03
4321,37,Masculino,Soltero,Primaria,True,3,Penitenciario,2026-09-03
4322,36,Masculino,Viudo,Secundaria,True,3,Penitenciario,2026-09-03
4323,52,Masculino,Soltero,Primaria,False,0,Penitenciario,2026-09-03
4324,25,Masculino,Soltero,Primaria,True,4,Penitenciario,2026-09-03
4325,28,Masculino,Soltero,Secundaria,False,0,Penitenciario,2026-09-03
4326,50,Masculino,Soltero,Secundaria,True,3,Penitenciario,2026-09-03
4327,30,Femenino,Soltero,Primaria,False,0,Penitenciario,2026-09-03
4328,48,Masculino,Soltero,Primaria,False,0,Penitenciario,2026-09-03
4329,58,Masculino,Casado,Superior,False,0,Penitenciario,2026-09-03
4330,33,Masculino,Casado,Secundaria,False,0,Penitenciario,2026-09-03
4331,46,Masculino,Soltero,Técnico,True,4,Penitenciario,2026-09-03
4332,24,Masculino,Soltero,Secundaria,True,2,Penitenciario,2026-09-03
4333,47,Femenino,Casado,Secundaria,True,2,Penitenciario,2026-09-03
4334,40,Masculino,Soltero,Secundaria,True,1,Penitenciario,2026-09-03
4335,43,Femenino,Casado,Primaria,True,3,Penitenciario,2026-09-03
4336,30,Masculino,Casado,Secundaria,False,0,Penitenciario,2026-09-03
4337,18,Masculino,Soltero,Secundaria,True,6,Penitenciario,2026-09-03
4338,44,Masculino,Casado,Primaria,True,1,Penitenciario,2026-09-03
4339,18,Masculino,Divorciado,Secundaria,True,2,Penitenciario,2026-09-03
4340,34,Femenino,Casado,Primaria,False,0,Penitenciario,2026-09-03
4341,49,Femenino,Soltero,Secundaria,True,2,Penitenciario,2026-09-03
4342,40,Masculino,Soltero,Primaria,False,0,Penitenciario,2026-09-03
4343,61,Masculino,Divorciado,Secundaria,True,2,Penitenciario,2026-09-03
4344,50,Masculino,Soltero,Sin escolaridad,True,3,Penitenciario,2026-09-03
4345,30,Masculino,Casado,Primaria,False,0,Penitenciario,2026-09-03
4346,38,Femenino,Soltero,Secundaria,True,4,Penitenciario,2026-09-03
4347,37,Masculino,Soltero,Secundaria,False,0,Penitenciario,2026-09-03
4348,19,Femenino,Casado,Secundaria,True,3,Penitenciario,2026-09-03
4349,26,Masculino,Casado,Primaria,True,1,Penitenciario,2026-09-03
4350,31,Masculino,Casado,Secundaria,False,0,Penitenciario,2026-09-03
4351,18,Masculino,Divorciado,Secundaria,False,0,Penitenciario,2026-09-03
4352,38,Masculino,Soltero,Primaria,False,0,Penitenciario,2026-09-03
4353,35,Femenino,Soltero,Secundaria,True,3,Penitenciario,2026-09-03
4354,18,Masculino,Divorciado,Secundaria,False,0,Penitenciario,2026-09-03
4355,42,Femenino,Soltero,Primaria,False,0,Penitenciario,2026-09-03
4356,46,Masculino,Casado,Técnico,True,2,Penitenciario,2026-09-03
4357,40,Femenino,Soltero,Secundaria,False,0,Penitenciario,2026-09-03
4358,34,Masculino,Soltero,Superior,False,0,Penitenciario,2026-09-03
4359,45,Femenino,Soltero,Secundaria,True,3,Penitenciario,2026-09-03
4360,46,Femenino,Soltero,Secundaria,True,4,Penitenciario,2026-09-03
4361,41,Femenino,Divorciado,Primaria,True,3,Penitenciario,2026-09-03
4362,28,Masculino,Casado,Secundaria,True,3,Penitenciario,2026-09-03
4363,41,Femenino,Casado,Superior,True,2,Penitenciario,2026-09-03
4364,52,Masculino,Soltero,Secundaria,False,0,Penitenciario,2026-09-03
4365,30,Masculino,Soltero,Técnico,False,0,Penitenciario,2026-09-03
4366,63,Masculino,Soltero,Primaria,False,0,Penitenciario,2026-09-03
4367,31,Masculino,Soltero,Secundaria,False,0,Penitenciario,2026-09-03
4368,38,Femenino,Soltero,Técnico,True,1,Penitenciario,2026-09-03
4369,29,Masculino,Soltero,Secundaria,False,0,Penitenciario,2026-09-03
4370,40,Masculino,Soltero,Superior,False,0,Penitenciario,2026-09-03
4371,18,Masculino,Soltero,Secundaria,True,2,Penitenciario,2026-09-03
4372,31,Masculino,Soltero,Secundaria,False,0,Penitenciario,2026-09-03
4373,24,Masculino,Soltero,Secundaria,False,0,Penitenciario,2026-09-03
4374,39,Masculino,Soltero,Técnico,True,2,Penitenciario,2026-09-03
4375,49,Masculino,Soltero,Secundaria,False,0,Penitenciario,2026-09-03
4376,45,Masculino,Divorciado,Primaria,True,1,Penitenciario,2026-09-03
4377,18,Femenino,Soltero,Secundaria,True,6,Penitenciario,2026-09-03
4378,62,Femenino,Divorciado,Secundaria,True,4,Penitenciario,2026-09-03
4379,41,Femenino,Soltero,Primaria,True,4,Penitenciario,2026-09-03
4380,28,Masculino,Divorciado,Secundaria,False,0,Penitenciario,2026-09-03
4381,39,Masculino,Soltero,Primaria,True,1,Penitenciario,2026-09-03
4382,40,Masculino,Casado,Secundaria,True,2,Penitenciario,2026-09-03
4383,29,Masculino,Soltero,Secundaria,False,0,Penitenciario,2026-09-03
4384,40,Masculino,Casado,Secundaria,False,0,Penitenciario,2026-09-03
4385,30,Masculino,Soltero,Secundaria,False,0,Penitenciario,2026-09-03
4386,33,Masculino,Soltero,Primaria,True,5,Penitenciario,2026-09-03
4387,29,Masculino,Casado,Superior,True,1,Penitenciario,2026-09-03
4388,20,Femenino,Soltero,Primaria,False,0,Penitenciario,2026-09-03
4389,39,Masculino,Divorciado,Sin escolaridad,False,0,Penitenciario,2026-09-03
4390,45,Masculino,Soltero,Técnico,True,4,Penitenciario,2026-09-03
4391,44,Masculino,Soltero,Secundaria,False,0,Penitenciario,2026-09-03
4392,47,Masculino,Casado,Primaria,True,3,Penitenciario,2026-09-03
4393,41,Masculino,Soltero,Superior,True,3,Penitenciario,2026-09-03
4394,31,Masculino,Soltero,Secundaria,False,0,Penitenciario,2026-09-03
4395,48,Masculino,Casado,Superior,True,3,Penitenciario,2026-09-03
4396,21,Femenino,Casado,Secundaria,True,5,Penitenciario,2026-09-03
4397,27,Femenino,Divorciado,Secundaria,True,2,Penitenciario,2026-09-03
4398,26,Masculino,Soltero,Secundaria,True,3,Penitenciario,2026-09-03
4399,50,Masculino,Soltero,Primaria,False,0,Penitenciario,2026-09-03
4400,49,Masculino,Soltero,Secundaria,False,0,Penitenciario,2026-09-03
4401,43,Femenino,Soltero,Secundaria,True,1,Penitenciario,2026-09-03
4402,50,Masculino,Casado,Sin escolaridad,True,5,Penitenciario,2026-09-03
4403,27,Masculino,Soltero,Primaria,True,3,Penitenciario,2026-09-03
4404,42,Masculino,Soltero,Primaria,False,0,Penitenciario,2026-09-03
4405,36,Masculino,Soltero,Técnico,True,5,Penitenciario,2026-09-03
4406,48,Femenino,Casado,Secundaria,False,0,Penitenciario,2026-09-03
4407,36,Masculino,Divorciado,Secundaria,False,0,Penitenciario,2026-09-03
4408,33,Masculino,Casado,Superior,True,4,Penitenciario,2026-09-03
4409,44,Masculino,Soltero,Secundaria,False,0,Penitenciario,2026-09-03
4410,48,Masculino,Casado,Superior,False,0,Penitenciario,2026-09-03
4411,29,Femenino,Casado,Primaria,True,5,Penitenciario,2026-09-03
4412,37,Femenino,Soltero,Primaria,False,0,Penitenciario,2026-09-03
4413,25,Masculino,Soltero,Secundaria,False,0,Penitenciario,2026-09-03
4414,18,Masculino,Soltero,Secundaria,True,1,Penitenciario,2026-09-03
4415,40,Masculino,Soltero,Técnico,True,5,Penitenciario,2026-09-03
4416,45,Masculino,Casado,Secundaria,True,4,Penitenciario,2026-09-03
4417,41,Masculino,Soltero,Primaria,True,2,Penitenciario,2026-09-03
4418,18,Masculino,Soltero,Secundaria,False,0,Penitenciario,2026-09-03
4419,33,Masculino,Divorciado,Secundaria,False,0,Penitenciario,2026-09-03
4420,18,Masculino,Casado,Primaria,False,0,Penitenciario,2026-09-03
4421,54,Masculino,Casado,Secundaria,False,0,Penitenciario,2026-09-03
4422,24,Femenino,Soltero,Técnico,True,2,Penitenciario,2026-09-03
4423,53,Masculino,Soltero,Secundaria,True,6,Penitenciario,2026-09-03
4424,49,Femenino,Soltero,Secundaria,True,2,Penitenciario,2026-09-03
4425,27,Masculino,Soltero,Secundaria,False,0,Penitenciario,2026-09-03
4426,24,Masculino,Soltero,Primaria,True,1,Penitenciario,2026-09-03
4427,42,Femenino,Soltero,Secundaria,True,3,Penitenciario,2026-09-03
4428,27,Masculino,Soltero,Secundaria,True,4,Penitenciario,2026-09-03
4429,39,Femenino,Soltero,Secundaria,False,0,Penitenciario,2026-09-03
4430,32,Masculino,Soltero,Primaria,False,0,Penitenciario,2026-09-03
4431,18,Masculino,Casado,Técnico,True,3,Penitenciario,2026-09-03
4432,18,Masculino,Casado,Secundaria,True,4,Penitenciario,2026-09-03
4433,40,Masculino,Soltero,Secundaria,True,3,Penitenciario,2026-09-03
4434,31,Masculino,Soltero,Primaria,True,3,Penitenciario,2026-09-03
4435,31,Masculino,Soltero,Primaria,True,4,Penitenciario,2026-09-03
4436,46,Masculino,Soltero,Primaria,False,0,Penitenciario,2026-09-03
4437,52,Masculino,Soltero,Secundaria,True,3,Penitenciario,2026-09-03
4438,34,Masculino,Divorciado,Primaria,True,4,Penitenciario,2026-09-03
4439,33,Masculino,Viudo,Secundaria,True,4,Penitenciario,2026-09-03
4440,44,Masculino,Casado,Superior,False,0,Penitenciario,2026-09-03
4441,21,Masculino,Divorciado,Secundaria,True,1,Penitenciario,2026-09-03
4442,40,Femenino,Casado,Secundaria,True,4,Penitenciario,2026-09-03
4443,44,Femenino,Soltero,Secundaria,True,1,Penitenciario,2026-09-03
4444,46,Masculino,Viudo,Técnico,True,3,Penitenciario,2026-09-03
4445,18,Femenino,Soltero,Técnico,True,5,Penitenciario,2026-09-03
4446,28,Masculino,Casado,Primaria,False,0,Penitenciario,2026-09-03
4447,27,Femenino,Soltero,Primaria,True,2,Penitenciario,2026-09-03
4448,39,Femenino,Soltero,Secundaria,False,0,Penitenciario,2026-09-03
4449,43,Femenino,Casado,Secundaria,True,4,Penitenciario,2026-09-03
4450,55,Masculino,Soltero,Primaria,True,1,Penitenciario,2026-09-03
4451,32,Masculino,Soltero,Secundaria,True,3,Penitenciario,2026-09-03
4452,32,Masculino,Soltero,Secundaria,False,0,Penitenciario,2026-09-03
4453,51,Femenino,Soltero,Primaria,False,0,Penitenciario,2026-09-03
4454,41,Masculino,Viudo,Técnico,False,0,Penitenciario,2026-09-03
4455,53,Femenino,Casado,Primaria,False,0,Penitenciario,2026-09-03
4456,41,Masculino,Soltero,Secundaria,False,0,Penitenciario,2026-09-03
4457,24,Femenino,Soltero,Secundaria,True,4,Penitenciario,2026-09-03
4458,22,Masculino,Casado,Primaria,True,4,Penitenciario,2026-09-03
4459,19,Masculino,Soltero,Secundaria,False,0,Penitenciario,2026-09-03
4460,45,Masculino,Soltero,Secundaria,False,0,Penitenciario,2026-09-03
4461,52,Masculino,Soltero,Técnico,True,5,Penitenciario,2026-09-03
4462,60,Masculino,Divorciado,Secundaria,False,0,Penitenciario,2026-09-03
4463,48,Femenino,Soltero,Secundaria,True,3,Penitenciario,2026-09-03
4464,51,Masculino,Soltero,Secundaria,False,0,Penitenciario,2026-09-03
4465,31,Masculino,Soltero,Secundaria,False,0,Penitenciario,2026-09-03
4466,24,Femenino,Soltero,Técnico,True,2,Penitenciario,2026-09-03
4467,48,Masculino,Soltero,Sin escolaridad,True,7,Penitenciario,2026-09-03
4468,43,Femenino,Soltero,Primaria,True,3,Penitenciario,2026-09-03
4469,39,Femenino,Soltero,Secundaria,True,3,Penitenciario,2026-09-03
4470,42,Masculino,Soltero,Primaria,True,3,Penitenciario,2026-09-03
4471,41,Masculino,Soltero,Técnico,False,0,Penitenciario,2026-09-03
4472,53,Masculino,Casado,Secundaria,True,3,Penitenciario,2026-09-03
4473,53,Femenino,Divorciado,Secundaria,True,2,Penitenciario,2026-09-03
4474,44,Masculino,Soltero,Secundaria,False,0,Penitenciario,2026-09-03
4475,48,Masculino,Soltero,Secundaria,False,0,Penitenciario,2026-09-03
4476,44,Femenino,Soltero,Secundaria,False,0,Penitenciario,2026-09-03
4477,32,Masculino,Casado,Sin escolaridad,True,5,Penitenciario,2026-09-03
4478,47,Femenino,Casado,Secundaria,True,2,Penitenciario,2026-09-03
4479,21,Femenino,Soltero,Primaria,False,0,Penitenciario,2026-09-03
4480,50,Masculino,Casado,Secundaria,True,5,Penitenciario,2026-09-03
4481,23,Femenino,Casado,Secundaria,False,0,Penitenciario,2026-09-03
4482,41,Femenino,Divorciado,Primaria,True,8,Penitenciario,2026-09-03
4483,27,Masculino,Soltero,Secundaria,False,0,Penitenciario,2026-09-03
4484,44,Masculino,Soltero,Primaria,True,4,Penitenciario,2026-09-03
4485,37,Masculino,Soltero,Técnico,True,4,Penitenciario,2026-09-03
4486,18,Masculino,Divorciado,Primaria,False,0,Penitenciario,2026-09-03
4487,43,Femenino,Casado,Técnico,True,2,Penitenciario,2026-09-03
4488,31,Masculino,Soltero,Secundaria,False,0,Penitenciario,2026-09-03
4489,48,Masculino,Soltero,Secundaria,True,4,Penitenciario,2026-09-03
4490,38,Masculino,Soltero,Primaria,True,5,Penitenciario,2026-09-03
4491,42,Masculino,Soltero,Superior,True,4,Penitenciario,2026-09-03
4492,26,Femenino,Soltero,Primaria,False,0,Penitenciario,2026-09-03
4493,30,Femenino,Soltero,Secundaria,True,2,Penitenciario,2026-09-03
4494,32,Masculino,Soltero,Superior,False,0,Penitenciario,2026-09-03
4495,48,Masculino,Casado,Técnico,False,0,Penitenciario,2026-09-03
4496,58,Masculino,Soltero,Secundaria,False,0,Penitenciario,2026-09-03
4497,28,Masculino,Soltero,Superior,False,0,Penitenciario,2026-09-03
4498,50,Masculino,Soltero,Secundaria,True,3,Penitenciario,2026-09-03
4499,18,Masculino,Casado,Primaria,False,0,Penitenciario,2026-09-03
4500,23,Femenino,Soltero,Secundaria,True,4,Penitenciario,2026-09-03
4501,26,Masculino,Divorciado,Primaria,False,0,Penitenciario,2026-09-03
4502,21,Femenino,Soltero,Primaria,True,3,Penitenciario,2026-09-03
4503,18,Masculino,Divorciado,Secundaria,True,3,Penitenciario,2026-09-03
4504,42,Masculino,Divorciado,Secundaria,True,2,Penitenciario,2026-09-03
4505,35,Femenino,Soltero,Sin escolaridad,False,0,Penitenciario,2026-09-03
4506,42,Masculino,Divorciado,Técnico,True,2,Penitenciario,2026-09-03
4507,46,Femenino,Soltero,Primaria,False,0,Penitenciario,2026-09-03
4508,41,Masculino,Soltero,Superior,True,1,Penitenciario,2026-09-03
4509,45,Masculino,Soltero,Superior,False,0,Penitenciario,2026-09-03
4510,37,Femenino,Soltero,Técnico,False,0,Penitenciario,2026-09-03
4511,23,Masculino,Casado,Secundaria,False,0,Penitenciario,2026-09-03
4512,50,Femenino,Casado,Primaria,True,2,Penitenciario,2026-09-03
4513,30,Femenino,Soltero,Secundaria,False,0,Penitenciario,2026-09-03
4514,26,Masculino,Soltero,Primaria,True,2,Penitenciario,2026-09-03
4515,35,Masculino,Soltero,Primaria,True,5,Penitenciario,2026-09-03
4516,27,Masculino,Casado,Secundaria,True,1,Penitenciario,2026-09-03
4517,32,Masculino,Soltero,Sin escolaridad,False,0,Penitenciario,2026-09-03
4518,42,Femenino,Divorciado,Superior,False,0,Penitenciario,2026-09-03
4519,42,Masculino,Soltero,Técnico,False,0,Penitenciario,2026-09-03
4520,27,Masculino,Soltero,Secundaria,True,1,Penitenciario,2026-09-03
4521,32,Femenino,Divorciado,Secundaria,True,1,Penitenciario,2026-09-03
4522,50,Masculino,Soltero,Secundaria,True,1,Penitenciario,2026-09-03
4523,43,Femenino,Soltero,Técnico,False,0,Penitenciario,2026-09-03
4524,62,Masculino,Soltero,Secundaria,False,0,Penitenciario,2026-09-03
4525,52,Femenino,Soltero,Primaria,True,3,Penitenciario,2026-09-03
4526,51,Masculino,Viudo,Secundaria,True,4,Penitenciario,2026-09-03
4527,21,Masculino,Soltero,Secundaria,True,6,Penitenciario,2026-09-03
4528,47,Masculino,Soltero,Superior,True,1,Penitenciario,2026-09-03
4529,37,Masculino,Soltero,Primaria,True,1,Penitenciario,2026-09-03
4530,31,Femenino,Soltero,Primaria,True,2,Penitenciario,2026-09-03
4531,40,Masculino,Casado,Técnico,False,0,Penitenciario,2026-09-03
4532,49,Femenino,Divorciado,Técnico,False,0,Penitenciario,2026-09-03
4533,44,Masculino,Divorciado,Técnico,True,1,Penitenciario,2026-09-03
4534,27,Masculino,Soltero,Secundaria,True,2,Penitenciario,2026-09-03
4535,46,Masculino,Soltero,Secundaria,False,0,Penitenciario,2026-09-03
4536,30,Masculino,Soltero,Secundaria,True,3,Penitenciario,2026-09-03
4537,40,Masculino,Casado,Primaria,False,0,Penitenciario,2026-09-03
4538,34,Masculino,Soltero,Secundaria,False,0,Penitenciario,2026-09-03
4539,35,Femenino,Soltero,Sin escolaridad,False,0,Penitenciario,2026-09-03
4540,47,Masculino,Divorciado,Primaria,True,1,Penitenciario,2026-09-03
4541,25,Masculino,Soltero,Técnico,False,0,Penitenciario,2026-09-03
4542,61,Masculino,Soltero,Primaria,True,5,Penitenciario,2026-09-03
4543,18,Masculino,Soltero,Técnico,False,0,Penitenciario,2026-09-03
4544,30,Femenino,Soltero,Primaria,True,3,Penitenciario,2026-09-03
4545,42,Masculino,Soltero,Primaria,True,2,Penitenciario,2026-09-03
4546,45,Masculino,Soltero,Secundaria,False,0,Penitenciario,2026-09-03
4547,36,Masculino,Soltero,Secundaria,False,0,Penitenciario,2026-09-03
4548,37,Masculino,Soltero,Secundaria,True,2,Penitenciario,2026-09-03
4549,42,Masculino,Casado,Técnico,True,5,Penitenciario,2026-09-03
4550,35,Masculino,Soltero,Sin escolaridad,False,0,Penitenciario,2026-09-03
4551,54,Masculino,Casado,Técnico,False,0,Penitenciario,2026-09-03
4552,48,Masculino,Soltero,Primaria,False,0,Penitenciario,2026-09-03
4553,48,Femenino,Soltero,Técnico,True,6,Penitenciario,2026-09-03
4554,26,Masculino,Divorciado,Secundaria,True,2,Penitenciario,2026-09-03
4555,37,Femenino,Soltero,Secundaria,False,0,Penitenciario,2026-09-03
4556,34,Masculino,Soltero,Secundaria,False,0,Penitenciario,2026-09-03
4557,25,Femenino,Divorciado,Primaria,True,3,Penitenciario,2026-09-03
4558,42,Masculino,Soltero,Técnico,True,2,Penitenciario,2026-09-03
4559,31,Masculino,Soltero,Primaria,False,0,Penitenciario,2026-09-03
4560,45,Masculino,Soltero,Primaria,False,0,Penitenciario,2026-09-03
4561,25,Masculino,Casado,Secundaria,False,0,Penitenciario,2026-09-03
4562,58,Masculino,Divorciado,Primaria,True,3,Penitenciario,2026-09-03
4563,27,Masculino,Soltero,Primaria,True,2,Penitenciario,2026-09-03
4564,40,Masculino,Soltero,Secundaria,False,0,Penitenciario,2026-09-03
4565,47,Masculino,Soltero,Secundaria,False,0,Penitenciario,2026-09-03
4566,31,Masculino,Soltero,Primaria,True,2,Penitenciario,2026-09-03
4567,48,Femenino,Soltero,Secundaria,False,0,Penitenciario,2026-09-03
4568,23,Masculino,Soltero,Secundaria,False,0,Penitenciario,2026-09-03
4569,55,Masculino,Soltero,Técnico,False,0,Penitenciario,2026-09-03
4570,38,Masculino,Soltero,Técnico,False,0,Penitenciario,2026-09-03
4571,30,Masculino,Divorciado,Secundaria,True,3,Penitenciario,2026-09-03
4572,34,Masculino,Soltero,Secundaria,False,0,Penitenciario,2026-09-03
4573,47,Femenino,Soltero,Secundaria,True,3,Penitenciario,2026-09-03
4574,30,Masculino,Soltero,Primaria,False,0,Penitenciario,2026-09-03
4575,29,Masculino,Divorciado,Secundaria,True,2,Penitenciario,2026-09-03
4576,35,Masculino,Casado,Superior,False,0,Penitenciario,2026-09-03
4577,23,Masculino,Casado,Secundaria,False,0,Penitenciario,2026-09-03
4578,59,Femenino,Soltero,Sin escolaridad,True,3,Penitenciario,2026-09-03
4579,31,Femenino,Casado,Secundaria,False,0,Penitenciario,2026-09-03
4580,47,Masculino,Soltero,Secundaria,True,5,Penitenciario,2026-09-03
4581,40,Masculino,Soltero,Secundaria,False,0,Penitenciario,2026-09-03
4582,26,Masculino,Soltero,Secundaria,True,4,Penitenciario,2026-09-03
4583,37,Masculino,Casado,Secundaria,True,1,Penitenciario,2026-09-03
4584,47,Masculino,Casado,Primaria,False,0,Penitenciario,2026-09-03
4585,35,Femenino,Divorciado,Técnico,True,3,Penitenciario,2026-09-03
4586,52,Masculino,Divorciado,Secundaria,False,0,Penitenciario,2026-09-03
4587,50,Masculino,Soltero,Primaria,False,0,Penitenciario,2026-09-03
4588,49,Masculino,Soltero,Primaria,False,0,Penitenciario,2026-09-03
4589,32,Femenino,Soltero,Técnico,True,1,Penitenciario,2026-09-03
4590,25,Masculino,Divorciado,Técnico,False,0,Penitenciario,2026-09-03
4591,30,Femenino,Soltero,Secundaria,True,3,Penitenciario,2026-09-03
4592,40,Masculino,Divorciado,Sin escolaridad,True,1,Penitenciario,2026-09-03
4593,44,Masculino,Soltero,Sin escolaridad,False,0,Penitenciario,2026-09-03
4594,18,Femenino,Soltero,Primaria,False,0,Penitenciario,2026-09-03
4595,37,Femenino,Soltero,Secundaria,True,3,Penitenciario,2026-09-03
4596,39,Masculino,Soltero,Secundaria,True,5,Penitenciario,2026-09-03
4597,34,Masculino,Divorciado,Secundaria,False,0,Penitenciario,2026-09-03
4598,53,Femenino,Soltero,Secundaria,True,4,Penitenciario,2026-09-03
4599,43,Masculino,Soltero,Sin escolaridad,True,4,Penitenciario,2026-09-03
4600,53,Masculino,Soltero,Primaria,True,2,Penitenciario,2026-09-03
4601,35,Femenino,Soltero,Secundaria,True,3,Penitenciario,2026-09-03
4602,49,Masculino,Soltero,Primaria,False,0,Penitenciario,2026-09-03
4603,57,Masculino,Soltero,Primaria,True,4,Penitenciario,2026-09-03
4604,53,Masculino,Divorciado,Secundaria,True,6,Penitenciario,2026-09-03
4605,24,Masculino,Soltero,Secundaria,False,0,Penitenciario,2026-09-03
4606,34,Masculino,Soltero,Secundaria,True,1,Penitenciario,2026-09-03
4607,33,Masculino,Soltero,Secundaria,False,0,Penitenciario,2026-09-03
4608,43,Masculino,Soltero,Secundaria,False,0,Penitenciario,2026-09-03
4609,46,Masculino,Soltero,Secundaria,False,0,Penitenciario,2026-09-03
4610,27,Masculino,Soltero,Primaria,False,0,Penitenciario,2026-09-03
4611,38,Masculino,Soltero,Superior,True,2,Penitenciario,2026-09-03
4612,18,Femenino,Casado,Primaria,False,0,Penitenciario,2026-09-03
4613,55,Masculino,Soltero,Primaria,True,2,Penitenciario,2026-09-03
4614,31,Femenino,Casado,Primaria,True,3,Penitenciario,2026-09-03
4615,38,Masculino,Divorciado,Superior,False,0,Penitenciario,2026-09-03
4616,34,Femenino,Soltero,Superior,True,3,Penitenciario,2026-09-03
4617,51,Masculino,Soltero,Secundaria,False,0,Penitenciario,2026-09-03
4618,18,Masculino,Soltero,Secundaria,True,3,Penitenciario,2026-09-03
4619,37,Femenino,Soltero,Secundaria,True,5,Penitenciario,2026-09-03
4620,36,Femenino,Casado,Superior,True,1,Penitenciario,2026-09-03
4621,32,Masculino,Casado,Secundaria,True,2,Penitenciario,2026-09-03
4622,58,Femenino,Soltero,Técnico,True,1,Penitenciario,2026-09-03
4623,27,Masculino,Soltero,Primaria,False,0,Penitenciario,2026-09-03
4624,47,Femenino,Soltero,Primaria,False,0,Penitenciario,2026-09-03
4625,42,Masculino,Soltero,Técnico,False,0,Penitenciario,2026-09-03
4626,53,Masculino,Casado,Primaria,False,0,Penitenciario,2026-09-03
4627,29,Masculino,Soltero,Técnico,False,0,Penitenciario,2026-09-03
4628,29,Masculino,Soltero,Secundaria,True,2,Penitenciario,2026-09-03
4629,51,Femenino,Casado,Técnico,True,5,Penitenciario,2026-09-03
4630,43,Masculino,Soltero,Primaria,False,0,Penitenciario,2026-09-03
4631,19,Masculino,Soltero,Secundaria,True,2,Penitenciario,2026-09-03
4632,31,Masculino,Soltero,Secundaria,True,1,Penitenciario,2026-09-03
4633,42,Masculino,Soltero,Secundaria,True,6,Penitenciario,2026-09-03
4634,48,Masculino,Casado,Secundaria,True,4,Penitenciario,2026-09-03
4635,29,Masculino,Divorciado,Superior,False,0,Penitenciario,2026-09-03
4636,18,Femenino,Soltero,Secundaria,False,0,Penitenciario,2026-09-03
4637,44,Masculino,Divorciado,Primaria,True,3,Penitenciario,2026-09-03
4638,23,Masculino,Soltero,Técnico,True,3,Penitenciario,2026-09-03
4639,18,Femenino,Casado,Primaria,True,4,Penitenciario,2026-09-03
4640,18,Masculino,Divorciado,Secundaria,False,0,Penitenciario,2026-09-03
4641,47,Femenino,Soltero,Primaria,True,3,Penitenciario,2026-09-03
4642,39,Femenino,Casado,Técnico,False,0,Penitenciario,2026-09-03
4643,35,Masculino,Soltero,Primaria,True,6,Penitenciario,2026-09-03
4644,54,Masculino,Soltero,Primaria,False,0,Penitenciario,2026-09-03
4645,45,Masculino,Casado,Técnico,False,0,Penitenciario,2026-09-03
4646,57,Masculino,Divorciado,Secundaria,False,0,Penitenciario,2026-09-03
4647,21,Femenino,Divorciado,Primaria,True,4,Penitenciario,2026-09-03
4648,37,Masculino,Casado,Secundaria,True,4,Penitenciario,2026-09-03
4649,18,Masculino,Soltero,Técnico,True,3,Penitenciario,2026-09-03
4650,35,Masculino,Soltero,Primaria,True,4,Penitenciario,2026-09-03
4651,35,Masculino,Viudo,Secundaria,True,2,Penitenciario,2026-09-03
4652,45,Masculino,Soltero,Secundaria,True,2,Penitenciario,2026-09-03
4653,38,Femenino,Casado,Secundaria,False,0,Penitenciario,2026-09-03
4654,45,Masculino,Soltero,Secundaria,False,0,Penitenciario,2026-09-03
4655,46,Masculino,Casado,Secundaria,True,4,Penitenciario,2026-09-03
4656,63,Masculino,Soltero,Sin escolaridad,False,0,Penitenciario,2026-09-03
4657,34,Femenino,Viudo,Secundaria,True,3,Penitenciario,2026-09-03
4658,26,Masculino,Soltero,Sin escolaridad,False,0,Penitenciario,2026-09-03
4659,40,Femenino,Divorciado,Secundaria,True,2,Penitenciario,2026-09-03
4660,28,Masculino,Soltero,Primaria,False,0,Penitenciario,2026-09-03
4661,55,Femenino,Soltero,Secundaria,False,0,Penitenciario,2026-09-03
4662,34,Masculino,Casado,Primaria,True,2,Penitenciario,2026-09-03
4663,31,Masculino,Casado,Secundaria,False,0,Penitenciario,2026-09-03
4664,32,Masculino,Divorciado,Secundaria,False,0,Penitenciario,2026-09-03
4665,46,Masculino,Soltero,Secundaria,True,2,Penitenciario,2026-09-03
4666,36,Masculino,Soltero,Secundaria,True,3,Penitenciario,2026-09-03
4667,30,Masculino,Soltero,Secundaria,False,0,Penitenciario,2026-09-03
4668,57,Masculino,Soltero,Primaria,False,0,Penitenciario,2026-09-03
4669,27,Masculino,Viudo,Primaria,False,0,Penitenciario,2026-09-03
4670,38,Femenino,Soltero,Secundaria,False,0,Penitenciario,2026-09-03
4671,45,Masculino,Soltero,Técnico,False,0,Penitenciario,2026-09-03
4672,18,Femenino,Soltero,Primaria,True,3,Penitenciario,2026-09-03
4673,43,Masculino,Soltero,Sin escolaridad,False,0,Penitenciario,2026-09-03
4674,25,Masculino,Soltero,Primaria,True,2,Penitenciario,2026-09-03
4675,47,Masculino,Soltero,Secundaria,False,0,Penitenciario,2026-09-03
4676,26,Masculino,Soltero,Secundaria,True,4,Penitenciario,2026-09-03
4677,46,Femenino,Soltero,Secundaria,True,4,Penitenciario,2026-09-03
4678,51,Masculino,Viudo,Primaria,True,3,Penitenciario,2026-09-03
4679,48,Femenino,Soltero,Primaria,True,3,Penitenciario,2026-09-03
4680,41,Femenino,Soltero,Primaria,True,3,Penitenciario,2026-09-03
4681,35,Masculino,Viudo,Secundaria,True,3,Penitenciario,2026-09-03
4682,31,Femenino,Casado,Secundaria,False,0,Penitenciario,2026-09-03
4683,55,Masculino,Viudo,Primaria,True,4,Penitenciario,2026-09-03
4684,29,Femenino,Viudo,Técnico,True,6,Penitenciario,2026-09-03
4685,25,Femenino,Soltero,Primaria,True,3,Penitenciario,2026-09-03
4686,45,Masculino,Casado,Secundaria,True,3,Penitenciario,2026-09-03
4687,28,Femenino,Soltero,Secundaria,True,2,Penitenciario,2026-09-03
4688,26,Masculino,Soltero,Primaria,False,0,Penitenciario,2026-09-03
4689,20,Masculino,Casado,Secundaria,False,0,Penitenciario,2026-09-03
4690,32,Masculino,Soltero,Secundaria,False,0,Penitenciario,2026-09-03
4691,37,Masculino,Casado,Secundaria,True,1,Penitenciario,2026-09-03
4692,40,Masculino,Casado,Secundaria,False,0,Penitenciario,2026-09-03
4693,49,Femenino,Soltero,Primaria,True,3,Penitenciario,2026-09-03
4694,44,Masculino,Divorciado,Secundaria,False,0,Penitenciario,2026-09-03
4695,35,Masculino,Soltero,Primaria,True,1,Penitenciario,2026-09-03
4696,35,Masculino,Soltero,Secundaria,False,0,Penitenciario,2026-09-03
4697,44,Masculino,Divorciado,Primaria,True,4,Penitenciario,2026-09-03
4698,53,Femenino,Soltero,Sin escolaridad,True,4,Penitenciario,2026-09-03
4699,39,Femenino,Casado,Primaria,True,3,Penitenciario,2026-09-03
4700,32,Femenino,Soltero,Primaria,False,0,Penitenciario,2026-09-03
4701,26,Masculino,Soltero,Secundaria,False,0,Penitenciario,2026-09-03
4702,20,Masculino,Casado,Primaria,True,1,Penitenciario,2026-09-03
4703,45,Femenino,Soltero,Secundaria,True,4,Penitenciario,2026-09-03
4704,44,Femenino,Soltero,Primaria,True,4,Penitenciario,2026-09-03
4705,44,Masculino,Soltero,Secundaria,False,0,Penitenciario,2026-09-03
4706,36,Masculino,Divorciado,Secundaria,True,4,Penitenciario,2026-09-03
4707,54,Femenino,Soltero,Superior,True,3,Penitenciario,2026-09-03
4708,32,Femenino,Divorciado,Superior,True,3,Penitenciario,2026-09-03
4709,49,Masculino,Soltero,Técnico,True,3,Penitenciario,2026-09-03
4710,37,Femenino,Casado,Secundaria,True,1,Penitenciario,2026-09-03
4711,30,Masculino,Divorciado,Secundaria,True,3,Penitenciario,2026-09-03
4712,45,Masculino,Soltero,Secundaria,True,1,Penitenciario,2026-09-03
4713,42,Masculino,Soltero,Superior,False,0,Penitenciario,2026-09-03
4714,42,Masculino,Casado,Sin escolaridad,False,0,Penitenciario,2026-09-03
4715,38,Masculino,Casado,Secundaria,True,3,Penitenciario,2026-09-03
4716,37,Masculino,Soltero,Primaria,True,3,Penitenciario,2026-09-03
4717,66,Masculino,Casado,Secundaria,False,0,Penitenciario,2026-09-03
4718,52,Femenino,Casado,Secundaria,True,5,Penitenciario,2026-09-03
4719,46,Femenino,Casado,Secundaria,True,3,Penitenciario,2026-09-03
4720,39,Masculino,Casado,Secundaria,False,0,Penitenciario,2026-09-03
4721,50,Masculino,Soltero,Superior,True,3,Penitenciario,2026-09-03
4722,44,Femenino,Viudo,Secundaria,True,3,Penitenciario,2026-09-03
4723,38,Masculino,Soltero,Secundaria,True,1,Penitenciario,2026-09-03
4724,34,Femenino,Soltero,Primaria,True,4,Penitenciario,2026-09-03
4725,37,Femenino,Soltero,Secundaria,True,4,Penitenciario,2026-09-03
4726,18,Masculino,Soltero,Secundaria,False,0,Penitenciario,2026-09-03
4727,40,Femenino,Soltero,Primaria,True,3,Penitenciario,2026-09-03
4728,32,Femenino,Soltero,Secundaria,False,0,Penitenciario,2026-09-03
4729,57,Masculino,Soltero,Secundaria,False,0,Penitenciario,2026-09-03
4730,38,Masculino,Casado,Secundaria,False,0,Penitenciario,2026-09-03
4731,23,Masculino,Soltero,Secundaria,True,2,Penitenciario,2026-09-03
4732,37,Masculino,Soltero,Secundaria,False,0,Penitenciario,2026-09-03
4733,25,Masculino,Soltero,Primaria,True,5,Penitenciario,2026-09-03
4734,43,Masculino,Soltero,Secundaria,False,0,Penitenciario,2026-09-03
4735,41,Masculino,Soltero,Primaria,True,3,Penitenciario,2026-09-03
4736,49,Femenino,Soltero,Primaria,False,0,Penitenciario,2026-09-03
4737,28,Masculino,Viudo,Sin escolaridad,True,2,Penitenciario,2026-09-03
4738,38,Masculino,Divorciado,Primaria,False,0,Penitenciario,2026-09-03
4739,21,Masculino,Divorciado,Primaria,False,0,Penitenciario,2026-09-03
4740,46,Masculino,Soltero,Sin escolaridad,True,4,Penitenciario,2026-09-03
4741,44,Masculino,Soltero,Primaria,False,0,Penitenciario,2026-09-03
4742,43,Masculino,Soltero,Secundaria,False,0,Penitenciario,2026-09-03
4743,38,Masculino,Casado,Primaria,False,0,Penitenciario,2026-09-03
4744,42,Femenino,Soltero,Secundaria,False,0,Penitenciario,2026-09-03
4745,57,Femenino,Soltero,Técnico,True,2,Penitenciario,2026-09-03
4746,34,Masculino,Soltero,Secundaria,False,0,Penitenciario,2026-09-03
4747,39,Masculino,Soltero,Primaria,True,3,Penitenciario,2026-09-03
4748,24,Masculino,Viudo,Técnico,False,0,Penitenciario,2026-09-03
4749,27,Femenino,Casado,Primaria,False,0,Penitenciario,2026-09-03
4750,39,Masculino,Casado,Primaria,False,0,Penitenciario,2026-09-03
4751,51,Femenino,Soltero,Superior,True,2,Penitenciario,2026-09-03
4752,34,Masculino,Divorciado,Técnico,True,2,Penitenciario,2026-09-03
4753,35,Masculino,Casado,Secundaria,True,4,Penitenciario,2026-09-03
4754,33,Masculino,Divorciado,Secundaria,True,1,Penitenciario,2026-09-03
4755,31,Femenino,Soltero,Secundaria,True,2,Penitenciario,2026-09-03
4756,41,Femenino,Soltero,Primaria,False,0,Penitenciario,2026-09-03
4757,20,Masculino,Casado,Primaria,False,0,Penitenciario,2026-09-03
4758,53,Masculino,Soltero,Secundaria,True,2,Penitenciario,2026-09-03
4759,30,Masculino,Divorciado,Técnico,False,0,Penitenciario,2026-09-03
4760,46,Masculino,Viudo,Sin escolaridad,True,3,Penitenciario,2026-09-03
4761,22,Femenino,Soltero,Secundaria,True,4,Penitenciario,2026-09-03
4762,46,Femenino,Soltero,Primaria,False,0,Penitenciario,2026-09-03
4763,46,Femenino,Soltero,Secundaria,True,3,Penitenciario,2026-09-03
4764,42,Femenino,Divorciado,Secundaria,True,4,Penitenciario,2026-09-03
4765,26,Masculino,Casado,Secundaria,True,3,Penitenciario,2026-09-03
4766,40,Femenino,Soltero,Primaria,False,0,Penitenciario,2026-09-03
4767,23,Femenino,Soltero,Secundaria,True,4,Penitenciario,2026-09-03
4768,34,Masculino,Soltero,Secundaria,False,0,Penitenciario,2026-09-03
4769,50,Femenino,Casado,Primaria,True,2,Penitenciario,2026-09-03
4770,47,Masculino,Soltero,Primaria,False,0,Penitenciario,2026-09-03
4771,38,Femenino,Soltero,Secundaria,True,2,Penitenciario,2026-09-03
4772,26,Masculino,Casado,Secundaria,True,2,Penitenciario,2026-09-03
4773,45,Masculino,Soltero,Primaria,False,0,Penitenciario,2026-09-03
4774,38,Masculino,Soltero,Secundaria,False,0,Penitenciario,2026-09-03
4775,18,Masculino,Soltero,Técnico,True,4,Penitenciario,2026-09-03
4776,47,Masculino,Soltero,Sin escolaridad,False,0,Penitenciario,2026-09-03
4777,37,Masculino,Soltero,Secundaria,False,0,Penitenciario,2026-09-03
4778,52,Masculino,Viudo,Primaria,False,0,Penitenciario,2026-09-03
4779,24,Masculino,Casado,Sin escolaridad,True,4,Penitenciario,2026-09-03
4780,18,Femenino,Divorciado,Primaria,True,3,Penitenciario,2026-09-03
4781,41,Femenino,Divorciado,Secundaria,True,1,Penitenciario,2026-09-03
4782,41,Masculino,Soltero,Secundaria,False,0,Penitenciario,2026-09-03
4783,18,Femenino,Soltero,Primaria,True,2,Penitenciario,2026-09-03
4784,26,Masculino,Soltero,Secundaria,True,3,Penitenciario,2026-09-03
4785,71,Femenino,Casado,Secundaria,True,3,Penitenciario,2026-09-03
4786,34,Masculino,Casado,Primaria,False,0,Penitenciario,2026-09-03
4787,46,Masculino,Soltero,Secundaria,False,0,Penitenciario,2026-09-03
4788,30,Masculino,Soltero,Secundaria,True,3,Penitenciario,2026-09-03
4789,18,Masculino,Soltero,Secundaria,False,0,Penitenciario,2026-09-03
4790,35,Femenino,Soltero,Secundaria,True,1,Penitenciario,2026-09-03
4791,34,Femenino,Divorciado,Primaria,True,4,Penitenciario,2026-09-03
4792,33,Masculino,Soltero,Secundaria,True,4,Penitenciario,2026-09-03
4793,36,Masculino,Divorciado,Primaria,True,3,Penitenciario,2026-09-03
4794,41,Femenino,Soltero,Secundaria,False,0,Penitenciario,2026-09-03
4795,36,Femenino,Casado,Técnico,True,2,Penitenciario,2026-09-03
4796,22,Masculino,Divorciado,Sin escolaridad,False,0,Penitenciario,2026-09-03
4797,43,Masculino,Divorciado,Secundaria,True,5,Penitenciario,2026-09-03
4798,18,Masculino,Soltero,Secundaria,False,0,Penitenciario,2026-09-03
4799,18,Masculino,Soltero,Secundaria,False,0,Penitenciario,2026-09-03
4800,46,Masculino,Soltero,Primaria,False,0,Penitenciario,2026-09-03
4801,44,Masculino,Soltero,Superior,True,3,Penitenciario,2026-09-03
4802,37,Femenino,Casado,Secundaria,True,5,Penitenciario,2026-09-03
4803,21,Masculino,Divorciado,Primaria,False,0,Penitenciario,2026-09-03
4804,29,Femenino,Soltero,Sin escolaridad,True,2,Penitenciario,2026-09-03
4805,34,Femenino,Soltero,Secundaria,True,3,Penitenciario,2026-09-03
4806,18,Femenino,Soltero,Primaria,True,3,Penitenciario,2026-09-03
4807,29,Masculino,Divorciado,Primaria,False,0,Penitenciario,2026-09-03
4808,45,Femenino,Viudo,Secundaria,False,0,Penitenciario,2026-09-03
4809,55,Masculino,Soltero,Secundaria,False,0,Penitenciario,2026-09-03
4810,32,Masculino,Soltero,Secundaria,True,1,Penitenciario,2026-09-03
4811,47,Masculino,Casado,Secundaria,False,0,Penitenciario,2026-09-03
4812,18,Masculino,Casado,Secundaria,False,0,Penitenciario,2026-09-03
4813,45,Femenino,Soltero,Superior,True,2,Penitenciario,2026-09-03
4814,28,Femenino,Divorciado,Primaria,True,3,Penitenciario,2026-09-03
4815,41,Masculino,Viudo,Secundaria,False,0,Penitenciario,2026-09-03
4816,35,Masculino,Soltero,Técnico,True,6,Penitenciario,2026-09-03
4817,53,Masculino,Soltero,Secundaria,True,5,Penitenciario,2026-09-03
4818,27,Masculino,Soltero,Secundaria,True,5,Penitenciario,2026-09-03
4819,45,Femenino,Soltero,Primaria,True,3,Penitenciario,2026-09-03
4820,34,Masculino,Soltero,Secundaria,True,4,Penitenciario,2026-09-03
4821,36,Femenino,Soltero,Secundaria,False,0,Penitenciario,2026-09-03
4822,35,Masculino,Soltero,Secundaria,True,2,Penitenciario,2026-09-03
4823,27,Masculino,Soltero,Superior,False,0,Penitenciario,2026-09-03
4824,37,Masculino,Soltero,Sin escolaridad,False,0,Penitenciario,2026-09-03
4825,37,Masculino,Soltero,Primaria,True,5,Penitenciario,2026-09-03
4826,40,Masculino,Casado,Primaria,False,0,Penitenciario,2026-09-03
4827,39,Femenino,Casado,Secundaria,True,4,Penitenciario,2026-09-03
4828,47,Femenino,Soltero,Primaria,True,3,Penitenciario,2026-09-03
4829,49,Masculino,Soltero,Secundaria,False,0,Penitenciario,2026-09-03
4830,25,Masculino,Casado,Primaria,False,0,Penitenciario,2026-09-03
4831,48,Masculino,Soltero,Secundaria,True,2,Penitenciario,2026-09-03
4832,23,Masculino,Viudo,Primaria,True,3,Penitenciario,2026-09-03
4833,45,Masculino,Soltero,Técnico,False,0,Penitenciario,2026-09-03
4834,45,Masculino,Casado,Secundaria,False,0,Penitenciario,2026-09-03
4835,18,Femenino,Soltero,Técnico,True,5,Penitenciario,2026-09-03
4836,39,Femenino,Casado,Secundaria,True,4,Penitenciario,2026-09-03
4837,32,Femenino,Divorciado,Primaria,True,3,Penitenciario,2026-09-03
4838,28,Masculino,Divorciado,Primaria,True,3,Penitenciario,2026-09-03
4839,54,Femenino,Viudo,Superior,True,2,Penitenciario,2026-09-03
4840,30,Masculino,Soltero,Secundaria,True,6,Penitenciario,2026-09-03
4841,28,Masculino,Soltero,Sin escolaridad,True,4,Penitenciario,2026-09-03
4842,38,Femenino,Soltero,Secundaria,True,3,Penitenciario,2026-09-03
4843,46,Masculino,Soltero,Secundaria,False,0,Penitenciario,2026-09-03
4844,36,Masculino,Soltero,Primaria,False,0,Penitenciario,2026-09-03
4845,51,Femenino,Divorciado,Primaria,True,3,Penitenciario,2026-09-03
4846,44,Femenino,Divorciado,Secundaria,True,5,Penitenciario,2026-09-03
4847,18,Femenino,Soltero,Primaria,False,0,Penitenciario,2026-09-03
4848,31,Masculino,Soltero,Primaria,True,4,Penitenciario,2026-09-03
4849,31,Masculino,Soltero,Primaria,False,0,Penitenciario,2026-09-03
4850,43,Femenino,Casado,Primaria,True,2,Penitenciario,2026-09-03
4851,18,Masculino,Soltero,Secundaria,False,0,Penitenciario,2026-09-03
4852,68,Masculino,Divorciado,Sin escolaridad,False,0,Penitenciario,2026-09-03
4853,44,Masculino,Casado,Primaria,False,0,Penitenciario,2026-09-03
4854,39,Masculino,Casado,Técnico,True,3,Penitenciario,2026-09-03
4855,52,Masculino,Soltero,Primaria,True,4,Penitenciario,2026-09-03
4856,66,Masculino,Soltero,Secundaria,True,2,Penitenciario,2026-09-03
4857,48,Masculino,Divorciado,Secundaria,False,0,Penitenciario,2026-09-03
4858,49,Masculino,Casado,Secundaria,False,0,Penitenciario,2026-09-03
4859,39,Masculino,Viudo,Secundaria,False,0,Penitenciario,2026-09-03
4860,36,Masculino,Soltero,Primaria,False,0,Penitenciario,2026-09-03
4861,32,Femenino,Casado,Técnico,True,1,Penitenciario,2026-09-03
4862,28,Masculino,Soltero,Secundaria,False,0,Penitenciario,2026-09-03
4863,29,Masculino,Casado,Secundaria,True,1,Penitenciario,2026-09-03
4864,21,Femenino,Casado,Primaria,True,2,Penitenciario,2026-09-03
4865,37,Masculino,Casado,Sin escolaridad,False,0,Penitenciario,2026-09-03
4866,18,Masculino,Casado,Secundaria,True,1,Penitenciario,2026-09-03
4867,40,Masculino,Soltero,Técnico,False,0,Penitenciario,2026-09-03
4868,37,Femenino,Viudo,Secundaria,True,3,Penitenciario,2026-09-03
4869,39,Femenino,Viudo,Primaria,True,2,Penitenciario,2026-09-03
4870,31,Femenino,Soltero,Primaria,True,2,Penitenciario,2026-09-03
4871,74,Femenino,Divorciado,Secundaria,True,1,Penitenciario,2026-09-03
4872,54,Masculino,Soltero,Secundaria,True,2,Penitenciario,2026-09-03
4873,23,Masculino,Casado,Primaria,True,2,Penitenciario,2026-09-03
4874,40,Masculino,Soltero,Sin escolaridad,False,0,Penitenciario,2026-09-03
4875,30,Masculino,Viudo,Secundaria,True,2,Penitenciario,2026-09-03
4876,25,Femenino,Soltero,Secundaria,True,6,Penitenciario,2026-09-03
4877,21,Masculino,Soltero,Secundaria,False,0,Penitenciario,2026-09-03
4878,43,Masculino,Soltero,Secundaria,True,3,Penitenciario,2026-09-03
4879,29,Femenino,Soltero,Secundaria,False,0,Penitenciario,2026-09-03
4880,49,Masculino,Casado,Primaria,True,3,Penitenciario,2026-09-03
4881,49,Masculino,Soltero,Secundaria,True,3,Penitenciario,2026-09-03
4882,54,Masculino,Casado,Superior,True,4,Penitenciario,2026-09-03
4883,27,Masculino,Viudo,Técnico,True,2,Penitenciario,2026-09-03
4884,43,Masculino,Casado,Técnico,True,2,Penitenciario,2026-09-03
4885,45,Masculino,Divorciado,Primaria,True,3,Penitenciario,2026-09-03
4886,32,Masculino,Soltero,Secundaria,True,1,Penitenciario,2026-09-03
4887,28,Femenino,Soltero,Técnico,True,6,Penitenciario,2026-09-03
4888,57,Femenino,Soltero,Secundaria,False,0,Penitenciario,2026-09-03
4889,40,Masculino,Soltero,Primaria,False,0,Penitenciario,2026-09-03
4890,45,Masculino,Divorciado,Superior,True,3,Penitenciario,2026-09-03
4891,28,Femenino,Soltero,Secundaria,False,0,Penitenciario,2026-09-03
4892,23,Femenino,Divorciado,Primaria,True,3,Penitenciario,2026-09-03
4893,31,Masculino,Soltero,Primaria,False,0,Penitenciario,2026-09-03
4894,36,Masculino,Casado,Secundaria,True,2,Penitenciario,2026-09-03
4895,25,Femenino,Soltero,Secundaria,False,0,Penitenciario,2026-09-03
4896,37,Masculino,Soltero,Primaria,False,0,Penitenciario,2026-09-03
4897,18,Masculino,Casado,Secundaria,True,1,Penitenciario,2026-09-03
4898,24,Masculino,Soltero,Secundaria,False,0,Penitenciario,2026-09-03
4899,46,Masculino,Casado,Secundaria,True,5,Penitenciario,2026-09-03
4900,45,Masculino,Soltero,Primaria,True,1,Penitenciario,2026-09-03
4901,33,Masculino,Soltero,Secundaria,True,3,Penitenciario,2026-09-03
4902,25,Femenino,Divorciado,Sin escolaridad,False,0,Penitenciario,2026-09-03
4903,25,Masculino,Soltero,Primaria,True,5,Penitenciario,2026-09-03
4904,33,Masculino,Casado,Secundaria,False,0,Penitenciario,2026-09-03
4905,45,Masculino,Soltero,Secundaria,True,4,Penitenciario,2026-09-03
4906,49,Femenino,Casado,Secundaria,True,3,Penitenciario,2026-09-03
4907,32,Masculino,Soltero,Sin escolaridad,True,2,Penitenciario,2026-09-03
4908,24,Masculino,Soltero,Secundaria,False,0,Penitenciario,2026-09-03
4909,41,Masculino,Soltero,Secundaria,True,4,Penitenciario,2026-09-03
4910,28,Femenino,Soltero,Técnico,True,4,Penitenciario,2026-09-03
4911,31,Masculino,Soltero,Técnico,False,0,Penitenciario,2026-09-03
4912,53,Masculino,Casado,Primaria,True,1,Penitenciario,2026-09-03
4913,47,Masculino,Casado,Primaria,True,1,Penitenciario,2026-09-03
4914,39,Femenino,Soltero,Primaria,True,2,Penitenciario,2026-09-03
4915,22,Masculino,Soltero,Secundaria,True,3,Penitenciario,2026-09-03
4916,40,Femenino,Soltero,Sin escolaridad,True,8,Penitenciario,2026-09-03
4917,50,Femenino,Soltero,Primaria,False,0,Penitenciario,2026-09-03
4918,33,Femenino,Soltero,Secundaria,True,2,Penitenciario,2026-09-03
4919,54,Masculino,Soltero,Primaria,False,0,Penitenciario,2026-09-03
4920,53,Femenino,Viudo,Primaria,True,3,Penitenciario,2026-09-03
4921,57,Masculino,Casado,Secundaria,False,0,Penitenciario,2026-09-03
4922,41,Masculino,Soltero,Primaria,True,3,Penitenciario,2026-09-03
4923,45,Femenino,Soltero,Secundaria,True,2,Penitenciario,2026-09-03
4924,54,Masculino,Casado,Superior,True,3,Penitenciario,2026-09-03
4925,43,Masculino,Soltero,Primaria,True,3,Penitenciario,2026-09-03
4926,31,Masculino,Casado,Secundaria,False,0,Penitenciario,2026-09-03
4927,32,Masculino,Divorciado,Técnico,False,0,Penitenciario,2026-09-03
4928,40,Masculino,Soltero,Técnico,False,0,Penitenciario,2026-09-03
4929,22,Femenino,Soltero,Secundaria,True,1,Penitenciario,2026-09-03
4930,36,Femenino,Casado,Secundaria,True,1,Penitenciario,2026-09-03
4931,51,Masculino,Viudo,Primaria,False,0,Penitenciario,2026-09-03
4932,18,Masculino,Soltero,Secundaria,True,3,Penitenciario,2026-09-03
4933,56,Femenino,Casado,Superior,True,3,Penitenciario,2026-09-03
4934,51,Masculino,Soltero,Secundaria,True,1,Penitenciario,2026-09-03
4935,32,Masculino,Soltero,Secundaria,False,0,Penitenciario,2026-09-03
4936,44,Masculino,Casado,Primaria,True,4,Penitenciario,2026-09-03
4937,38,Masculino,Divorciado,Secundaria,False,0,Penitenciario,2026-09-03
4938,52,Masculino,Casado,Secundaria,True,4,Penitenciario,2026-09-03
4939,49,Masculino,Casado,Secundaria,False,0,Penitenciario,2026-09-03
4940,21,Masculino,Soltero,Sin escolaridad,False,0,Penitenciario,2026-09-03
4941,45,Masculino,Soltero,Secundaria,True,5,Penitenciario,2026-09-03
4942,35,Masculino,Soltero,Secundaria,False,0,Penitenciario,2026-09-03
4943,38,Femenino,Soltero,Primaria,False,0,Penitenciario,2026-09-03
4944,29,Femenino,Casado,Primaria,True,3,Penitenciario,2026-09-03
4945,58,Masculino,Soltero,Primaria,True,3,Penitenciario,2026-09-03
4946,50,Masculino,Casado,Secundaria,False,0,Penitenciario,2026-09-03
4947,29,Femenino,Casado,Secundaria,True,4,Penitenciario,2026-09-03
4948,21,Masculino,Soltero,Secundaria,False,0,Penitenciario,2026-09-03
4949,33,Femenino,Soltero,Primaria,True,5,Penitenciario,2026-09-03
4950,43,Masculino,Casado,Técnico,False,0,Penitenciario,2026-09-03
4951,40,Femenino,Viudo,Secundaria,True,2,Penitenciario,2026-09-03
4952,53,Masculino,Casado,Secundaria,False,0,Penitenciario,2026-09-03
4953,47,Masculino,Soltero,Primaria,True,3,Penitenciario,2026-09-03
4954,49,Femenino,Soltero,Primaria,False,0,Penitenciario,2026-09-03
4955,41,Masculino,Soltero,Superior,False,0,Penitenciario,2026-09-03
4956,21,Masculino,Soltero,Primaria,False,0,Penitenciario,2026-09-03
4957,35,Masculino,Casado,Primaria,False,0,Penitenciario,2026-09-03
4958,50,Femenino,Casado,Primaria,False,0,Penitenciario,2026-09-03
4959,37,Masculino,Soltero,Secundaria,True,2,Penitenciario,2026-09-03
4960,44,Masculino,Soltero,Primaria,True,7,Penitenciario,2026-09-03
4961,34,Masculino,Soltero,Primaria,True,2,Penitenciario,2026-09-03
4962,25,Masculino,Divorciado,Secundaria,True,8,Penitenciario,2026-09-03
4963,36,Masculino,Soltero,Secundaria,True,3,Penitenciario,2026-09-03
4964,41,Masculino,Casado,Secundaria,True,3,Penitenciario,2026-09-03
4965,30,Masculino,Soltero,Secundaria,True,6,Penitenciario,2026-09-03
4966,35,Masculino,Casado,Secundaria,False,0,Penitenciario,2026-09-03
4967,26,Masculino,Soltero,Secundaria,False,0,Penitenciario,2026-09-03
4968,51,Masculino,Soltero,Secundaria,False,0,Penitenciario,2026-09-03
4969,34,Masculino,Casado,Primaria,True,3,Penitenciario,2026-09-03
4970,55,Masculino,Soltero,Secundaria,True,3,Penitenciario,2026-09-03
4971,56,Femenino,Soltero,Primaria,True,3,Penitenciario,2026-09-03
4972,37,Masculino,Soltero,Primaria,True,4,Penitenciario,2026-09-03
4973,25,Femenino,Soltero,Técnico,True,3,Penitenciario,2026-09-03
4974,18,Masculino,Soltero,Secundaria,True,1,Penitenciario,2026-09-03
4975,20,Masculino,Casado,Secundaria,False,0,Penitenciario,2026-09-03
4976,21,Masculino,Divorciado,Técnico,False,0,Penitenciario,2026-09-03
4977,54,Masculino,Soltero,Superior,True,2,Penitenciario,2026-09-03
4978,39,Femenino,Soltero,Secundaria,True,3,Penitenciario,2026-09-03
4979,42,Femenino,Soltero,Secundaria,False,0,Penitenciario,2026-09-03
4980,18,Femenino,Soltero,Secundaria,False,0,Penitenciario,2026-09-03
4981,23,Masculino,Soltero,Primaria,False,0,Penitenciario,2026-09-03
4982,48,Masculino,Casado,Primaria,False,0,Penitenciario,2026-09-03
4983,41,Masculino,Soltero,Secundaria,True,4,Penitenciario,2026-09-03
4984,36,Femenino,Soltero,Primaria,False,0,Penitenciario,2026-09-03
4985,44,Masculino,Divorciado,Primaria,True,3,Penitenciario,2026-09-03
4986,57,Masculino,Divorciado,Primaria,True,2,Penitenciario,2026-09-03
4987,35,Masculino,Viudo,Secundaria,True,4,Penitenciario,2026-09-03
4988,38,Masculino,Casado,Superior,True,5,Penitenciario,2026-09-03
4989,40,Femenino,Divorciado,Secundaria,False,0,Penitenciario,2026-09-03
4990,66,Masculino,Soltero,Secundaria,False,0,Penitenciario,2026-09-03
4991,18,Masculino,Soltero,Superior,True,1,Penitenciario,2026-09-03
4992,46,Masculino,Soltero,Técnico,True,2,Penitenciario,2026-09-03
4993,36,Femenino,Casado,Secundaria,True,2,Penitenciario,2026-09-03
4994,44,Masculino,Divorciado,Técnico,True,2,Penitenciario,2026-09-03
4995,30,Femenino,Soltero,Secundaria,True,3,Penitenciario,2026-09-03
4996,37,Masculino,Casado,Primaria,False,0,Penitenciario,2026-09-03
4997,46,Femenino,Casado,Primaria,True,4,Penitenciario,2026-09-03
4998,75,Femenino,Divorciado,Secundaria,True,5,Penitenciario,2026-09-03
4999,47,Masculino,Casado,Secundaria,False,0,Penitenciario,2026-09-03
5000,27,Masculino,Viudo,Secundaria,True,2,Penitenciario,2026-09-03
